[[2027 0 0 0 0 0 0 0 0 0 0 0 0 0 0 0 0 0 0 0 0 0 0 0 0 0 0 0 0 0 0 0 0 0 0 0 0 0 0 0 0 0 0 0 0 0 0 0 0 0 0 0 0 0 0 0 0 0 0 0 0 0 0 0 0 0 0 0 0 0 0 0 0 0 0 0 0 0 0 0 0 0 0 0 0 0 0 0 0 0 0 0 0 0 0 0 0 0 0 0 0 0 0 0 0 0 0 0 0 0 0 0 0 0 0 0 0 0 0 0 0 0 0 0 0 0 0 0 0 0 0 0 0 0 0 0 0 0 0 0 0 0 0 0 0 0 0 0 0 0 0 0 0 0 0 0 0 0 0 0 0 0 0 0 0 0 0 0 0 0 0 0 0 0 0 0 0 0 0 0 0 0 0 0 0 0 0 0 0 0 0 0 0 0 0 0 0 0 0 0 0 0 0 0 0 0 0 0 0 0 0 0 0]
[0 2027 0 0 0 0 0 0 0 0 0 0 0 0 0 0 0 0 0 0 0 0 0 0 0 0 0 0 0 0 0 0 0 0 0 0 0 0 0 0 0 0 0 0 0 0 0 0 0 0 0 0 0 0 0 0 0 0 0 0 0 0 0 0 0 0 0 0 0 0 0 0 0 0 0 0 0 0 0 0 0 0 0 0 0 0 0 0 0 0 0 0 0 0 0 0 0 0 0 0 0 0 0 0 0 0 0 0 0 0 0 0 0 0 0 0 0 0 0 0 0 0 0 0 0 0 0 0 0 0 0 0 0 0 0 0 0 0 0 0 0 0 0 0 0 0 0 0 0 0 0 0 0 0 0 0 0 0 0 0 0 0 0 0 0 0 0 0 0 0 0 0 0 0 0 0 0 0 0 0 0 0 0 0 0 0 0 0 0 0 0 0 0 0 0 0 0 0 0 0 0 0 0 0 0 0 0 0 0 0 0 0 0]
[0 0 2027 0 0 0 0 0 0 0 0 0 0 0 0 0 0 0 0 0 0 0 0 0 0 0 0 0 0 0 0 0 0 0 0 0 0 0 0 0 0 0 0 0 0 0 0 0 0 0 0 0 0 0 0 0 0 0 0 0 0 0 0 0 0 0 0 0 0 0 0 0 0 0 0 0 0 0 0 0 0 0 0 0 0 0 0 0 0 0 0 0 0 0 0 0 0 0 0 0 0 0 0 0 0 0 0 0 0 0 0 0 0 0 0 0 0 0 0 0 0 0 0 0 0 0 0 0 0 0 0 0 0 0 0 0 0 0 0 0 0 0 0 0 0 0 0 0 0 0 0 0 0 0 0 0 0 0 0 0 0 0 0 0 0 0 0 0 0 0 0 0 0 0 0 0 0 0 0 0 0 0 0 0 0 0 0 0 0 0 0 0 0 0 0 0 0 0 0 0 0 0 0 0 0 0 0 0 0 0 0 0 0]
[0 0 0 2027 0 0 0 0 0 0 0 0 0 0 0 0 0 0 0 0 0 0 0 0 0 0 0 0 0 0 0 0 0 0 0 0 0 0 0 0 0 0 0 0 0 0 0 0 0 0 0 0 0 0 0 0 0 0 0 0 0 0 0 0 0 0 0 0 0 0 0 0 0 0 0 0 0 0 0 0 0 0 0 0 0 0 0 0 0 0 0 0 0 0 0 0 0 0 0 0 0 0 0 0 0 0 0 0 0 0 0 0 0 0 0 0 0 0 0 0 0 0 0 0 0 0 0 0 0 0 0 0 0 0 0 0 0 0 0 0 0 0 0 0 0 0 0 0 0 0 0 0 0 0 0 0 0 0 0 0 0 0 0 0 0 0 0 0 0 0 0 0 0 0 0 0 0 0 0 0 0 0 0 0 0 0 0 0 0 0 0 0 0 0 0 0 0 0 0 0 0 0 0 0 0 0 0 0 0 0 0 0 0]
[-728 271 313 -265 -174 98 -256 151 -90 -133 4 70 -349 -70 28 -36 -89 78 97 -28 27 109 -141 -33 -9 -188 -90 44 21 -75 55 -206 88 -206 179 -79 -67 -97 114 100 -159 -26 93 -62 179 137 -178 -106 51 42 125 -283 8 205 106 -104 -120 -5 -110 108 105 -264 144 -74 232 -67 -241 84 -67 -103 -246 -133 50 -104 -92 -110 135 149 183 -351 -149 12 -100 -33 79 -12 -241 -11 -96 109 -101 -135 3 159 -252 89 195 270 72 -134 -81 -134 -33 -226 -179 -87 138 -181 -131 -285 -136 -190 -100 90 -202 163 -145 72 134 34 124 252 -149 16 18 26 -139 -38 37 -90 -240 16 -27 -114 -268 43 115 -83 44 -19 125 -286 126 -74 44 134 79 -50 140 90 -184 -189 -193 66 35 343 -172 -47 35 -39 54 -101 320 4 149 104 43 103 -82 197 37 -34 115 3 -167 -417 -76 51 -67 -6 -162 -171 39 44 -77 7 -168 -102 190 -38 155 87 -11 264 170 164 56 164 -185 45 -225 18 164 93 -88 69 -28 54 -212 260 90 28 -70.94499999999999999999667674199218496421]
[-573 -775 -378 -483 -228 -120 30 75 -177 47 -100 92 -76 -6 27 144 -190 -61 257 -76 -110 221 -69 -10 -49 -107 110 57 -219 -56 160 -130 -165 189 221 68 156 -150 -61 93 -229 -21 27 44 -3 -125 77 146 117 67 7 -250 -3 3 -115 -172 -68 -12 250 87 189 -239 -5 -388 -120 176 -371 -157 66 -5 112 -181 123 -311 -203 94 125 0 212 20 -52 -137 -232 62 61 -24 -193 197 -59 214 30 181 3 -36 -262 0 -95 15 -75 -238 -172 -260 125 -170 -146 77 32 -70 23 -123 38 -103 117 139 212 -133 -146 -89 221 94 -9 305 -85 284 83 215 -52 7 132 -4 100 208 119 93 45 -35 -14 -308 -8 -53 111 76 21 -53 89 264 -91 -310 -173 267 -394 -79 32 7 -54 129 -139 253 333 22 -42 34 172 -88 111 -113 91 52 29 201 136 204 316 -169 -27 -89 -196 202 -138 -67 -15 -204 182 -56 110 -93 -48 -135 254 -47 220 163 182 213 103 25 -7 -189 -164 10 -66 -32 149 120 86 -22 -97 215 -120 57 7 108 -0.1489827609958120586418682209555244821964e-20]
[72 -950 -610 809 -247 -188 -78 -1 89 -6 79 -10 -121 191 -32 -120 119 -97 -66 214 -160 -214 112 135 5 81 -96 -27 87 -100 49 -191 69 -219 135 -157 -286 118 -122 1 66 40 7 68 -47 59 -21 -60 -334 -120 56 101 -4 -9 -195 162 283 -111 130 52 -266 211 45 346 -19 -63 327 46 103 -26 -57 -121 -170 -56 -99 47 -192 -31 -365 48 225 430 108 -358 171 208 215 -73 -24 -186 26 30 204 145 102 -44 66 -33 -47 -59 144 -72 134 292 26 128 188 21 38 23 10 68 -89 -72 -104 -40 37 -49 -46 347 -99 17 -230 -239 -92 -117 149 -218 2 -43 117 133 -140 22 56 -6 -79 274 -40 -99 17 -146 -60 256 -28 26 41 -36 44 -202 361 -31 98 -36 -66 -110 219 -203 33 88 173 147 -150 -76 -136 -132 -55 -191 -163 91 132 -6 -114 -85 202 346 -49 111 -139 60 -226 36 15 -66 67 93 129 -107 -116 -119 14 5 -109 -187 -22 -294 -128 189 255 27 339 134 -78 83 147 -101 260 62 256 -68 16 17 -0.1771476752029066148920753492532198514198e-20]
[-412 643 1012 -922 5 -353 184 -85 23 144 111 64 -178 -47 42 38 -59 -94 36 -24 102 5 -180 54 -70 -41 -232 29 -203 -17 -64 -65 62 -189 128 -84 -167 220 181 1 12 160 -76 -40 -23 7 -4 95 82 -153 -21 191 -31 -293 80 7 -94 -42 -115 152 -53 -5 -48 82 142 -195 48 127 28 256 17 -159 68 -84 -187 -138 -9 33 -76 -2 116 79 123 -54 206 -20 -31 -134 16 -271 -203 -30 145 269 149 -254 333 -329 15 -157 85 -274 -161 -27 -24 17 -225 -216 36 70 -84 96 -134 130 55 16 146 38 100 -38 199 -265 -244 70 79 -38 65 143 33 108 -102 72 -251 20 108 108 -130 68 -35 85 81 -124 8 143 283 -325 137 -24 176 6 312 -3 5 -200 -177 227 64 81 79 -89 -24 196 -212 -2 -138 -233 -294 125 110 -12 -19 -20 -191 -256 94 -3 206 -123 -204 38 -248 -48 58 -8 -13 73 -82 -71 -30 -94 -133 48 -260 -25 -64 31 -353 194 -63 9 118 75 -21 6 -22 -38 -94 -122 97 -281 -102 43 70.94499999999999999999619867640542873076]
[-721 -312 -207 386 -179 -226 -11 61 53 106 318 -20 -95 137 -97 110 46 85 276 179 17 -85 -225 14 -36 -180 -56 127 -61 -94 158 -231 -115 -231 140 50 -166 179 -144 101 -205 -60 35 -1 95 -201 -145 -139 52 -153 40 -112 -49 -313 155 -27 -132 -129 179 -168 31 -76 75 164 -243 32 61 183 109 -109 69 -255 189 -39 -215 -142 -146 -76 -241 -58 -85 128 39 -209 245 -55 -92 -40 -111 -178 -69 -35 171 17 68 -168 161 -78 -31 -90 -3 -236 110 -231 -64 211 5 23 -304 -87 86 -114 -16 -88 -234 -49 82 -269 33 199 -138 294 -77 -160 -59 143 34 -72 76 -3 -146 90 94 77 54 -51 149 -135 3 -223 195 -119 -84 -177 193 195 -86 34 42 1 115 -14 -124 -36 131 105 65 -364 227 -43 6 -182 -43 -138 -120 -41 -69 50 84 -129 -74 155 128 -265 73 -41 -340 143 -242 -173 -256 -151 113 -267 -202 123 -29 -147 89 117 224 -118 48 -45 126 -65 -175 105 304 -66 206 83 206 109 229 132 337 165 203 -104 79 45 -283.7800000000000000000040216528038578932]
[450 50 910 916 -92 3 -112 -16 -47 -4 -71 46 143 -28 -201 60 113 -59 35 -52 -53 -250 -96 183 -81 199 -48 4 -58 -145 2 102 -139 -51 -110 -1 105 143 52 183 86 40 -172 -115 97 149 16 56 57 201 216 148 133 -70 -124 150 170 65 64 -215 -147 229 -191 -9 -137 -161 80 51 -47 45 177 -19 117 -23 1 -18 -125 -176 -208 -1 165 -36 2 -158 -13 83 -109 180 76 -325 -42 -49 169 113 80 60 129 -131 115 -28 -194 -80 -52 130 71 -158 -238 136 63 -78 -251 180 -238 -73 224 12 323 -292 82 95 -49 -191 -154 -88 137 -149 -122 17 25 98 -89 149 -209 85 244 -36 -194 7 -5 309 61 -39 3 259 -22 -299 16 29 28 160 21 60 287 -218 -73 28 -309 -109 17 75 265 -41 -329 205 -170 -132 -297 45 118 -33 125 -125 -396 -139 -40 296 180 259 -61 282 -181 -83 -103 172 -19 225 -217 -106 -55 159 -51 -85 -176 -1 70 -60 -151 128 210 36 110 -49 -36 -143 49 -142 -236 28 -17 -222 189 -108 70.94499999999999999999410601219691386673]
[636 864 -759 -901 77 115 23 -13 199 -103 128 -138 -512 -9 162 -381 -225 104 -352 145 -112 104 6 -115 238 37 -49 202 135 89 -27 45 -34 98 52 -135 55 -51 112 -109 39 -247 -27 143 148 -82 94 -224 -114 -144 -61 3 -201 187 -41 179 55 -195 -250 6 -84 -46 -52 412 475 -40 212 140 -19 -55 -131 18 -222 56 123 -168 -57 -47 67 -181 -2 60 -309 19 122 -12 -184 -259 -180 94 -121 -155 -170 -103 -64 230 65 189 -42 -221 379 110 -69 13 -128 -4 214 -38 166 -79 33 -278 -273 -63 -140 251 -132 310 -293 -36 10 129 -141 115 -268 9 185 -52 -336 36 44 -187 -91 -154 10 66 139 229 -9 -149 51 -143 116 -25 113 204 111 51 141 -60 50 -265 -240 -65 173 264 -28 -28 -71 -114 227 27 155 -5 -15 -155 97 -63 -246 98 -15 -240 -39 231 -6 -92 -96 -168 -30 -26 4 183 -37 -22 -158 -87 51 298 79 -243 -149 -23 259 -24 -98 -65 70 8 -141 306 -205 9 -13 261 -192 -188 122 11 171 335 214 -16 70.94500000000000000001112867577007426888]
[305 325 298 309 117 4 12 -183 47 56 106 -96 71 -26 -5 -133 -50 55 -217 111 -15 -113 113 -228 -3 -47 -21 -71 198 294 -54 406 65 35 -211 -5 -43 -95 -56 149 57 -131 61 144 53 -23 156 -114 26 -1 -83 -233 -15 -4 -71 -180 198 71 -57 12 87 8 -126 230 127 266 135 16 36 -7 15 229 -24 129 96 15 -197 -89 178 289 -90 -63 -244 -102 81 9 -24 -119 -132 428 2 -230 -349 -8 175 72 -407 81 111 156 -41 20 -286 -47 50 -6 -37 94 -125 -36 -104 -95 -57 -10 -171 -37 -225 321 -244 25 3 261 21 -144 130 81 26 167 151 145 225 -13 90 -241 13 30 144 10 -43 189 -103 -113 -43 -59 132 -101 -75 76 60 162 -41 -34 -123 22 226 -57 -243 -93 87 -193 306 38 130 -14 -64 -147 72 60 -6 -162 18 -192 198 239 -59 127 55 -363 257 -104 123 286 -174 251 -69 -124 55 162 -102 -12 -360 -19 -84 67 29 -211 302 -113 -170 194 -131 35 -47 -181 -113 -93 -132 -168 92 -29 147 -170 141.8900000000000000000140410109443054959]
[-730 -108 767 406 107 63 109 -250 16 -37 -145 64 -160 -403 241 -26 -209 112 -111 -58 102 285 -20 71 213 -102 -193 24 32 109 -180 187 70 -214 251 15 -31 43 260 -314 -114 391 202 -115 24 153 -34 299 305 -27 127 -45 -34 294 315 132 -102 105 -237 453 -51 -325 206 -249 218 -248 -271 49 -127 91 -260 -9 -51 -55 -103 104 250 282 260 -548 -83 -160 145 164 -360 71 -256 -176 159 -175 114 -232 13 232 -223 -83 281 -112 -1 -24 132 326 -238 -101 -216 -324 -211 -283 336 -61 -163 164 180 165 -275 302 28 213 282 -393 166 -270 -168 115 40 -171 -72 34 -310 -16 117 150 -31 22 -120 -11 -120 22 -271 83 6 -119 206 -43 127 -170 246 242 95 -160 46 -86 19 -7 -349 387 172 222 -105 48 -446 209 46 131 258 74 -71 103 -47 161 -36 -5 -147 124 -147 -398 191 -39 93 12 12 -167 -216 64 -6 -13 -34 139 245 -220 108 -88 -104 151 -30 296 -88 35 -324 -20 31 -201 -255 207 -180 84 -56 -177 -168 196 -181 22 -0.4752567370626672991303056206352419671424e-20]
[-191 539 808 -982 -289 -133 33 38 -32 -8 -170 137 -17 15 -3 184 197 11 270 360 -52 29 -285 96 39 -38 9 173 47 104 174 -237 -29 -417 382 -174 -199 -12 98 33 -135 69 197 59 -100 -153 -14 56 -68 -255 -107 -414 25 162 -133 -110 151 -16 305 135 -29 -150 237 -88 -262 155 -160 68 -103 -111 -383 -172 -64 -345 -284 308 183 282 23 -206 -120 106 85 19 59 13 -233 -90 254 64 -77 -42 -23 364 -48 2 219 72 -253 -349 225 31 -12 -54 -146 8 11 -151 28 -185 31 -40 319 -4 -329 -9 -32 -80 252 87 92 186 -370 -158 162 106 120 -159 122 -116 52 76 282 98 144 263 112 90 -104 -95 -183 -155 -27 79 -62 25 65 -169 53 -76 -18 -145 -51 124 -154 -195 157 50 183 265 -155 -17 257 -48 102 192 -152 15 -64 159 212 254 107 40 36 35 58 59 -88 -42 -207 -167 -171 -176 67 109 316 21 328 -150 173 235 -279 161 1 -145 -86 17 99 -21 -73 242 13 136 17 116 57 147 -64 -49 -172 172 -283.7800000000000000000028835775899619996]
[722 -908 -583 -949 9 121 32 107 -73 106 -151 -60 -202 -195 249 -160 -113 -119 -85 7 -42 103 13 -142 160 -59 113 170 63 -17 263 198 74 -6 -93 29 -155 -251 -5 136 -30 -17 54 98 13 145 -32 213 219 128 -53 -329 210 432 9 -133 -139 42 319 -108 254 -265 19 -119 -37 176 -402 -70 -5 -17 -53 -59 135 -121 -255 107 47 163 329 -192 -133 -303 -241 244 -165 247 -420 -97 -2 287 143 -279 -253 103 -114 144 -183 88 -147 135 -341 79 -158 -335 -193 -331 0 -126 -69 -232 -87 -63 258 -128 -124 -36 -73 166 217 -50 -114 -252 10 198 63 163 -93 -227 -168 21 201 132 409 -195 -22 210 18 -174 -92 19 -139 -103 43 -221 -96 -55 78 296 104 377 -372 58 -103 207 178 -29 6 75 49 89 -37 -99 449 -63 52 167 105 22 -150 -19 -213 -76 103 306 -373 -208 6 29 -128 -100 -103 176 -173 34 -102 -134 6 170 357 -119 52 -1 -191 258 151 170 260 -103 46 55 -232 173 66 -9 107 52 -165 -33 -221 340 -80 -12 -70.94499999999999999999751200738140922512]
[199 -834 -896 -547 -12 -202 231 -281 27 -87 -98 -45 236 -203 237 316 107 5 34 80 -198 42 13 44 58 -146 37 -133 73 168 -186 -68 74 -47 217 186 -114 26 -113 -69 243 314 329 -36 -589 107 190 -7 -169 -126 44 -97 73 68 18 -140 295 365 187 247 -56 76 -11 -61 -57 26 39 -124 -117 -241 -254 238 -158 76 -165 286 -66 243 -48 84 -299 31 56 77 -216 -54 187 8 134 159 246 192 -45 112 86 -20 -423 91 82 87 315 110 91 262 -70 59 63 22 101 109 149 12 355 -34 77 262 -27 187 -10 111 -74 203 10 165 86 70 51 -339 9 -59 185 143 -232 142 -66 -118 -40 26 -54 143 5 75 -162 -64 -368 82 0 -110 -262 26 90 101 199 46 2 -355 209 247 87 99 -349 257 -41 -177 152 346 103 -15 92 -73 80 254 536 118 112 176 -2 -105 246 -272 114 129 -280 -26 -110 -130 298 -37 -162 -204 -5 3 -50 -200 -121 22 80 -191 110 3 173 -91 -63 29 57 41 -71 133 92 -3 -125 59 -0.153878272739255165350273437427190692528e-20]
[820 -887 -511 810 -353 -16 -192 -1 -64 -181 -289 86 -334 3 103 -159 68 429 -88 142 0 -34 -47 25 140 54 -114 243 183 -227 104 -202 2 -96 52 -250 38 -33 320 10 -8 -203 157 117 336 305 102 -94 -303 -107 111 -252 50 135 -81 384 258 -50 -123 50 -179 101 -183 125 78 43 40 -28 -274 -407 -288 -4 23 -286 -79 92 -79 -160 -111 -226 -6 123 -276 -72 -280 16 -430 72 173 -242 -70 -172 180 238 -291 318 -115 347 17 -521 314 8 -183 36 -213 -309 -40 -9 11 -331 -231 -107 -8 43 10 162 149 4 62 100 -81 205 -350 74 61 -145 63 -64 -349 -122 -36 137 -177 107 124 23 -159 202 -235 196 -161 52 -71 363 -375 -43 174 18 105 159 16 -238 82 -99 -101 181 -169 113 380 4 204 -137 -36 74 26 22 36 -6 -224 210 347 -241 -285 21 77 62 42 75 34 7 -73 -26 -218 193 -39 327 55 -26 171 -69 229 -70 44 214 91 -172 -186 -12 43 219 -167 153 -110 165 99 -251 -186 201 12 150 453 -55 -0.2125385653992452261088050204790311781267e-20]
[418 -699 -653 321 159 -297 366 -282 112 101 143 -54 301 -337 -13 17 -15 -225 18 339 55 251 -267 32 45 -249 -24 31 24 569 -234 79 -124 -252 256 308 131 59 -178 -45 207 234 332 -14 -125 -442 115 58 144 -419 -17 -246 -16 -106 154 -225 -22 292 -10 278 -60 -191 8 -143 -120 -59 41 34 23 -205 -172 208 -14 -139 135 153 -19 324 41 -5 -206 -159 215 -29 -32 -103 42 -57 166 30 94 189 -109 194 240 -42 11 -169 207 -56 101 283 -244 154 73 -6 61 57 69 -8 -74 -62 288 122 -93 362 -66 -96 -244 -239 125 296 134 53 75 113 -200 -13 117 346 244 -47 -2 -11 100 -48 -9 -124 -42 97 107 244 37 -117 116 -45 -108 -358 -312 10 29 313 -106 -24 -54 -104 151 159 -67 -52 -280 213 47 -10 6 164 -113 311 416 -55 -20 359 452 181 -57 43 -6 -142 474 -76 109 44 -469 97 -245 -124 -96 229 65 -34 -156 28 -16 -161 -119 -39 -28 -272 68 -68 52 -221 -152 -179 -299 -43 81 47 -37 -142 -26 268 -141.8899999999999999999976343247515521364]
[116 37 990 -388 37 8 66 223 -224 -164 110 5 12 -54 77 -139 39 -212 -83 -7 -190 123 -278 -168 -90 -180 136 -175 12 7 -46 -201 80 26 -18 -85 11 -252 -212 170 137 -161 212 182 -364 -14 49 124 -20 36 -244 -102 99 105 -339 -292 -124 -257 202 237 142 -178 115 4 -110 133 -197 -180 7 -386 -203 164 84 -106 114 254 -79 208 292 327 -24 -47 -29 149 217 72 0 263 164 381 -28 94 -290 23 102 96 -510 223 -60 8 -129 -113 -84 -34 -72 15 471 -198 -146 -14 -157 -383 268 87 282 -165 -230 64 -127 183 63 186 170 154 7 250 -1 -306 297 154 167 -89 314 57 -271 -42 86 -180 131 -20 24 126 0 -229 -251 -58 -71 -342 -259 14 -404 106 -216 15 110 -277 137 276 -112 -82 133 38 610 -264 136 385 154 197 33 119 -127 215 330 82 -115 88 -66 -28 129 -168 44 264 78 132 -13 -39 -138 -349 130 -83 -82 511 39 174 96 46 196 67 93 -67 -135 74 -176 -285 -188 -74 -69 113 -445 -180 -23 198 -70.94499999999999999999519943273389026171]
[-859 974 -418 -649 38 -124 13 -223 -34 61 270 10 -116 -255 -10 80 -290 -214 -66 14 -188 12 65 151 -31 -194 98 -155 4 123 -241 205 -119 112 280 262 -62 50 -136 -137 94 21 380 138 2 -8 339 -109 211 -219 2 -39 -137 4 -67 8 255 112 67 125 29 -158 -7 27 319 79 -75 123 130 -215 0 -226 -202 -30 -199 -50 -237 -131 -25 5 55 -4 -208 -131 68 -101 -91 -54 -190 216 101 -25 -293 -111 -144 -146 -57 118 156 -39 137 93 47 -567 -157 131 284 127 82 -143 8 -59 -66 22 -83 133 -316 -38 -287 46 -29 392 41 159 -154 -121 -171 -100 5 123 99 2 86 151 29 -194 58 -51 -87 -135 342 -146 -59 -198 175 363 -183 -299 -98 -14 -24 19 -216 -9 324 169 -67 -172 228 -158 28 -15 -9 -100 -147 -121 -24 -194 -78 -66 -80 344 303 89 134 15 -310 -85 -119 51 96 -4 -22 -118 30 -43 90 250 84 80 -102 -140 273 -164 -117 -155 295 -125 56 364 75 -284 -20 115 -15 -41 181 -19 269 68 303 57 -70.94499999999999999999159585432263280839]
[-121 831 546 527 -147 193 23 119 -378 112 -313 109 -259 -91 -69 28 -7 -335 -33 -393 279 167 231 -117 -103 -208 95 -325 -227 -509 -134 -316 390 230 66 -126 -296 -169 220 -250 5 187 81 -29 19 393 164 387 -42 214 42 372 -81 195 54 111 -235 -40 -28 269 244 -208 205 -197 61 7 -537 -124 255 66 -50 -206 174 -100 -103 -159 213 -216 79 -22 72 -62 135 214 -221 76 -101 162 100 204 -147 139 -88 -123 -441 -3 -221 -69 -287 -121 -307 -136 97 -394 -37 -55 67 -406 158 -13 199 202 78 139 372 -160 -288 149 328 8 89 -579 62 244 192 -126 -178 -104 -101 -108 -247 -122 202 103 -226 14 -422 -121 -116 -110 -2 139 17 -36 -43 -151 70 252 15 -143 -102 117 27 157 -83 34 219 -6 82 15 -251 -2 15 -160 169 209 224 -176 -262 109 -148 117 -232 -229 -43 -377 114 195 -258 115 -264 -272 289 127 60 104 25 -308 17 170 -22 108 245 104 189 304 22 -34 -75 112 36 54 -118 180 227 119 -101 -54 -337 49 -243 -102 0.2410061194661962196816591929822773399117e-21]
[359 -444 200 262 217 410 242 -114 -1 -46 -172 -97 -177 106 170 -85 10 232 -131 -213 206 153 125 -156 -201 144 10 125 -96 56 -289 -10 -110 330 27 31 342 -126 332 -76 22 -239 205 -48 282 34 21 -197 -170 -155 -144 80 -173 187 -31 66 -97 35 -464 64 5 165 24 266 415 -34 20 -15 -115 129 -48 15 -174 180 195 -195 244 7 203 119 -126 86 61 265 -289 -39 -105 200 -20 222 -235 36 144 -169 -130 79 119 158 6 -249 169 80 -82 75 -43 -26 159 -189 155 237 258 57 -276 115 14 136 -140 213 -200 -97 296 -160 -2 334 -59 365 282 129 -162 -103 -371 -315 -136 -105 -23 115 -31 -87 20 -136 -52 239 250 38 -93 39 -13 -18 155 9 63 -178 -302 -9 59 118 70 225 -219 -64 -107 -141 26 149 295 137 140 -137 -142 172 78 -44 96 111 381 133 224 -287 -71 39 374 102 261 66 193 -325 225 110 -151 -72 -151 56 278 -7 -90 142 -197 -23 -363 313 -227 7 -66 221 -126 -198 -126 -40 65 297 18 -82 212.835000000000000000004740221677769996]
[414 440 -110 947 46 -208 -251 250 -199 -82 127 0 -174 -243 87 -115 -70 -219 -72 -114 -246 19 -181 -221 65 -395 36 -109 13 81 169 -305 230 -331 63 185 -143 -228 -264 -40 -43 -94 -193 144 -458 25 -45 53 21 208 -69 163 11 -222 240 -125 -240 -75 42 196 20 -256 -116 -421 114 92 30 -246 164 -262 198 119 108 66 202 75 -87 223 160 121 54 125 188 -70 101 78 367 216 -69 -210 83 227 -5 -10 58 -46 -163 147 121 279 -239 116 -42 301 -70 101 90 -412 -158 43 -181 -252 316 90 279 -61 -60 100 -135 176 49 17 414 -12 -41 -65 -151 -162 236 216 212 183 70 77 -265 -253 -2 -4 111 -138 17 112 -104 -51 -17 -266 -294 37 -287 153 -91 107 -216 205 69 -169 157 82 -258 -80 -90 78 322 -126 -1 287 185 134 37 222 -243 147 179 7 -41 -374 -51 -11 366 -44 -43 192 87 86 198 2 -195 -295 53 -119 21 155 3 154 18 94 123 -107 -76 -262 0 -49 -153 -135 6 81 47 16 -370 -36 -207 178 -70.94500000000000000000086312203022111154]
[-953 116 168 854 -293 -513 -278 -18 -174 266 264 62 -428 61 -32 -280 28 -223 -49 137 147 -273 -142 -127 -100 -204 153 430 -38 -196 258 73 -72 -225 104 151 -185 -73 -28 213 -341 -378 -155 166 408 -59 108 -116 44 -124 -92 -184 196 -34 87 144 -198 75 10 -114 15 -52 -80 -150 181 108 -62 116 -123 -2 344 -364 253 -346 -256 -81 -145 -142 -254 13 350 75 -24 -442 131 117 -256 178 -18 -219 -11 -128 353 124 -54 62 231 23 107 -269 -387 -3 -304 -509 -362 -268 1 99 -202 -162 -257 -30 -159 176 -88 -179 24 -308 9 158 -234 27 86 184 89 121 -172 142 -48 9 -89 329 61 -38 155 190 -19 -104 -243 -168 181 16 -43 -25 15 236 -218 32 34 670 122 118 -465 -128 262 344 -106 55 351 -158 -6 -179 -137 158 -255 -251 -204 -87 -103 162 -71 -64 -241 38 290 -26 -211 -24 -302 51 -129 135 -57 55 315 -59 -282 187 228 61 385 -195 -156 92 27 -232 -15 -337 245 139 181 95 56 279 572 -229 52 7 374 195 264 170 -141.8900000000000000000035843800985397231]
[34 -750 560 171 304 332 -113 98 190 -130 -224 269 50 -11 -51 -104 -175 398 -210 150 406 266 276 32 325 57 71 -157 349 199 118 80 -103 300 -250 -136 -79 141 254 -311 292 -29 267 -38 356 55 134 -31 -7 -260 -89 55 -253 207 -258 261 97 59 -218 108 129 81 73 187 -46 -13 106 113 54 -158 -561 32 -302 139 214 52 62 -224 -118 -196 199 30 78 259 -456 -26 -104 -120 56 -28 108 -245 -197 111 -357 11 -129 266 -55 119 471 301 -62 -76 78 -134 35 101 19 -225 120 10 258 -109 -168 -88 17 54 -187 -387 138 -485 112 141 -209 -515 -97 237 -407 -101 38 -496 347 92 59 190 -82 422 -134 61 -248 305 39 145 -82 -65 326 -17 101 -442 -104 27 -17 278 -207 -184 179 -45 -4 89 5 23 -114 -46 -117 108 217 -28 -84 -89 70 59 -292 283 -375 -158 -93 -212 128 -76 279 78 -17 20 -152 323 328 216 61 141 -31 -97 38 -71 17 -26 259 -35 -95 -35 -195 187 -128 -121 -234 79 49 -55 -166 -40 231 -5 70.94500000000000000000443030287893909775]
[-396 1008 -568 -122 -56 469 -212 88 235 -62 -322 -60 -349 -65 -265 -405 -236 -6 -115 41 -124 64 109 140 462 160 37 163 -25 128 78 -79 -176 69 128 233 144 -111 36 149 410 -13 -84 30 207 -77 -4 -7 -89 -40 108 -24 -72 416 38 233 -62 36 54 -282 -113 20 -59 146 -62 -181 212 76 317 -163 -70 -125 36 169 161 -245 -107 -134 -15 -548 91 163 216 -8 -142 270 -237 102 -16 -135 41 -33 -103 60 -107 555 541 258 -53 162 -23 310 -34 456 193 -152 239 -138 542 -212 40 -38 -53 -345 44 424 14 -167 -312 82 -79 -294 -34 -31 -80 -164 15 -142 -300 307 136 7 90 -26 106 127 -431 -50 7 -26 60 29 390 235 62 -117 -143 -2 1 -64 -216 -110 14 96 180 38 -34 -241 -253 403 194 -90 0 94 -3 200 238 89 2 125 124 162 -141 162 -191 -32 -51 608 161 222 -236 4 -273 -197 -164 -25 -47 136 237 127 -322 -43 324 -31 68 74 63 -113 51 326 -183 -18 -269 194 -192 -175 -74 243 -205 478 74 -163 -212.8349999999999999999952648570577103019]
[429 -609 487 -513 -220 186 71 207 -14 -15 152 58 -76 69 67 165 152 296 290 8 -295 -94 -147 -121 -67 49 -186 -248 56 -85 -132 -383 17 -185 -140 -50 -168 -36 -10 235 219 -95 208 -63 13 299 20 -197 99 299 118 54 -56 -264 216 -371 62 26 111 -56 58 221 -21 332 -251 64 70 -110 29 -274 141 -46 243 88 -8 -115 36 -72 50 209 -285 -75 46 -200 22 -42 151 361 -62 -206 -142 -62 59 29 -233 14 -333 176 172 16 -234 -258 143 197 43 197 -54 -199 -442 7 102 -300 -92 -34 -90 -55 26 51 217 316 177 122 -77 -34 216 286 -38 -403 395 147 -274 -60 -191 10 -170 -202 -23 -188 -129 73 16 17 37 42 -35 -451 73 317 96 88 -46 80 200 44 -7 -19 -165 -308 55 45 244 -85 377 -68 29 276 123 -4 51 21 84 -1 316 -385 -24 82 124 76 -175 -74 -182 39 194 116 -183 212 117 -422 -165 19 -218 6 169 89 191 60 -230 328 159 -44 80 10 220 -58 244 -39 -7 266 -192 -202 -79 -175 70.94499999999999999999854696703966505032]
[241 900 -791 999 19 -87 379 173 24 -72 -53 -136 -268 124 275 127 -139 428 -6 -130 -18 176 -141 -90 14 342 -156 440 -467 -115 223 -109 -391 281 -98 -125 50 114 22 17 3 -94 31 103 117 0 18 -16 148 30 185 121 -52 -202 171 159 -237 -339 140 -235 -57 227 -122 288 10 -112 -33 221 144 216 84 -311 340 -207 -203 -163 94 -295 -142 -103 -98 -25 -249 139 -246 -91 -572 -105 -39 -300 -221 -80 393 -38 -12 -268 -93 -164 5 -44 -46 -492 248 -85 -231 18 -268 -124 -120 71 110 -280 -208 7 144 -274 266 -36 278 10 -55 -272 -139 650 -232 378 169 -106 -352 -149 -172 81 -171 224 167 77 -44 -247 18 -166 113 84 -53 -22 -213 -32 330 128 68 382 -379 -160 94 -230 -30 100 0 217 417 122 -74 -96 -153 39 -84 -225 -33 89 -27 -27 -163 -62 152 -238 97 162 -268 128 -594 -158 -231 -165 209 -273 -322 37 127 -322 156 -80 297 -122 -138 217 145 199 -295 127 75 -8 57 253 77 173 299 -64 -82 224 36 -60 303 105 141.8899999999999999999914917812852388708]
[-748 14 -318 -779 -75 -312 58 -163 -14 298 -198 151 167 181 -295 118 102 154 393 2 370 -3 30 -279 -34 -201 0 -115 100 131 164 81 -72 10 -28 28 90 202 -64 237 -580 -4 -289 -141 169 -276 102 -152 -16 196 68 -244 -81 -28 -132 -130 135 219 -178 174 141 36 -129 -58 14 283 14 -69 -13 341 65 97 109 -105 122 -64 89 -343 -142 362 -176 204 20 -238 -59 -121 207 166 -100 40 70 59 260 86 -167 -80 -295 -359 139 -237 -254 -189 -90 88 -95 297 -275 -18 -84 -50 197 235 -158 213 -109 -393 -210 -72 188 -37 153 2 -9 58 264 90 44 383 63 -7 -205 -5 -72 -322 131 271 -151 -8 87 345 -148 254 186 63 434 -61 106 217 -269 55 120 5 135 -87 -327 -45 -156 -192 83 -94 -8 134 -313 -91 95 -276 -123 146 209 38 131 120 66 -10 -9 145 64 -41 90 -96 -213 -136 114 290 58 47 -75 -99 -210 182 -8 122 -190 -159 335 -40 -181 -215 -199 -377 251 181 196 45 251 55 -127 149 222 -159 1 -79 212.8349999999999999999993340670680012185]
[-904 -409 -556 116 34 -289 180 -430 -93 297 102 62 168 -139 -175 240 12 -414 225 198 216 -192 -184 163 -190 -249 98 31 -156 132 -222 366 -168 -98 343 43 16 251 -78 76 33 229 -55 132 -489 -246 128 87 -92 -198 -177 -263 49 198 -294 -95 218 454 217 -67 151 75 -180 -44 131 3 -95 232 -130 319 -99 -119 -315 25 -438 50 14 -17 -77 167 31 192 29 69 -33 14 -399 -230 107 511 6 83 -116 150 373 -245 110 -186 -179 -219 131 -338 -80 -357 1 250 -79 56 293 143 170 159 -320 163 -58 -6 -142 34 16 190 84 62 -368 177 99 -30 177 241 121 -36 28 62 -46 -4 272 378 -158 -111 133 256 53 -243 -105 -182 241 44 33 -111 -71 68 243 -7 52 -192 168 -74 113 -134 173 -224 -130 255 -166 36 -139 69 -346 42 -14 -240 133 289 202 107 271 287 125 -258 -212 -108 -271 -31 -162 -201 5 -124 331 16 -196 -111 -188 160 -475 -274 -118 -223 -65 242 -55 77 304 50 195 121 78 -54 -123 -64 586 -108 26 -40 -212.8349999999999999999993238290923337409]
[739 624 277 748 -147 12 74 356 -179 71 -187 -50 -119 -48 -258 -266 -159 97 185 -147 -173 165 18 -224 -35 142 -155 166 -220 -410 323 -372 -32 322 -43 -99 354 -247 95 5 -292 -87 -262 48 231 -157 -142 88 -100 -13 8 416 -220 -632 418 105 -445 -616 -273 -194 -118 -162 -52 -156 -302 177 56 24 290 -57 344 18 517 -216 345 -183 152 -292 75 145 8 -180 -118 346 169 -180 -149 112 -92 -433 -306 231 107 -343 -119 104 155 -134 -68 -588 113 -169 3 63 207 20 -300 -100 81 -99 -168 111 120 42 522 77 110 -22 -171 -121 -3 58 78 -2 -150 115 20 208 -92 347 130 -88 68 141 81 -372 4 -233 -115 -101 53 354 -140 148 -9 -16 -72 -187 -3 -77 -55 55 260 -166 41 265 -62 9 -48 -65 73 -350 -109 -115 -56 -389 158 150 285 133 35 -4 -160 -579 -123 -257 -162 205 -15 94 -57 -321 121 31 -229 154 -379 -189 328 28 -6 272 509 329 -7 -27 -304 -46 -134 34 -499 -135 -48 -148 -221 50 -98 159 -267 -267 -186 -8 -70.94500000000000000001143078652514435637]
[-903 445 947 850 -335 51 -162 -213 -31 172 -58 -107 202 249 150 -349 63 275 153 -6 -248 -185 248 -33 39 234 -36 -20 63 -121 146 365 64 94 -252 -53 29 -101 -389 153 -276 185 -171 250 61 214 49 159 -79 480 29 -431 385 206 98 -44 133 186 348 6 -39 137 -283 -146 30 232 59 -203 -280 283 276 -21 68 -319 -161 319 30 -122 -54 144 4 9 -209 -347 -142 98 110 -168 108 29 484 -143 244 -68 120 85 -296 47 300 261 -339 -126 148 283 -15 108 -104 83 -46 -93 -217 -8 -11 -80 -346 -535 -45 15 249 253 -375 495 121 -50 255 51 30 38 -137 -198 544 504 -193 -188 -213 117 -132 -234 -275 155 -263 -258 -106 -31 -279 431 21 -38 -139 247 -101 -165 414 0 -58 51 -36 144 293 143 -36 136 113 104 191 3 347 0 -42 9 168 -83 208 -54 113 87 -114 111 73 -233 -97 11 -121 -148 530 -211 67 -138 -175 -79 289 -333 -116 -52 198 -193 151 -163 27 -147 317 -76 23 61 500 -217 -147 25 401 623 -25 -119 212.8349999999999999999939788933199843818]
[692 957 -257 -280 -81 34 -63 392 170 -313 116 -288 -65 333 -103 28 241 73 -57 -47 -406 -222 -425 -32 21 292 -139 106 130 64 -60 -266 -150 -283 -32 -440 197 91 12 22 -278 -404 -410 126 -183 -150 -50 -288 118 376 219 -72 243 -20 -351 -38 182 -460 198 -223 -175 -20 140 135 11 72 128 -143 -272 123 27 -172 -91 -259 165 65 98 35 37 -56 -19 -25 -472 -167 594 -292 112 -188 -135 -167 -202 -31 -120 10 59 93 107 -126 86 -81 -82 -90 108 221 -157 -81 247 186 -99 9 -169 -296 -274 -64 -42 -79 65 -224 167 45 -211 525 -243 -218 2 356 47 -84 83 -5 -356 -228 -224 -63 201 44 776 255 182 -161 74 -402 9 76 -156 14 47 -78 -136 23 -119 -363 -110 37 1 -36 -391 -24 -149 202 419 -40 187 106 105 -346 -487 39 -51 160 -122 -263 -199 -5 45 139 156 91 -131 282 -179 53 -14 -163 175 139 -253 104 151 120 214 294 -126 106 -45 -35 -116 189 270 -168 -168 58 90 34 126 8 135 8 53 -115 229 76 0.3629175167961672974784542402464440624676e-20]
[-1002 -486 326 121 39 236 -153 -70 -74 2 290 37 16 -111 214 -288 180 53 -238 139 151 -187 -338 50 -271 45 60 286 259 -149 -83 111 -301 -136 38 -283 179 -8 401 -139 -372 -320 203 124 396 -103 -58 -151 -253 -102 -166 12 107 198 9 390 -217 64 -234 -157 -100 169 62 133 -83 -36 48 234 -330 76 112 -47 -240 17 63 174 187 105 -87 -202 355 -55 -21 79 -226 61 -433 140 293 -142 -114 -366 213 -179 11 -133 429 311 111 -303 196 345 -265 -201 -150 -477 -224 155 32 67 -325 191 -83 -152 -253 -100 340 -360 -114 -238 139 -140 208 -99 -119 -88 82 194 -258 -102 -22 -254 75 119 268 80 336 102 -274 -341 -96 103 -72 -345 -252 246 -57 -117 156 -20 189 -139 -290 78 275 292 154 -68 -337 49 6 -348 25 261 -56 259 26 -92 -157 207 60 -152 -543 56 252 -16 246 -429 52 134 218 137 30 140 148 138 238 350 211 95 160 -158 -17 95 -184 -213 -159 21 208 142 -252 -114 38 105 -2 -162 81 -268 226 250 164 -37 -283.7800000000000000000055854734967547294]
[408 -1004 -965 -307 34 1 135 237 198 10 88 -28 -232 -95 -212 -546 -320 -272 -469 171 275 163 268 -183 67 -36 -306 -126 81 -240 -155 291 404 127 -101 -227 -13 -168 -107 -333 287 3 10 26 298 70 -34 126 273 -173 60 355 -220 65 217 9 -124 -331 -425 342 -39 -120 134 130 366 -152 -92 185 -23 74 -117 -31 121 -156 243 -301 266 -199 291 -27 52 -282 -146 -71 6 142 -281 -300 14 -43 -89 -38 -224 -43 -229 164 -171 -48 -97 -221 -231 -60 -258 -526 26 -189 146 -117 129 -92 133 -52 -323 300 -61 183 -288 366 55 -162 38 -280 75 133 -248 -78 -169 -199 -275 189 137 -153 -107 -144 -131 108 -129 110 -273 -79 244 119 -43 31 154 -333 426 386 293 -183 -105 341 -74 -338 -128 545 80 -19 -70 -604 -57 107 245 60 -205 -256 -134 -45 -162 -37 -270 -305 -285 32 -359 -468 54 -119 -397 126 -150 -20 28 311 -172 6 -394 111 138 -326 -208 88 0 182 -59 33 -64 370 78 -77 -25 141 24 -102 -163 -106 217 -100 16 -77 -25 188 283.7800000000000000000021291372734995497]
[251 279 -285 518 -245 -258 89 180 141 -463 -41 -129 152 248 -273 109 140 -18 9 -64 171 161 82 122 -32 -101 -36 -55 -86 -244 -259 -353 417 -109 286 -123 -60 77 -54 -307 -7 40 117 34 -234 -154 -126 -47 -227 -378 175 -167 132 -31 -162 136 -108 -210 25 383 -161 -315 313 -389 -152 -46 -309 -96 -194 -210 -306 -82 -40 -485 -127 228 190 248 -137 80 86 70 5 -12 144 -210 156 -273 303 144 41 491 34 123 112 -65 115 171 -107 -128 203 -1 210 -396 -86 -114 373 167 69 153 80 29 242 243 302 164 -162 -144 27 135 -245 487 76 -57 -60 42 -124 152 -7 -218 48 -89 -100 305 -12 -157 138 256 -14 -404 6 468 -307 201 -399 543 -150 -626 -207 -336 85 -46 -222 -162 -6 60 453 428 194 -301 -491 124 80 -198 24 51 -240 -31 -6 -29 35 243 -8 47 188 -160 -198 -68 -9 112 197 -92 -60 -148 219 -21 -205 105 251 97 483 236 -60 -185 -294 16 19 -273 166 -265 -30 159 -93 -251 76 48 321 145 46 -195 41 507 -283.7800000000000000000119452104388967684]
[736 -36 248 135 -249 356 -138 184 -77 -146 271 401 -265 344 -24 -205 70 71 -4 279 100 -178 -147 125 -4 187 -123 289 -19 -8 91 -214 2 -270 117 -401 -272 -72 81 186 95 113 -125 -11 -78 -98 -47 -89 -147 118 -155 -61 -6 364 104 -96 -117 -127 -36 93 3 103 432 219 -118 -209 163 313 -83 174 -118 -9 -103 -183 21 144 432 48 -91 -102 336 -8 83 -163 190 204 -194 -192 406 84 -129 -215 243 193 12 187 327 294 -128 33 179 -167 65 212 18 61 -246 -145 82 77 -114 -322 -174 -66 -437 -202 -122 121 290 155 93 -69 -60 -325 54 -180 278 84 103 -214 52 -152 42 11 -318 290 2 352 -146 -254 -177 -386 -50 149 -39 246 321 27 248 -260 -52 -261 316 -237 -55 152 81 -34 -173 333 210 13 409 48 -61 114 192 169 6 404 384 -47 -280 -125 -132 -195 -41 -17 -246 -106 -276 -54 68 -24 74 162 400 -263 -73 -421 78 146 -315 168 -184 -322 -49 367 -231 -149 -40 408 37 169 -126 94 -149 -68 -76 144 -266 -82 -212.8350000000000000000011068807183835808]
[222 826 888 -812 -129 0 -489 117 -227 -67 -22 -9 -338 -134 -37 -63 6 -522 -279 131 -136 -483 62 -96 -88 -205 102 -261 436 103 66 -224 272 -292 70 -78 -413 -161 46 -113 36 -171 -14 -319 -232 132 29 -203 -227 74 278 97 166 342 -236 -14 110 183 14 117 114 -100 272 -37 322 -13 -131 -49 144 -272 -152 192 -186 22 185 1 -74 70 -284 -73 206 20 -34 -155 172 209 130 143 -162 103 -11 -96 -100 86 -251 232 -206 154 55 114 -15 261 -150 129 -334 -299 233 122 -115 -340 -382 137 79 -72 131 407 -202 251 33 176 -81 110 -63 -193 156 -117 -344 -203 96 79 -153 -14 5 -161 -109 -50 227 343 -120 -121 289 -304 -205 -6 -136 220 -151 -95 -179 176 169 236 4 109 400 16 -120 -234 -363 88 310 -215 72 -135 -75 188 66 4 -11 155 214 -75 -137 428 -351 -145 -147 -43 81 126 -110 106 -239 396 -124 15 -33 -68 -195 121 304 127 -206 11 -38 -158 427 -222 -67 207 200 16 -2 -92 17 57 145 -95 23 56 270 17 -141.8899999999999999999921160451635169425]
[580 -496 303 -101 -5 -82 172 136 -51 -62 -584 -117 202 396 -196 -170 184 -471 -28 52 165 -19 357 -96 -180 219 118 -122 46 -59 37 254 455 222 -305 112 106 -354 -243 116 108 -58 -224 -269 237 -116 -149 273 -208 106 122 -158 221 357 -203 81 -111 -159 124 71 -155 126 -6 60 138 199 -410 -275 195 -100 40 361 220 -195 317 -29 38 -111 16 157 -287 -13 117 -231 -203 307 196 220 347 152 78 420 110 -230 55 385 -470 -10 -179 85 -696 19 194 179 37 -104 194 -28 67 92 45 204 -113 129 442 0 -188 -6 336 162 -103 -254 73 86 37 387 -198 -211 50 65 138 230 -63 -178 126 212 -502 -169 358 -64 -218 541 191 249 -315 -125 -164 193 -247 216 -254 320 -34 -37 -335 -248 47 222 -236 -9 -38 -51 95 52 189 137 34 -70 -90 -218 -53 1 -38 274 -114 181 177 515 -91 227 -144 131 69 389 29 -246 -323 -176 -209 182 -129 140 -129 -55 155 319 -67 -234 13 -198 201 199 49 -483 102 -126 130 455 -194 -171 25 205 141.8899999999999999999907895414978402546]
[-831 -14 661 201 -229 -193 -208 -142 -179 -370 -34 127 371 -12 -76 108 -181 272 76 80 -175 -52 195 -133 71 101 158 69 27 -338 149 290 -62 124 108 -346 -100 85 -119 138 -253 86 26 204 -153 175 -102 -8 -245 301 56 -251 122 396 -316 79 178 -106 33 115 -68 149 102 -150 -269 165 -84 148 -30 17 -247 61 91 -22 -265 552 137 48 -19 104 226 424 -86 52 -325 116 -363 128 244 394 285 -316 -35 146 20 -372 -492 542 -6 143 33 -116 -5 -258 -96 -53 -141 200 176 72 -303 -36 64 273 25 -464 83 293 30 236 -175 157 -153 152 -131 60 211 129 21 -339 738 369 221 316 -69 -60 -123 -38 83 211 -395 33 -108 196 -353 202 188 16 -230 86 -542 -396 174 -179 -175 -151 146 152 247 -81 -33 483 -52 -7 20 -74 3 -201 -241 172 249 107 27 54 -22 77 -71 14 -48 -222 19 27 -78 101 134 -45 0 -543 343 -248 129 244 -435 398 220 -83 340 36 -69 -237 -17 135 -282 -236 144 22 -259 -78 -74 -379 -72 -219 141.8899999999999999999869647439715131509]
[179 -822 -888 918 83 1 -68 -29 -93 -135 145 328 322 -155 97 352 86 172 256 183 8 -15 -569 215 256 -122 66 -76 -21 392 -41 155 -120 -457 54 292 60 223 164 -11 41 34 -11 -395 31 46 -180 -161 606 214 -43 -17 34 -136 215 -362 51 440 -244 -42 150 -212 -80 -526 51 -194 -104 304 -360 -91 -42 134 35 96 -106 171 384 493 88 -408 -27 -402 280 12 97 -171 69 9 97 -276 111 -198 -57 405 -43 69 557 239 116 -26 94 142 -119 -141 -82 176 -320 -14 -53 -200 -34 -214 119 130 -498 220 287 17 32 -113 72 116 -153 -153 217 -205 -201 -44 271 -184 -63 89 107 11 -49 179 97 230 69 162 -244 -445 152 72 277 -253 -38 221 231 71 -194 14 -61 46 -271 -142 -386 -108 23 -30 -258 -95 136 269 -50 254 -295 -115 183 -5 24 144 -25 153 -348 -557 146 -190 183 4 330 -39 -89 -134 189 204 76 243 132 -217 152 -278 -250 151 120 142 153 29 -7 -384 -293 -213 243 -53 -113 307 -263 -154 -218 -153 -268 -117 70.94500000000000000000229711595857386144]
[833 127 -554 -310 6 -8 138 50 242 158 407 -50 -630 -362 108 105 53 -219 -179 49 3 136 140 -33 166 -183 -30 389 -25 166 115 -300 30 -349 406 -75 -484 169 242 126 34 286 -152 -61 27 59 111 5 -61 -217 165 47 -186 102 339 208 77 143 -97 147 -87 -259 146 139 246 -57 112 83 152 123 193 -164 -84 -148 -64 -145 -1 72 -268 -192 121 19 -236 -82 55 162 -51 -126 -174 60 -170 -237 276 156 -27 -1 282 -255 149 2 46 153 -84 103 27 -159 -411 -180 -30 -190 -204 -93 126 -123 -22 202 22 92 78 116 138 -327 -150 -84 225 92 -224 74 -199 343 -51 -225 34 -41 120 -100 -55 283 -54 -124 52 -76 -53 254 311 1 67 127 128 231 226 -94 -77 51 53 8 121 -12 25 120 85 279 -94 106 -175 -98 -172 110 117 170 -13 46 -151 -14 -190 -121 66 -179 -77 102 -421 119 -298 364 -459 -97 31 327 102 -129 -219 -207 -53 -50 -31 -52 -6 -277 -285 242 -183 92 -23 58 -122 -80 -90 -48 -186 131 -56 -52 -212.8349999999999999999947825655241521378]
[728 995 -513 -465 34 -119 -242 -106 -149 151 463 216 187 249 -93 136 -18 78 381 232 -71 -90 96 18 85 82 268 1 38 178 290 664 -406 201 -114 196 135 -155 -159 609 -417 -152 -439 -192 245 -81 -256 -5 185 367 -378 -130 -207 -126 -39 -471 -242 176 -98 -402 87 242 212 -34 -647 190 73 258 -52 236 490 149 77 228 -112 55 149 111 -24 102 108 -54 326 -167 277 104 298 398 -60 268 58 -266 24 -386 156 182 211 127 110 134 -155 -27 90 -44 133 337 -89 602 -185 204 -122 -155 -193 110 -64 -204 -37 -9 137 153 -53 -38 -190 -184 26 284 9 481 552 -98 276 264 189 -182 -134 40 226 -339 -50 50 39 77 454 -287 238 291 -382 1 19 239 -144 126 -57 154 -211 -30 -431 7 0 -65 -48 203 0 282 3 -229 79 -282 9 -161 143 -53 266 -237 -94 -67 -417 -142 69 -326 361 337 303 -158 -43 -250 -167 26 -15 -112 27 -153 187 100 109 -119 261 -2 -309 -241 133 -456 462 90 210 -74 -52 194 139 -269 -464 -169 70.94499999999999999999593758056092677553]
[104 690 831 -264 -247 -381 -64 33 -90 193 165 54 123 104 135 -116 159 75 488 -114 -241 -127 30 -164 -77 -16 3 223 249 -336 -99 -52 69 35 -297 103 -116 -176 -204 491 -144 -163 64 272 -149 -85 106 -211 -376 -124 -110 -611 426 22 -124 -261 -100 41 451 -344 182 65 -207 85 -620 258 -206 -458 -200 -144 192 80 -60 -245 -500 146 -181 52 -112 474 -65 -54 -211 128 39 -136 163 -38 -14 6 258 208 -2 11 -78 74 -356 173 128 -16 -241 -30 9 -233 -2 -256 257 377 -297 101 -6 153 111 -210 120 -173 -160 -370 48 -132 -252 234 264 128 122 -5 81 87 67 -40 -68 48 -57 -321 -62 6 242 -211 -181 62 -45 344 -287 -266 -374 524 -38 -310 -128 153 452 270 76 67 602 79 187 -59 150 -23 26 -130 258 -273 -151 -140 -19 213 25 -305 33 -7 101 -34 130 365 -49 -76 -289 -271 -57 341 -78 -164 15 -71 12 473 25 186 183 40 -224 -262 -182 -137 -101 -210 163 -73 79 224 235 -124 601 -74 70 110 505 193 108 119 -496.615000000000000000012354263361639551]
[-84 -988 -263 -739 202 204 5 155 75 -97 199 -133 -55 -176 426 204 -384 54 131 -168 -267 83 3 23 -4 266 -26 -202 45 -10 154 -104 -246 404 157 -5 -29 259 146 -61 55 214 -60 -372 -252 248 -39 -263 338 198 355 390 -150 139 -74 -257 98 37 1 -162 200 -4 275 -87 -98 -314 -201 134 11 361 158 -375 -195 -35 -212 -2 427 214 -105 -191 -149 -347 -438 395 95 -178 67 -191 -265 -155 126 -15 -91 -24 -233 -221 236 185 325 306 427 59 296 2 -192 -6 46 401 -105 -74 172 -139 7 -112 276 252 -12 128 168 -144 -21 -209 60 535 -108 37 -213 -21 -353 -228 -65 -459 -291 -15 -66 -140 527 223 -145 -199 321 -183 -51 -126 -137 586 205 -271 -121 10 -309 28 329 2 172 273 -198 160 -209 285 -84 48 -23 -212 72 -268 76 -195 252 142 -3 70 308 -116 -495 -380 -372 -311 -381 -221 124 -138 -8 -225 -235 -166 -14 203 123 -45 455 -251 -32 69 -197 114 327 -56 125 -26 -367 -184 327 89 12 348 -206 -72 49 118 -151 39 425.6699999999999999999983187143448389634]
[902 -85 -168 492 357 138 -69 50 -32 -249 -33 54 -123 -231 189 207 -49 75 104 -121 -499 100 -134 -174 -6 117 137 36 5 601 -127 -56 -639 303 184 287 512 -51 39 -153 307 -177 -20 -74 -226 -383 134 -193 87 -1 149 -35 -276 -64 -54 -87 78 -117 -69 -36 2 15 -70 -37 153 73 -51 -95 208 5 163 15 -201 39 397 -36 156 -149 98 -28 -226 -143 93 139 -275 -183 65 521 -264 -129 -80 279 80 -185 -327 33 194 156 -18 -94 8 278 179 444 122 -8 -4 -22 233 213 58 -234 44 272 177 60 -137 -110 57 -229 151 36 -68 669 133 428 -81 -94 242 295 -245 -241 -1 106 102 -110 -1 -228 115 60 133 215 308 108 11 -197 52 -68 -370 175 -204 53 -219 34 -269 21 -266 180 -97 307 -36 -48 -7 269 -8 -58 -39 152 272 97 31 304 342 115 135 155 94 6 -119 165 349 31 -365 -98 -35 -81 128 172 106 79 -42 198 105 168 -42 251 -48 -86 -578 12 -165 -340 -196 129 -63 -75 -19 311 -214 -114 210 23 -141.8900000000000000000011067794856937711]
[-241 1003 -454 642 184 105 243 -24 35 -37 214 -89 -82 -178 -118 -113 -131 -297 -61 -34 167 50 -244 -11 -182 -95 -30 59 -133 21 -211 137 18 -149 104 -235 259 -28 225 -66 267 -59 -208 150 -100 -381 -108 -21 -235 93 101 11 -149 76 7 18 -391 -77 -176 18 -39 147 181 297 -154 -53 26 468 76 4 -259 165 35 7 319 -162 99 -174 68 107 -276 2 337 179 54 -408 -466 62 304 297 -471 -116 -327 -203 223 -144 59 49 206 -255 104 -60 -117 -199 235 -151 24 18 40 192 -449 -188 -444 197 206 47 -127 172 -7 -203 242 66 2 67 17 328 75 152 46 205 -129 -298 -263 122 -208 117 -124 -214 311 48 17 332 119 -76 -183 -71 197 -277 -412 -56 -130 25 -129 -182 -30 267 -105 -26 -246 -57 138 324 160 210 52 163 -175 241 219 20 -80 1 12 -52 -94 -232 28 11 77 281 -252 -85 -216 -91 -264 37 -182 -334 -46 317 -419 247 79 -4 -155 275 -231 155 -196 -47 21 -1 -102 -101 -231 -264 -89 26 -186 -306 -129 61 -354.7250000000000000000020927452201122092]
[-256 681 -273 -657 -347 -174 107 -26 248 81 124 80 -73 57 27 -133 -285 -55 -124 93 101 297 268 172 292 -63 -69 -290 -30 -344 62 -120 50 293 283 -258 -107 72 -36 109 171 101 -4 231 146 151 232 475 58 315 66 52 -92 172 -193 103 -16 216 314 97 76 67 64 -21 -375 100 64 3 -40 -47 27 -74 169 130 -309 -109 -271 -309 191 -277 59 -177 -200 -144 92 111 -295 118 -163 245 26 -326 -174 -68 -347 106 -445 -50 -60 -75 42 -370 -29 -48 63 130 -96 66 141 -128 150 -202 103 -226 -24 34 203 2 252 196 -254 78 -101 -129 -36 -161 26 -397 -167 -66 308 406 -170 209 22 15 -222 -212 -289 -10 89 -49 118 -303 -2 -45 38 53 78 137 -569 -59 436 -64 -186 141 -212 76 455 162 67 385 -167 -259 -141 -76 352 29 -118 -12 75 -98 -50 -432 -397 -278 -115 509 -53 -339 -321 -102 119 99 -287 170 27 -164 -35 -89 -179 -234 356 75 323 43 -157 -69 530 126 282 -60 237 320 10 -360 -110 32 9 172 101 -157 70.94500000000000000000539268107351444604]
[518 177 -433 573 18 -202 106 365 90 104 -6 143 95 99 -208 400 208 -348 31 25 284 -29 -73 11 -107 -109 27 -129 22 -23 166 -227 118 -145 -30 -388 -168 116 -35 76 -89 23 -201 -143 -401 -163 -3 282 -8 60 -145 201 -23 -117 -566 -125 90 -31 127 149 65 102 86 -77 -367 46 25 -254 -80 39 79 168 -130 286 -25 -53 11 -102 47 121 195 -8 -99 -25 478 127 212 96 -72 -4 -195 -47 12 100 -48 -99 -142 -362 -170 -9 -294 -325 -53 396 168 277 -105 -407 -12 -182 249 6 105 -326 169 -172 99 -154 136 170 120 -291 -127 -264 211 -57 102 -334 342 152 -250 73 187 -28 154 223 204 101 244 -92 -67 -328 -233 -58 360 -457 -76 153 171 -58 -49 24 110 77 -173 -607 33 -133 -98 21 82 104 -68 -130 -341 35 -83 222 -28 -94 7 -34 -554 -281 -312 -57 310 175 -261 -50 -491 -28 345 221 -114 207 227 -279 -234 -142 -236 266 -400 178 178 -148 -236 266 233 -137 153 415 313 -229 -211 -80 -98 -213 -194 -313 25 -16 -70.94499999999999999999270140685875568043]
[301 246 456 636 -70 -229 157 145 -6 257 -527 -46 249 53 -206 129 -35 -85 37 -13 174 -25 -64 3 -222 -88 -232 -31 253 -62 128 189 47 14 -339 53 273 -366 141 -71 -594 -44 277 -71 334 -192 -275 -30 -121 -146 33 -157 394 -295 260 5 -337 -267 -9 92 -169 15 119 -118 -256 268 -305 -192 -41 4 126 87 239 -171 129 90 140 59 191 32 67 -211 -132 -104 -12 -75 134 -40 19 -304 -3 191 52 -252 -112 -169 -13 -159 298 -84 -490 -111 -208 -229 -160 -461 -170 137 -109 -186 -331 639 233 -49 9 -244 61 -307 232 -383 126 115 232 -93 -108 161 -205 120 225 426 -58 128 121 29 287 -104 438 -317 -97 59 95 284 -330 -174 -143 -221 -63 -123 13 7 50 479 -85 241 -2 268 5 -4 -206 -179 -314 -319 180 6 -56 -36 -114 59 136 -289 -95 -93 -111 15 129 -141 176 -34 187 264 28 15 206 141 -35 47 -199 -10 230 321 118 289 -11 200 -4 -69 -270 160 171 -395 -8 -75 238 -517 69 99 229 73 155 -261 134 247 -70.94500000000000000001442925949815100371]
[824 495 -383 120 -280 144 203 295 -24 246 -437 21 -491 215 17 -50 40 -139 260 77 135 40 177 172 -54 114 170 -56 -97 -466 322 -212 344 131 -223 -395 -239 -141 648 -95 -225 15 -200 -259 295 -26 -115 228 -327 -158 -40 44 81 -172 -144 159 -193 61 74 -15 169 -45 -83 168 179 215 -165 227 98 -99 166 -39 115 -229 -215 -44 91 -432 -150 -205 112 -291 -328 -88 317 -156 -309 -149 -32 3 -247 58 111 -112 -121 260 157 69 -211 -671 415 -611 226 -58 -149 8 -354 -205 -86 -437 -69 54 -111 -80 171 135 65 162 103 201 63 -49 -497 29 79 -235 -174 200 118 -210 32 149 -251 50 321 176 -81 122 163 -303 -203 -351 -167 103 -107 456 -36 -287 494 -31 302 -233 327 -78 48 115 -152 295 388 13 285 -257 55 -191 -102 -305 131 -71 -138 21 489 -340 -235 -246 -79 -92 -158 -43 -353 216 -129 -303 267 -66 -180 322 297 56 10 134 -11 69 114 29 -217 -298 100 80 -172 477 -474 69 663 -28 -178 -29 23 256 -1 100 -55 -81 -70.94500000000000000000020330978239082499]
[-936 -142 -763 -913 -144 -252 186 17 143 60 -65 105 84 41 167 -16 -222 84 -80 268 131 3 -230 -118 -64 64 -195 -90 -77 42 321 -187 356 -135 80 -228 -418 81 -14 -73 147 -143 -159 295 35 -17 170 25 68 101 -20 30 -236 -32 -70 71 25 -311 248 74 151 77 -259 -41 -177 180 12 -91 154 337 251 -55 250 -247 -70 -16 -40 51 303 212 -89 68 -166 210 88 -110 -25 -117 44 -35 -383 -55 -184 -14 61 -407 -230 -110 -134 178 -43 23 -126 -138 -12 317 -495 -279 -230 29 90 -272 47 -80 -133 -701 55 140 306 -32 146 -271 4 -299 198 -38 284 -123 -81 -83 99 20 153 74 170 358 -361 445 -199 88 -569 200 -223 141 273 -588 124 193 102 -10 -445 -32 220 -200 -91 -16 -118 77 147 20 130 64 138 -212 -234 43 -56 133 -19 -109 -131 -141 -169 57 -211 -360 274 89 -59 -193 -511 -45 168 142 -58 254 226 -54 6 -136 -179 -198 -191 240 204 64 -210 -260 205 -296 -13 456 -108 -67 82 169 -235 -229 -157 -157 -82 199 141.8900000000000000000088489664623204578]
[-357 247 -304 484 -49 -432 -149 -32 25 110 92 152 -112 -139 34 36 -69 -134 115 -85 357 223 -218 -190 -38 -388 392 20 -199 115 -285 -188 -55 358 -125 138 125 94 369 -2 110 57 117 -105 240 -269 269 15 -470 -394 -64 -234 16 -77 -45 84 -101 146 -364 190 254 -52 -198 -58 129 -110 -192 -84 -88 -239 -52 -17 19 -164 -21 -246 -28 -376 -152 -262 -122 -149 -18 -39 -22 -360 -80 265 173 341 -37 293 -67 -182 -232 199 -3 196 16 -126 -165 15 82 -228 265 -166 164 8 -78 -278 187 -262 13 196 441 -248 -294 -266 -48 -364 -7 168 240 546 310 -49 -228 274 -82 106 -300 -244 -227 -25 -93 173 -238 -535 331 3 190 290 80 -242 44 583 108 -399 -329 226 85 5 -516 9 64 163 -246 272 486 -75 -42 80 -181 55 53 130 419 168 167 49 29 132 6 -58 244 -181 15 -6 23 -50 -3 -282 -86 -27 -271 20 -128 107 -203 578 -2 -200 306 -83 102 107 -14 -378 -191 184 -343 -90 40 51 87 -141 -25 200 -239 225 386 -24 -212.8349999999999999999878659542762093482]
[586 590 448 71 -83 -115 -45 190 -84 -224 118 179 139 -57 -83 181 -179 188 -176 -63 314 -186 -358 254 -335 -115 -440 -222 41 327 100 157 -97 -411 -105 80 119 208 84 -73 65 -185 414 36 110 -22 -189 -373 162 -12 377 -51 144 -56 -82 -168 23 -8 -213 54 35 249 179 -141 -1 -219 48 314 -106 139 -81 -151 -29 -65 142 -161 276 -131 -42 -101 151 -7 -60 -183 105 -178 -230 -54 164 -276 -126 -270 244 307 9 -564 438 110 469 74 -292 -301 -404 -314 -102 -211 -10 20 -214 -321 -400 -72 -310 325 -286 -235 -160 -233 134 -201 79 146 -45 -197 52 -182 -76 124 81 69 -396 -208 -187 33 -224 139 212 -40 10 231 190 -117 -167 132 91 -338 360 -19 -13 -242 -226 179 -95 -246 -2 321 -319 -311 41 -277 82 -188 97 236 -280 -63 -236 148 341 121 145 -108 -115 235 -112 -327 -97 -292 -150 284 -18 -266 29 48 2 426 56 -309 66 93 314 -42 -383 352 99 -278 -198 493 158 -580 77 226 83 -255 -34 141 -216 -240 20 -118 434 110 0.3489684365079424429685530251871172779943e-20]
[-265 809 860 349 -189 -112 385 -99 -45 -75 -393 -56 245 -155 -10 20 -200 -1 42 184 80 420 227 -142 -95 193 -122 182 -314 175 145 160 259 318 -147 -78 2 -359 -177 -69 214 403 375 2 281 -178 205 143 -43 -355 0 -113 49 -258 169 -18 120 -281 -158 185 -206 -44 17 -44 -173 132 -234 -183 116 -107 -247 229 300 -443 0 24 165 65 146 257 -374 -277 -111 139 -91 -107 65 -388 233 206 -199 87 -169 -157 74 -17 -384 -206 202 -34 -229 41 -44 -67 491 64 -133 -105 -75 -223 -79 176 463 -124 220 -57 -180 226 3 -361 142 384 93 -63 130 235 -98 -216 88 107 415 108 53 -68 9 10 -139 -166 -124 -51 -382 252 -469 251 -10 108 73 -363 63 286 -257 98 267 46 -330 -35 155 234 173 155 -306 132 165 -63 -180 56 171 115 67 -243 -46 17 103 -69 -276 -200 0 205 116 8 -151 -135 -297 255 -154 -169 -53 5 133 -213 -138 -135 -63 166 124 131 11 -303 -92 239 -205 314 -173 -465 -250 -222 -324 -83 -239 -41 -247 222 283.7799999999999999999944464905392601669]
[439 440 -30 331 -385 118 -3 214 45 118 -37 82 -101 323 -105 142 425 150 184 -91 91 139 10 3 261 -119 228 144 -103 -308 245 -629 -57 -39 -81 13 -198 102 46 361 -63 -80 -171 -192 29 -99 -160 -25 -286 -147 39 62 16 -139 -76 -155 -169 20 140 -137 39 -125 292 -93 -424 88 54 -146 97 54 -22 -9 239 -70 -82 145 15 392 -489 178 376 142 502 -153 252 55 476 250 -134 22 -143 278 472 138 55 235 108 33 -195 -292 304 -213 269 304 268 217 156 -24 28 -81 194 59 384 -124 21 -139 375 -282 88 291 31 -79 -132 -194 300 74 -15 122 216 -105 -155 -20 455 -12 -187 -53 -14 -130 -63 -105 -101 339 97 386 13 165 -212 -352 281 -11 -89 276 -128 30 -3 -237 335 67 246 223 -216 136 -22 42 116 169 35 -91 72 -10 223 22 -101 -149 -46 324 -162 270 -103 -94 -46 -4 237 6 123 -108 138 -58 110 125 124 128 171 -223 326 -42 180 -476 10 -59 185 232 -16 239 349 -228 20 497 -144 121 -424 47 -212.8350000000000000000046986201071238689]
[521 718 669 -459 237 -60 239 -83 257 153 187 106 25 339 -27 42 107 279 361 -33 255 193 203 45 121 172 2 18 136 -149 -109 -135 128 32 -55 -200 -238 328 275 44 86 -21 -65 180 11 -416 240 -283 -77 -243 -246 -43 73 -307 119 60 25 -32 -173 -107 -2 162 323 441 -60 183 269 86 -177 -29 -39 -151 -16 63 2 143 -84 -387 -311 517 101 133 -1 -315 142 -616 383 -321 -267 -114 -10 17 78 188 99 -321 -117 246 244 -30 740 -147 48 -182 141 36 -201 377 -253 396 31 -149 -7 55 -426 -182 -87 -11 -157 -153 83 278 322 63 92 -78 -99 643 205 -133 -230 -605 -49 138 -58 40 331 273 61 -152 -425 42 -176 96 -200 401 89 -135 148 -291 207 -54 -9 -2 -85 -122 291 89 128 341 -54 231 -61 -177 -118 -358 -80 -77 271 -199 131 151 -43 -243 384 353 -142 -286 -320 -196 36 143 -142 -117 149 126 327 428 -168 364 -298 141 -187 -487 -279 -278 120 -167 24 48 -160 339 133 -38 92 103 79 6 456 -460 -23 42 -212.8350000000000000000087246511278808041]
[389 -281 -67 550 -93 61 64 82 33 -297 258 71 292 -241 -57 211 124 -9 247 53 110 94 219 -14 -335 -93 105 187 -51 -92 -477 -157 178 -82 183 103 228 86 -127 -292 216 293 -18 -417 -138 -268 -531 -76 7 -257 233 -123 -99 35 464 -216 -313 -7 -365 291 164 -134 256 -365 -49 -201 -135 54 -170 -91 247 434 65 -119 137 -4 573 317 71 -162 -221 -292 299 239 -307 -140 -78 59 83 -94 13 335 525 -154 -152 -62 269 407 -178 18 150 231 133 -97 145 163 -284 16 163 176 146 -292 -15 312 -223 225 -3 113 211 -145 -78 198 8 -38 38 173 44 5 191 -262 -143 131 -71 122 -275 -251 -61 -179 38 -75 72 27 -6 -133 -272 353 9 131 219 -213 -124 288 145 -561 -19 348 119 453 -8 -352 -552 -190 4 87 -20 108 -117 290 385 62 140 -68 -30 28 -1 -521 112 -22 -210 -163 308 -245 -141 -56 -176 -101 19 -137 -199 -345 337 -187 -282 240 -177 -63 -21 -12 -200 -331 94 -39 31 -103 -75 259 72 -57 -89 105 -175 -13 -425.6700000000000000000081055476045450345]
[-889 359 -663 -204 54 112 -45 -351 -200 -141 367 -203 -17 -353 299 138 206 63 -138 -46 41 -219 -165 -192 -17 -81 208 112 92 351 -338 379 -192 116 -122 322 -107 -119 178 106 -48 -101 127 34 -201 -24 435 -32 -88 62 -101 -114 -19 118 -68 215 285 -63 -106 -202 -19 -89 -25 289 -227 263 -58 -219 -28 -274 387 316 10 176 -216 115 -187 -60 -90 287 -62 7 -169 109 -386 211 -68 126 -52 265 59 48 -38 -325 179 90 -436 274 44 359 -55 469 -59 -96 -5 -147 -150 108 -117 293 -32 -212 50 -109 276 -109 -150 -49 42 66 -82 -146 132 -29 20 165 0 208 122 26 57 -18 219 33 273 -330 131 20 -91 19 -250 72 14 -412 -125 65 -283 567 -57 326 128 47 -242 208 378 -163 1 -133 78 -86 3 -136 99 -87 -36 125 90 -139 -196 -237 -239 7 -35 246 280 389 113 -330 114 -245 102 545 -121 337 -482 -77 332 297 -85 55 -178 -405 -89 -88 44 -110 123 -208 71 93 213 -46 -151 37 349 49 -57 -118 30 -28 324 -316 -212.8349999999999999999969753623590998271]
[650 907 -228 359 -71 137 -206 137 -33 -332 -139 95 18 168 321 162 364 440 56 -98 -232 -71 -182 -156 -226 237 -263 -38 97 43 -100 -161 65 -43 -233 -360 60 -83 142 118 8 20 140 -15 -98 167 -39 -365 -313 99 50 -179 -97 -102 -83 -167 285 43 125 -55 -254 207 -199 287 3 -179 -100 -99 -254 -55 -478 208 -433 185 154 54 -3 192 140 -163 -538 -13 -286 42 203 -282 167 -251 182 164 -200 -87 -274 54 3 191 -100 17 176 -157 -136 -104 187 345 207 -85 20 -180 -131 -10 161 -59 -194 -333 139 -108 142 -31 240 -98 313 192 -120 -11 224 -5 98 -176 72 -234 -364 -285 -444 -111 -76 -22 312 166 369 105 -174 -249 17 -214 -215 -44 333 -40 -38 -40 378 -503 -76 522 -175 -92 -167 -106 -39 234 171 57 196 27 92 193 -2 132 -275 1 -169 -316 46 -167 85 3 485 -85 318 164 -89 -8 -63 36 -21 163 218 41 -281 -76 -205 193 -117 -24 -14 336 -161 175 -33 202 -332 60 312 -12 -106 -178 -222 -135 -330 82 92 -71 0.2498584666334516401454496565062712853944e-20]
[845 947 372 -541 -348 -325 -330 266 -171 -113 -288 -52 -425 126 -94 -197 277 -252 -321 330 -110 -230 257 -269 -161 31 7 -143 374 26 305 -178 424 -254 -325 -275 -282 -396 -185 -55 -109 -85 -490 225 -191 419 -122 245 -297 255 41 -80 75 -50 -160 75 -151 42 62 -159 -198 32 -252 -103 123 271 -22 -184 -16 15 145 53 62 -267 228 -44 -170 -159 -184 168 -27 -87 -141 -44 23 201 273 61 187 -65 -188 68 -68 -230 143 20 -16 -179 -182 -174 -380 214 173 102 140 -207 -271 -47 -199 -153 -311 -19 -152 164 501 -110 -103 195 274 341 -66 -346 -271 -42 137 -4 -398 105 34 225 59 8 -70 -239 150 -209 -89 137 -183 132 -147 536 -64 280 -156 -362 -229 334 -200 256 456 147 42 253 -139 -200 -85 55 6 -291 129 42 -117 136 -303 10 111 -60 -159 -66 76 -444 -263 216 -86 -98 163 -154 132 377 -283 76 -343 448 -171 281 -162 -289 -63 -101 -45 129 -69 5 -92 -75 -56 -119 -145 -162 -56 -75 164 -284 320 -339 -35 189 -195 -29 194 239 -70.94500000000000000000276054268506634478]
[820 757 -150 -698 0 331 -343 319 -492 -17 -116 640 -352 130 279 -427 -209 165 158 -220 142 174 342 -44 -178 61 149 151 189 -219 283 -1 30 345 -481 198 -156 -405 -103 101 202 114 94 90 356 564 -102 19 235 135 -343 88 -19 1 227 -126 -312 -70 -201 -313 146 -90 -75 157 194 -19 -78 -149 121 -47 45 -195 12 35 89 -109 187 -70 210 -101 48 -214 167 241 -85 117 308 34 65 -277 22 45 291 -193 -267 62 301 497 195 -4 -66 -102 92 -231 275 46 10 -158 -131 -110 42 -192 -96 11 -38 -89 4 171 -66 -196 19 -578 146 339 -62 -439 -315 284 -156 -240 -78 -239 116 -212 -450 56 18 32 -62 -83 -154 4 98 53 -249 264 54 -27 441 64 -201 129 97 485 -183 152 -71 259 -37 253 -38 -158 184 51 87 -63 546 -39 -150 61 -209 -238 -93 -245 -324 -647 -214 -53 -248 -259 94 120 458 -275 315 101 -14 -89 -165 -435 168 -298 231 237 -4 77 176 12 -430 279 -387 55 232 38 185 238 -467 -59 -170 484 -381 -44 -0.7134432783269863695765899969103429612005e-21]
[-676 -830 -74 929 -197 -343 -10 38 -145 206 -144 104 173 71 177 -264 136 156 -365 101 26 -238 67 -81 122 247 120 314 -21 26 172 -28 -14 -467 -48 -105 -168 144 -19 -137 -3 -461 177 352 350 -288 422 -217 -141 56 -2 63 -107 51 -32 192 364 131 -27 -76 -129 254 -108 61 -225 72 243 -54 78 -85 100 75 79 69 259 207 40 -238 -88 -110 404 267 24 -341 -85 49 -119 -91 80 -185 12 -285 80 266 -138 154 -80 3 -273 -342 26 355 -143 188 -120 -66 -80 -9 232 180 140 -171 -54 26 -478 -189 94 108 -128 -150 -78 -89 106 -108 121 -321 250 -44 -337 -74 137 -8 267 -103 47 286 -251 304 125 -31 -502 37 127 192 106 -313 31 425 -88 19 -124 2 -118 184 138 -522 89 -196 268 219 260 -111 -79 127 -62 -278 154 -341 -258 568 -41 -324 -252 368 185 328 121 221 160 184 37 3 -139 59 163 362 581 265 -12 -134 -14 96 -45 165 145 -532 91 -565 197 59 42 244 -202 413 328 107 108 -317 45 -64 -57 -133 -283.7799999999999999999822110194992058288]
[-683 305 737 -125 -174 391 -116 8 83 10 -154 130 46 -338 -269 216 180 -127 220 -2 245 209 130 239 90 -22 -44 -7 377 -34 -351 -367 -48 -204 127 -1 -78 7 354 -135 222 322 258 -418 21 36 -115 54 160 -33 225 91 39 88 11 -32 80 348 -238 124 191 -175 431 -75 -336 -285 12 -234 -76 -202 -277 133 -37 122 164 18 115 -128 -16 -318 77 48 330 42 -36 45 -6 370 -246 -294 23 99 269 232 -415 214 141 -129 42 -233 129 96 -191 418 -49 -302 15 -92 142 -96 -175 149 -134 -176 -217 550 196 -290 53 -197 119 -97 -335 119 392 -49 -281 -22 190 262 -495 -48 -140 -38 -40 -166 64 76 -253 268 393 -471 225 -73 17 -118 -16 19 198 -320 137 143 262 61 -290 -29 -3 14 -91 202 -21 118 -345 67 156 -164 -252 448 213 112 245 -139 -439 -342 -45 81 231 344 -163 -47 -153 -312 -138 225 -264 140 -54 -63 -105 42 -83 139 89 56 -60 -116 -264 -34 -49 249 378 -108 -14 280 -31 181 138 -116 -99 -85 142 -129 -212.8349999999999999999968128294466688266]
[-633 -102 236 -290 245 -33 -30 120 -174 -124 -124 -181 461 188 -331 -190 231 -236 -174 296 394 -236 133 -229 -103 74 14 168 0 -264 -272 -39 171 62 -211 -492 112 -45 -66 -161 264 -145 -281 97 -65 -119 99 386 -392 158 42 407 109 47 -134 287 42 -276 -132 -140 -161 270 14 92 -317 -273 58 -108 -202 -330 -168 258 59 248 454 36 250 -232 -44 138 -75 -130 -58 91 -313 -161 -200 -70 246 -32 -203 174 -48 112 205 242 -762 -19 -60 40 -119 96 -345 418 324 -318 69 350 -163 199 11 -92 -63 308 305 439 124 154 5 -139 -383 148 72 -96 70 -41 -113 -24 27 -221 81 -156 -223 7 126 113 265 42 298 -30 -247 29 -519 191 -576 -127 243 315 -252 165 -143 266 332 -1 -168 -330 -83 276 -191 32 -78 85 -71 190 20 226 -4 220 -20 -169 -9 -429 -315 32 -23 -97 70 139 19 -200 -39 -26 -525 297 -317 90 -315 -90 -370 54 417 -75 -336 248 26 -43 15 324 349 29 17 116 -255 -238 -227 -152 67 -278 76 -388 170 -66 70.94499999999999999999196614396546931951]
[428 -663 667 -985 -294 -191 -22 98 224 -140 2 -15 -265 196 39 143 -73 10 -93 71 -173 -278 -31 -142 -17 -3 90 248 -133 -19 318 -306 -97 144 98 99 -192 144 76 340 181 -325 -176 -94 33 -288 37 -612 -129 -351 51 153 55 -331 240 168 -52 -23 202 -478 147 79 -148 27 -24 125 -48 87 391 10 123 -71 237 112 -22 -334 -249 -113 -147 -162 12 146 -187 81 198 204 -144 271 178 -76 -94 38 184 -46 173 94 383 195 -223 -178 101 -289 -193 -207 7 -299 -497 168 222 -47 66 86 248 -71 571 204 383 -300 -43 185 -176 -275 -74 -6 162 395 140 -139 37 187 207 -176 -104 125 523 13 -204 140 145 -171 50 139 -97 299 142 -103 -298 246 -55 376 -88 -40 -189 -197 304 176 0 -79 154 50 261 -279 -392 -241 -385 77 -255 122 228 -132 12 24 79 -40 -57 26 85 45 -173 -122 -18 351 -201 33 -352 44 2 147 466 -14 -151 26 56 44 -33 -3 -68 -724 272 206 -332 243 -7 -24 202 38 -194 176 21 -217 -24 -226 -141.8900000000000000000082386014801552643]
[830 -230 669 -819 6 -182 -71 0 31 -184 74 323 253 -77 -256 261 88 204 74 66 197 247 -450 208 77 89 76 307 -48 158 -333 32 106 -560 -136 -34 -150 28 -196 148 170 26 157 247 395 261 248 -262 434 -2 -249 -290 249 -68 328 -6 -160 438 -288 -312 -61 326 -213 -160 272 -271 44 189 -565 -260 -453 -93 237 -157 -28 -175 54 235 -150 -414 -141 -73 176 -125 21 -636 35 -22 539 -432 -251 -240 -67 213 56 -155 307 199 328 118 -239 280 -140 -514 -79 -242 -8 272 -182 -363 -327 -370 -327 37 -356 92 19 -375 -134 -556 92 177 198 -20 106 -363 -438 -136 -70 -137 -468 -249 -198 -41 -265 317 57 -30 -41 388 38 11 72 51 -243 -41 -93 -11 207 76 -156 -71 -164 13 -31 -263 -320 143 133 41 -227 -132 -221 524 -37 462 -296 247 110 -74 52 69 -103 -103 30 -403 125 220 190 38 -219 -192 -245 -130 -56 197 -367 88 -21 180 -177 -298 18 25 29 196 147 -159 114 64 -299 -149 -5 -105 -15 -86 -274 6 -43 87 341 265 0.4788484750377688450859574331198997843018e-20]
[-556 -586 -978 571 47 84 464 197 181 339 -75 -384 73 8 116 -227 -285 -176 279 214 -540 73 -212 143 253 100 105 22 21 227 -91 -196 -257 -33 -140 -10 218 145 -294 46 271 34 -92 191 -330 -323 -173 -225 195 -68 -302 -52 394 -101 50 -355 -246 -121 428 -442 164 14 -164 42 -41 -7 68 -55 -66 -75 -59 -259 -41 -462 -266 71 77 296 55 272 18 -278 -114 476 17 -313 -21 -506 39 251 -59 182 -420 -98 332 -9 -69 -376 43 105 294 -85 60 -177 41 204 358 504 -326 -221 -41 -148 397 -75 51 -8 -57 -25 -163 -264 -2 438 -31 100 -365 98 147 -81 51 208 359 -411 53 -178 215 62 348 -211 244 -160 160 168 -196 -346 -158 342 0 -528 -368 -1 107 271 383 -26 306 -98 260 78 -317 87 26 -204 549 -290 -22 205 -111 149 444 -193 38 190 665 312 -90 271 -120 -177 250 -40 111 21 -472 -522 -102 11 -21 78 65 159 306 220 -56 -334 -229 -265 182 236 272 -162 -210 122 -59 -210 -151 -52 98 189 265 -46 -226 166 -70.94500000000000000000560119723084708208]
[305 -469 -560 635 311 -385 107 -34 222 122 441 66 -369 -101 70 -50 -106 152 89 31 -271 129 -104 15 376 124 -126 -42 73 206 67 -250 -391 92 82 220 8 171 91 269 -104 -15 -199 -125 -156 -141 357 210 329 -52 -118 357 -234 -393 502 258 -120 -328 -131 119 -206 -259 174 46 104 -26 337 -126 156 -277 360 -13 144 275 53 -235 -164 -105 -43 -115 74 -185 87 49 91 46 338 39 52 -779 135 109 376 -108 -47 97 135 -293 0 -222 578 152 -25 276 4 185 -345 -85 93 239 -57 -242 438 162 235 722 232 -205 -10 -72 52 -140 57 -108 -103 -91 13 211 -92 553 211 -241 -86 59 72 -391 83 126 -207 -265 272 194 174 -71 421 -95 -207 174 -246 -108 126 145 -12 -225 -181 199 261 98 -389 211 -32 -27 -48 -231 135 -156 50 323 269 -60 -185 224 -115 -450 -67 -28 -106 -14 -108 -480 -68 214 84 -82 -332 39 -207 305 -73 -30 45 -112 253 -215 -167 144 -549 -389 -163 106 277 -419 -290 178 -177 -70 212 223 5 -335 -92 120 -212.8350000000000000000126892314744646074]
[117 -658 975 -898 41 321 -78 -119 -41 -35 564 -145 29 -90 174 179 247 -82 -194 -82 69 -90 -328 -296 -223 -238 108 681 -185 243 -50 -105 -332 -139 291 200 322 -68 -21 190 159 -60 46 278 -173 -225 13 -413 33 -145 44 -284 150 -30 555 -199 -28 188 40 -200 18 -127 -134 -221 469 -6 54 179 -91 471 2 -45 -47 170 -84 -208 314 497 154 -240 -369 -192 -151 11 -21 95 -365 -138 64 136 7 97 295 7 288 42 336 351 -121 67 -193 -256 -305 118 0 8 -97 -31 125 167 326 -333 63 80 -331 206 82 249 -74 1 -69 509 236 -106 139 434 129 -445 -107 -91 -61 -154 11 73 -16 272 384 -353 -95 -47 213 -519 -226 -71 -116 -61 1 409 266 453 -496 -66 -470 -82 281 28 -172 -18 65 -1 -239 -71 106 213 108 338 -67 23 46 25 -41 -47 441 5 7 -528 215 -317 158 -263 132 125 -157 -294 93 -627 130 -30 44 -470 179 -354 -231 428 117 -17 -31 33 46 63 -194 223 -3 241 91 108 -230 -296 201 591 -14 -213 0.124176902856086038046636217148377401287e-19]
[-877 606 921 141 422 114 -18 18 -114 30 -277 253 -23 -479 248 -69 -157 -120 -254 -433 -278 -166 -55 438 146 -54 210 -113 198 59 -268 194 -48 -217 -324 512 -70 18 123 -70 295 106 207 44 -150 280 -41 111 318 475 -34 86 151 267 -103 -47 62 263 198 210 62 -101 -210 -161 -18 -280 184 -219 -185 -340 167 198 -303 244 108 235 -231 94 399 -266 168 -389 206 47 -130 -106 240 191 -183 -256 198 -135 -190 122 -173 296 156 74 294 182 -129 636 -82 -50 -94 -70 125 -139 266 -48 -304 29 -26 -249 -309 27 235 15 -130 -132 -125 -485 -33 40 -17 -510 136 -226 100 180 -140 520 189 -3 -227 -273 -184 57 312 425 -65 -334 362 -190 -125 -302 18 102 -5 -24 20 209 93 218 -5 42 -499 194 -221 243 -104 -71 177 78 -89 135 -106 -65 75 141 -425 -192 -405 419 65 -115 356 261 326 423 369 444 -96 -227 409 464 67 304 -251 13 14 -165 130 -198 -52 105 150 167 69 -23 97 -503 -216 205 -93 -49 -224 -219 -399 280 -32 -110 -283.7799999999999999999927289453169347046]
[926 -538 -592 -384 -180 -51 -453 250 410 -229 162 57 143 -250 -413 -131 64 86 95 218 101 -176 -164 -36 -38 -350 -179 -76 139 -134 -22 -116 18 -142 78 -128 -70 154 -146 117 339 105 -108 -70 -288 -19 -353 -152 -126 -111 238 -98 -106 -312 156 -223 -106 63 -27 -112 115 179 -10 265 -249 -147 548 328 91 27 -341 -4 150 302 238 -231 -151 -125 -2 -24 -266 276 474 80 45 -53 -375 280 -12 119 -142 -84 -6 190 234 -173 -30 158 35 145 -172 -230 12 -97 565 -180 17 -179 -287 -95 103 -183 -200 -98 -45 -7 267 -179 -62 352 -36 -92 67 -198 112 102 -100 -60 227 255 -140 -160 -169 -55 -223 48 -145 -316 239 353 209 245 88 -260 -11 -361 354 254 257 28 75 0 -244 26 84 124 -17 -162 14 -300 261 129 -8 42 -82 343 108 343 319 -142 -146 -42 244 -190 -103 -89 112 50 -72 -19 -356 -80 -141 69 -380 190 -323 -349 113 -9 -540 210 -195 -83 173 83 -29 413 304 -151 -198 242 41 -325 44 -15 -2 110 -536 -49 -172 -123 -283.7799999999999999999996025520587539731]
[-830 -7 -583 -183 -186 50 195 -51 -23 356 -396 -154 -2 -154 -165 -216 0 -21 23 -64 -17 -190 98 -272 270 -106 318 346 -84 -24 -8 -98 174 -206 -118 -115 215 -95 206 188 -283 -200 -424 388 -117 -200 184 223 -215 592 26 -80 447 -77 -136 138 183 -34 132 -155 260 -148 -399 -133 -103 315 -265 -289 -263 -142 161 345 223 -300 -6 210 -147 -223 200 178 -109 -216 -236 105 -282 150 -262 82 -76 389 135 -136 -362 -7 -40 409 -530 -178 -347 -133 -41 28 -250 39 -345 -347 -485 214 78 106 -351 260 343 -145 212 -188 241 420 38 33 -163 363 -82 -166 233 210 297 -48 16 403 403 248 168 -72 475 98 82 -173 -179 383 -428 142 -128 -23 -153 -102 -123 359 -386 566 -306 88 260 12 182 -77 -264 98 -22 281 106 -60 166 -251 69 268 85 3 62 44 19 -209 -169 283 27 437 250 200 460 54 119 348 -262 81 -27 -57 61 35 -127 210 182 156 65 -83 261 -243 122 -509 90 -15 87 159 -53 -64 352 -301 -278 134 135 -132 -31 -164 -70.94500000000000000000086897934137503928]
[-351 409 -57 -593 203 38 347 5 149 472 38 -27 -120 -375 -22 -335 -24 -377 -1 76 -288 -23 70 176 -105 226 70 -79 -58 -335 114 382 -126 263 83 -217 137 0 -41 -110 132 -91 4 304 -199 -39 6 380 117 -381 -536 170 -268 184 -309 -238 -8 -86 247 130 -121 154 24 -145 -23 216 -42 -121 -153 206 96 -142 -229 -202 61 114 93 -97 476 271 177 104 -48 358 234 92 -402 50 214 -19 -161 -242 -285 -209 -30 -22 410 -374 -156 -592 114 88 -238 -390 114 242 311 -368 411 -128 49 64 -180 -2 117 -246 -154 24 -77 51 197 -509 -276 276 78 345 345 -148 -39 190 147 -95 375 170 11 254 -177 -371 -295 65 61 -217 53 -70 151 -305 253 -414 75 -261 62 99 -21 -358 71 -126 372 119 -102 -272 4 128 158 235 -58 -6 -264 35 -336 199 -162 112 -293 -181 108 225 292 -180 -494 73 -136 -60 153 -316 404 -102 168 208 97 -282 -395 340 100 54 -359 -338 -314 260 42 380 31 -277 -29 225 -223 -298 -159 -121 106 110 -180 272 0.2844176525732623243172109660237278916384e-21]
[-488 949 280 167 -230 -128 -140 65 90 -178 -50 173 -515 380 81 222 289 196 232 17 -386 23 -285 -96 377 136 -184 -128 168 -179 -52 -363 173 161 14 -304 -150 -51 301 -195 -1 -186 209 189 40 306 377 -86 -342 242 -233 -153 151 -105 41 106 110 -322 296 113 -79 -162 -195 41 297 323 -122 -61 -196 -278 -403 -7 -201 -144 -215 49 -32 22 -178 -188 -161 -57 -337 35 317 -20 327 -248 228 -337 148 32 -129 248 -284 145 85 159 -248 -434 130 -287 -15 53 -284 -76 -49 -405 90 -165 -112 -59 274 -161 -119 104 399 1 160 -1 -202 287 -210 109 303 220 66 -431 -60 217 -20 -30 -23 54 138 131 -3 290 -229 -34 -244 -317 -174 304 40 -315 221 123 39 -176 160 -402 -234 102 -227 -48 71 -142 316 180 32 100 266 -124 -30 213 -54 210 -359 -304 -27 54 -458 -334 151 -280 292 62 -285 -189 -188 160 45 -314 329 32 73 -74 169 5 -13 -4 325 44 7 419 -531 -126 113 169 93 26 -82 77 187 -139 206 155 271 257 9 -164 -0.870574475175816828842519242391551070881e-20]
[-747 -260 1012 769 -149 37 -98 -83 102 77 241 159 25 44 67 249 99 558 -118 308 59 -331 -158 53 18 36 -120 55 -133 -227 -70 43 77 -228 125 -394 -336 127 154 96 157 76 257 5 211 492 36 39 -124 -98 -32 37 91 72 -230 38 39 68 191 299 11 578 168 262 -474 -279 -55 150 -290 -12 -164 -158 88 -14 -225 251 36 267 -178 -182 234 232 82 -355 -26 33 -172 146 501 120 -261 -501 7 227 44 174 -237 10 291 358 14 94 -239 74 -370 -399 -106 27 -174 -40 -400 -59 29 -230 -281 -389 397 -246 340 -35 134 -39 -103 -144 310 -77 179 81 -141 -292 4 298 -113 484 -24 377 -73 236 -409 89 -21 -14 -24 -68 -440 -90 201 -312 -20 99 -22 -198 24 -181 34 -151 91 431 248 130 6 198 -45 222 205 507 -207 221 -87 -16 119 -27 -287 -167 145 179 186 189 163 -170 -274 160 100 11 12 53 102 -278 -108 236 57 23 -238 230 81 140 119 27 101 189 353 3 -268 55 284 -224 -37 -177 -76 -236 -183 35 -212.8350000000000000000003588905325790014]
[-441 -770 577 903 20 611 -221 118 394 234 -224 -18 -118 -202 -179 168 -120 141 44 140 -95 -53 1 -123 359 89 189 -68 252 133 177 -336 104 -211 -316 -263 -585 62 209 -294 -145 -46 -219 160 -26 -205 -31 -106 349 187 -182 262 97 -139 92 177 -133 -31 64 -237 397 -383 143 75 108 246 -73 -157 250 107 -340 -91 205 304 150 -84 -96 -42 133 -426 -105 153 175 293 121 -95 198 30 -178 -224 -210 -291 -506 -134 37 -225 270 -125 -121 447 381 411 184 -193 46 197 -325 -371 -87 -193 -53 59 327 -362 -314 -317 274 -3 -39 -351 224 -234 -12 -328 10 29 19 -161 -11 110 -64 -234 533 87 197 33 255 193 19 -163 -445 -554 -78 -224 373 -200 -88 433 94 -257 -56 -161 -154 470 92 -220 200 -400 -263 352 44 -188 66 -262 44 447 -55 150 -55 -280 -347 44 -326 98 -219 -384 230 259 -120 -149 -268 67 22 -340 -218 223 321 -36 241 334 -177 -198 123 -41 112 356 326 -201 3 138 -45 -67 -70 117 132 350 350 -113 -39 29 -334 -167 -212.8349999999999999999930435039123774934]
[-88 380 -21 -825 42 -14 213 -272 -321 232 -402 197 272 5 126 -135 -338 65 104 -194 184 7 -269 262 21 232 -328 -24 126 25 -3 186 -279 119 52 68 204 207 -8 -47 -229 58 128 132 -140 -222 -40 372 253 108 137 90 159 -166 229 431 -393 -197 -207 62 -452 213 126 137 -412 -103 -141 -328 240 -91 396 58 633 -147 320 145 -32 -149 -86 -188 218 173 186 -128 -239 17 -43 382 326 -529 41 145 389 -136 24 -235 -110 -191 346 100 -116 -74 -85 465 -121 11 -194 173 366 115 -319 102 118 197 349 105 -29 -211 77 -75 -201 12 159 -55 47 -165 -183 136 -114 419 294 154 105 225 -137 -273 -397 -204 -288 109 -119 365 31 -178 -237 -63 -68 23 -377 -80 -159 241 553 -69 -214 101 156 -24 -274 269 -253 -258 -272 28 380 -55 664 187 395 87 354 395 8 -425 13 125 -322 423 469 -320 -298 -208 -10 151 -293 113 -235 -396 -136 156 254 -48 330 97 243 -61 -170 -111 -148 -155 236 -449 -318 -227 -73 73 -266 270 -60 -312 313 45 -70.94500000000000000000910560933872616968]
[620 473 -190 -724 -74 -54 -606 -216 -202 -83 81 -13 130 7 -298 42 -294 -518 207 159 -266 -395 320 115 -110 -56 -112 -366 204 68 49 248 177 184 268 157 128 -97 133 90 287 -271 -414 -192 -241 -97 -53 14 74 -43 149 -189 61 82 -137 -201 26 190 61 -83 156 32 269 -625 -29 196 -37 -210 238 139 253 14 -210 -3 -20 -140 20 -159 406 110 112 209 153 7 222 -27 -29 271 -186 124 146 201 -212 -240 -231 135 -65 345 57 168 -20 27 -261 12 103 189 179 245 28 274 -148 32 -127 155 221 148 -488 124 73 189 -132 449 -207 -318 219 113 -215 252 393 -53 72 104 -393 106 -138 242 -129 212 -255 -95 88 -364 -77 -16 -180 79 -544 -213 -32 98 -93 -50 -20 60 -108 197 -293 178 -219 -88 376 92 121 95 0 -460 -170 -144 -17 7 415 29 115 -189 83 -379 2 -9 -181 -107 164 2 71 43 451 -134 -192 266 -75 7 -44 37 -203 92 -400 -87 86 -47 -206 114 109 -87 -48 43 98 186 2 -187 238 -273 -22 -89 70.94500000000000000000218632747476395766]
[-118 -352 775 -795 -248 -239 -41 69 117 -247 -82 234 21 -4 -3 91 -98 255 99 61 -415 141 182 -63 176 435 231 229 7 1 369 -131 -175 173 53 302 -458 -291 181 241 -225 58 -305 68 -131 -152 728 -161 66 327 109 216 -375 -165 -49 73 80 -25 9 186 -154 149 164 -329 -19 140 266 -26 184 388 305 -29 133 36 -176 237 270 -270 -176 222 401 107 32 -91 26 -238 143 20 -74 -314 -14 361 339 -176 -482 -135 -226 113 -105 -194 150 84 339 301 -273 70 -451 -43 236 166 25 -152 -56 156 336 -155 -47 164 -66 -105 14 -338 43 -16 -96 -380 172 137 273 -184 96 79 -183 326 158 -226 -79 266 -325 161 -283 118 -62 327 69 75 135 221 -52 92 -55 -281 278 -328 -163 -24 -161 290 172 261 -183 309 -564 76 -29 -733 -198 -108 -133 243 433 -34 -120 -195 80 132 122 148 -177 173 -196 -35 104 25 32 4 228 264 307 -540 -57 110 -17 241 -169 -249 96 -603 -336 -40 160 -114 -194 309 288 118 -189 -99 -145 -269 -291 275 212.8349999999999999999943056118904843549]
[145 684 -999 -825 594 409 129 238 202 -52 204 -143 197 83 303 -179 -7 288 -479 113 62 7 41 -170 -28 -1 79 205 -4 287 29 135 -146 -268 -319 -447 42 -142 -116 -442 13 -286 167 -119 252 -123 -237 21 233 10 8 -54 114 40 -126 80 -105 65 -233 131 249 -134 292 153 -100 -122 381 94 -158 -165 -252 85 2 329 420 194 -45 178 182 -395 117 -401 310 -59 16 76 -102 157 18 -5 180 -585 6 32 48 -58 -226 -1 184 152 -43 152 -135 183 275 -341 220 -154 -220 37 -292 -167 230 179 -567 8 245 100 -11 -214 -207 18 198 -248 64 180 -113 -355 -166 -11 133 143 225 -325 -400 -10 264 25 102 -298 -288 -231 75 26 37 -183 82 337 213 45 -340 -53 -269 278 -287 37 -35 184 -210 77 21 88 399 340 129 335 -18 134 -200 170 -447 -390 -66 121 -253 -181 -270 220 -10 -120 191 351 -190 -91 2 148 -107 60 262 -237 97 -62 -4 399 195 215 166 125 -161 -51 -128 -194 -148 46 -66 -106 351 -381 -387 197 -335 -24 0.7620850526367989606498192910882805151118e-20]
[755 -724 528 -76 2 191 118 71 -60 74 116 -100 -48 282 -175 109 89 112 367 -171 108 8 -40 67 -177 198 57 -157 -150 -406 -343 -197 0 388 220 -390 172 47 229 206 -526 -50 -314 46 401 186 -123 17 86 124 -308 254 -171 -239 -40 -94 -70 -601 -386 64 -190 -190 42 16 -66 148 -494 205 -199 271 7 -204 270 -325 24 -204 133 -73 -49 425 -316 22 -278 151 176 56 92 129 -20 127 -332 13 -292 -213 55 37 230 -240 -153 -447 9 -24 260 -686 -226 40 -42 340 -150 32 15 205 -228 318 415 -342 -234 -3 252 114 345 64 -173 104 50 598 55 145 146 -10 -244 -297 341 154 153 -271 30 -363 -140 167 47 210 202 272 257 2 131 32 -94 -220 -11 85 -48 -508 -198 353 -400 -287 51 -387 84 -173 -112 -110 304 14 -315 -151 100 8 -3 294 -61 -518 78 189 111 -12 -322 38 38 -112 100 37 -74 -142 -491 -129 324 514 -25 138 425 -63 72 196 -420 451 -206 -187 -362 -440 9 -198 -166 -63 0 149 -43 -514 50 -72 354.7249999999999999999889743727750504534]
[562 379 490 258 -252 -172 354 17 134 -24 -408 301 -267 195 130 257 146 14 -59 36 -242 -126 38 -69 94 186 -107 158 -161 194 3 246 -107 -63 110 -310 39 -90 -171 -44 -32 248 -21 -8 -296 -64 101 106 -115 22 225 -193 192 287 -253 58 113 -74 346 233 -379 256 -36 217 -67 -37 -52 -85 -44 239 -13 214 59 -542 -53 164 73 -354 -150 -238 -67 -74 -232 -196 -74 149 -22 333 533 -64 25 149 248 -140 -242 262 -148 -447 -60 -186 -552 -74 109 174 -357 -425 -244 -41 517 -92 166 181 -37 -26 42 -142 -108 -216 665 -121 -422 -357 -202 222 288 367 172 -588 -155 -1 239 286 -303 -82 301 397 -346 209 -272 -152 168 325 33 106 -172 -80 328 100 -353 65 107 -17 424 -364 -395 -380 -32 388 204 133 -116 28 -342 211 58 -105 -198 184 -16 136 -46 -2 -101 35 -92 323 174 428 -308 165 -486 -89 -115 -7 -216 41 130 83 66 -246 181 269 -316 41 76 25 -127 -225 -274 95 274 310 -71 105 329 -174 -56 452 35 44 -9 112 -212.8350000000000000000014861050629414975]
[249 -583 -704 -431 169 -35 163 209 327 -36 99 -194 3 -172 -232 -120 204 -283 3 92 -137 420 108 -9 -243 -314 278 57 281 309 194 -165 -204 50 187 -153 271 -189 82 85 -316 -50 -86 -10 -82 -132 -214 73 -408 -239 -108 -333 -113 47 -24 -137 -27 228 199 -18 0 -229 -224 113 216 315 395 42 -6 5 -301 -27 -296 -55 83 64 68 231 108 199 -344 -120 -42 400 65 55 53 38 -236 529 33 170 40 -59 44 -271 -226 -34 -42 -378 181 -231 11 254 200 153 -67 87 -292 94 50 162 319 164 253 156 38 260 -181 207 229 168 -49 22 -168 265 -64 143 95 224 187 -440 -200 -152 348 -16 450 8 184 -39 147 543 61 -39 -71 -18 -51 -596 134 133 -85 -93 8 345 -154 -22 121 340 -231 -175 148 284 165 -138 111 121 -72 145 219 219 -27 72 565 -105 -48 -66 186 -593 328 44 72 212 36 154 -172 -232 -234 204 127 -221 -220 141 19 -80 -103 -66 -161 -27 -145 72 -318 133 348 -320 -446 -124 -59 276 -48 -45 -68 149 70.94499999999999999999995589311415153867]
[-644 225 772 -341 134 122 167 -128 -359 88 584 89 -223 -403 -33 38 -10 10 278 -30 -159 144 -56 -171 -285 -75 -114 470 -407 101 171 120 -155 39 151 113 142 -80 301 138 -264 -147 17 -168 415 27 46 279 403 -202 -90 58 -464 -466 201 125 -59 -299 -270 60 77 -404 174 173 13 407 46 124 248 -388 469 50 310 -248 -34 -97 -78 82 145 341 14 -173 -32 546 122 17 -656 3 -108 145 -265 -381 -142 -222 -221 -136 -250 -229 -97 -372 71 -70 -201 -303 209 533 -305 -294 -377 131 -349 -148 161 78 131 -88 -184 209 -263 119 59 375 -173 -279 -185 265 1 227 90 420 71 17 487 170 65 -335 -51 89 -181 -260 -150 -33 43 3 268 -139 -317 15 293 227 151 -285 -66 100 20 137 -18 -226 176 -337 376 -261 152 50 -108 -541 -161 -158 -66 82 -171 296 -137 -452 -33 -113 -160 -226 -89 50 146 61 386 343 -172 123 -93 -14 72 -283 -301 -277 240 288 -36 -75 -151 9 -211 354 -152 -84 -129 -148 -219 101 6 -245 -223 -590 -82 -229 0.15298366155870129393989432283612606156e-20]
[751 913 -968 -566 148 133 -261 282 73 -212 311 37 -501 -120 247 -353 -223 4 -242 58 -227 119 19 -17 241 134 116 192 32 47 221 -354 256 -403 -16 -104 -392 -47 7 -302 432 -216 -44 393 -39 104 145 152 -108 428 -60 177 -124 283 115 221 238 -351 124 -204 301 -230 216 -195 273 -25 -54 -180 46 -260 89 -334 -222 -150 -126 55 90 138 -89 -101 244 -162 -181 -134 20 19 -54 -419 -305 -239 -111 -265 -144 151 -95 -225 32 214 -444 364 185 389 100 -139 22 12 141 -46 -217 164 -229 -493 -25 -55 -472 100 81 562 226 55 -174 284 -172 -191 -98 -260 141 -32 -180 -8 -28 25 288 72 -186 -194 364 98 -269 -293 -164 -226 -238 458 172 83 88 288 234 56 -187 -256 -93 106 121 338 8 -241 -145 481 -17 159 601 148 -305 84 117 -357 -570 180 -54 -310 -481 327 87 -363 -139 24 -358 157 39 92 -221 -102 476 153 249 -24 60 -235 412 -346 -46 4 -178 -148 115 133 -78 105 -38 315 -183 328 160 -111 346 -86 76 342 73 139 -0.1665007944318407795792431804610123080579e-20]
[1002 -326 -627 371 -143 176 280 157 52 140 -356 106 -129 194 -130 241 -107 -33 106 198 557 468 86 82 135 137 298 330 -174 414 -1 -416 160 -147 156 36 -12 -46 231 -380 143 -140 -268 330 231 -432 284 -46 189 -217 -392 -251 -119 -82 -33 184 -346 254 -197 79 88 -217 -386 -551 243 -38 -153 -258 -196 87 115 -188 155 -465 -6 -108 123 -451 49 -57 328 94 -167 179 -269 -283 -56 -15 92 7 22 287 -43 -79 -235 -90 198 -195 -324 -235 -254 103 215 -229 -194 188 -300 -157 -57 -203 316 -312 65 245 38 -376 -322 42 -209 -70 259 -142 199 307 54 14 64 105 111 254 -169 -346 325 49 310 98 -780 302 -73 -154 -532 257 -191 239 322 -268 -308 169 -208 -82 11 -165 99 69 -158 -359 234 32 281 -169 -85 -269 -70 19 -269 43 69 69 56 43 491 354 8 33 56 -126 49 114 62 225 -16 -176 -82 13 -9 64 328 106 139 -29 -184 214 233 -66 -70 -156 -13 -392 -419 -314 -246 235 135 -107 -54 -89 -18 140 -142 -21 435 245 -70.94499999999999999998764661841874993384]
[246 213 -761 665 -34 -75 18 273 67 132 275 -182 177 178 151 -352 -199 -64 -318 269 -109 17 -5 -22 -63 271 -255 -383 -29 300 187 63 -244 24 14 16 459 -243 -340 -190 14 -9 -125 432 134 -269 -38 331 161 151 -182 399 -310 -246 155 -24 -171 -394 90 198 -89 -194 152 -130 -285 86 292 219 215 437 259 -120 85 -204 418 88 59 -303 150 117 30 -281 -105 -251 178 -112 303 -61 -129 -121 104 180 -46 -464 228 -42 -111 -267 239 -224 -86 146 289 143 65 301 4 117 127 314 12 -256 73 -79 -336 -511 -180 -382 -19 43 139 330 332 -48 -311 109 163 -47 3 166 512 30 80 104 -45 -143 99 183 -263 -387 260 129 22 -503 -10 245 -165 -315 -578 -269 -252 389 28 222 -298 13 97 73 -196 152 29 -141 317 -40 98 -430 269 -37 297 133 -438 186 318 -221 -16 -59 -261 -112 2 -17 136 -69 66 -36 40 -150 257 158 124 64 111 166 262 -49 -113 30 -171 -5 215 -624 163 -287 63 214 -93 -164 491 53 160 -120 -15 294 0.4165206582199682936792234106554433381575e-20]
[-284 -511 -892 -79 -15 -147 102 -220 -115 -355 -256 76 240 50 115 341 206 223 217 134 84 135 -191 -133 24 -264 76 173 208 18 -55 103 45 -229 281 278 118 -211 -124 -99 -67 -371 256 307 -217 -201 -347 -226 -102 81 -208 -441 38 210 533 -121 -186 256 42 -294 153 98 -121 -511 -253 283 -171 86 -272 -250 -83 216 -105 168 -228 -62 161 146 344 -110 -740 -2 249 276 -425 -176 -155 245 176 448 -140 -34 22 -226 50 -16 91 238 -206 -5 48 159 -197 -380 -209 215 -6 215 -225 440 283 74 -3 230 -393 164 110 118 82 -61 -207 275 17 17 -74 339 331 -71 171 -428 -330 334 -89 226 -6 -9 332 -386 105 -164 -34 243 -115 -292 -377 118 -171 101 -132 219 -244 -155 -365 -75 58 64 -229 59 -18 83 -723 -152 213 6 62 458 -37 -68 -235 -181 67 -25 420 398 526 -276 -203 -290 277 -366 347 -186 -156 -232 381 -280 214 -1 138 -78 669 -190 278 197 -213 197 -370 32 -173 -278 -211 -38 300 424 90 284 -102 251 251 327 -88 101 -141.8900000000000000000112662495334193118]
[871 824 -630 99 -73 79 -332 219 212 -9 194 -83 285 -139 115 372 29 132 105 60 39 123 -186 248 -497 -52 -17 -254 30 81 180 -109 -391 104 287 -348 356 67 129 30 -125 -8 42 -302 380 -33 -321 -212 150 -17 54 -36 -150 -194 -330 125 33 216 61 -189 159 198 -116 -72 -382 2 -267 153 -156 92 301 -120 126 231 -290 -188 43 161 -24 4 -190 242 -159 73 -37 216 -90 324 -158 156 -79 -63 35 -235 -65 -48 146 -13 -110 146 -156 -513 34 208 147 158 128 163 -376 119 224 -75 210 -42 282 15 305 -567 254 147 275 247 -196 318 -36 307 -143 -238 180 -51 -173 126 -46 276 277 195 119 -195 235 14 437 -3 193 -381 116 -277 -112 -298 2 185 -464 -31 -182 126 -198 52 -134 81 339 -238 352 -107 -154 -87 -26 -103 24 225 111 1 82 -112 147 -509 -277 -221 -15 35 -76 -288 257 -165 369 28 -177 -90 24 -575 -99 460 243 -95 47 546 94 191 -434 332 22 25 49 -108 420 -147 -17 -43 82 165 -29 -497 61 -20 141.8900000000000000000030349455714905481]
[-75 -483 -428 -241 68 247 55 -67 -32 3 286 -53 365 -8 488 -525 -324 -312 -316 126 -31 472 -502 25 -64 188 -185 -235 159 -4 34 222 -72 166 -188 -9 569 84 -106 66 339 -24 -43 169 136 -428 115 156 362 300 -21 -75 84 -58 1 18 -53 -60 -32 -16 122 -112 -277 -186 34 -78 -358 -247 -171 78 98 93 16 -140 161 87 130 153 638 165 -27 -457 -580 -142 231 -19 -190 -71 -57 -265 -32 225 -253 130 169 53 48 234 116 -196 -122 -283 -100 299 292 -108 -146 -85 170 -98 -227 -536 -312 141 70 358 62 69 -87 -165 97 478 249 103 20 2 10 -238 184 202 290 -138 -229 -259 -189 -86 76 -337 125 356 -125 -252 -107 -41 371 -73 51 -15 43 156 -286 -48 -14 -128 -156 274 -346 -79 -18 -151 408 227 365 50 -187 -194 307 87 198 35 315 -320 85 -332 -440 -376 329 -108 335 -42 179 -123 -253 521 169 42 -332 -82 137 -286 -329 -109 134 260 76 77 -153 197 15 -70 -349 75 39 -300 -520 -366 -286 -113 -336 96 162 -92 496.6150000000000000000067770847173608169]
[-273 919 660 921 47 279 -140 259 -195 -208 96 -93 -194 -310 240 -138 320 -221 -77 144 5 -87 -394 112 25 90 195 161 121 -173 -17 59 109 -258 -423 -489 -470 -29 350 182 -4 -368 157 -28 35 16 150 -154 -141 7 -14 -39 -3 -14 43 478 66 -121 -194 -134 -143 7 -161 147 175 29 -197 152 -76 -616 -126 254 79 -57 -90 142 19 -118 -259 9 126 146 -130 -84 -305 21 -534 -232 329 -2 -139 5 65 103 186 98 -357 534 68 -242 -11 -84 196 -164 -25 76 113 -155 -326 -260 -349 -490 -82 141 267 49 -145 -55 -208 374 26 147 71 10 184 -315 -349 -126 79 -76 31 -345 325 48 -169 -17 -84 272 360 -505 -443 -358 -152 -50 -265 67 -98 281 161 183 -114 -157 -436 -143 295 -460 179 -367 -5 -167 296 -373 407 69 -123 397 61 -160 -408 -66 22 90 -322 -9 46 134 5 -83 -309 29 -328 53 -86 393 -251 408 325 284 61 234 -109 -132 -449 142 195 -239 174 5 49 195 -528 -1 -128 -417 -110 -116 107 -47 -428 -221 600 99 -141.8899999999999999999979598625298056257]
[-870 -718 470 151 54 -308 233 -228 -12 311 209 172 -155 434 436 156 4 99 241 -52 163 48 -208 158 -152 -269 46 58 -118 65 3 -357 130 -146 147 727 -256 187 303 408 -11 60 -211 -175 -74 -89 50 -80 246 -73 -266 -30 43 -542 212 -259 -206 194 -84 103 188 -159 -85 94 337 248 -68 144 -94 -114 94 -238 98 -132 -435 70 -353 111 -136 441 -177 7 268 12 119 50 140 46 -335 48 9 245 1 249 -151 -132 54 205 3 -92 467 -639 131 -73 -252 268 -218 -201 -548 217 -49 -276 132 57 222 -79 59 236 -126 427 3 72 104 101 199 261 110 131 393 -66 -417 119 -107 166 -135 -92 75 -252 120 170 30 -60 67 206 51 161 -245 42 106 614 125 110 -385 49 -106 13 -288 181 447 -31 -85 122 -335 -142 105 -186 174 -20 372 -47 67 221 368 -283 396 162 -160 -365 14 -370 233 131 303 -158 288 -134 193 -312 -158 44 92 -394 70 -228 -147 -197 -368 -238 -75 -172 260 241 123 143 285 24 -180 92 -28 -375 48 82 141.8899999999999999999981262358948022807]
[-94 -428 824 -378 165 -32 444 -359 144 259 274 465 86 463 292 214 126 257 255 347 169 -31 59 40 -182 -9 -177 -20 189 -81 -20 -11 -48 173 252 -22 -209 483 -23 141 -202 204 223 -271 363 7 96 -263 254 -190 -181 252 -428 57 -63 -66 237 -218 -23 192 -129 339 -76 691 -106 -203 42 181 -194 -19 252 -78 -316 93 -238 -114 83 -27 -201 -36 -89 127 -317 72 90 15 448 107 -74 -102 181 -233 148 42 -266 -166 -7 -136 -40 -48 67 36 35 44 25 482 57 121 -230 -257 462 28 26 -199 -618 -11 -12 -347 -3 50 -79 -158 -179 -37 167 142 486 -356 -94 -15 -266 -258 221 -23 147 232 14 449 2 -209 -11 -343 -49 220 426 169 323 223 42 -320 181 28 25 -101 -384 9 -44 -268 -118 259 -128 -104 -393 -165 -137 -78 262 -265 139 -374 10 424 -160 -200 -126 -7 -105 -8 -520 -440 -106 23 296 94 -20 -201 105 272 -366 -96 187 -451 297 -131 367 -7 -244 141 356 -81 146 99 210 176 -160 85 -31 69 291 -80 176 -86 212.834999999999999999998935635260443942]
[548 -976 -780 -73 36 -189 -147 182 113 347 25 -118 -79 106 185 -381 -17 -654 -396 -102 332 -59 -232 0 -6 188 139 496 166 -72 319 115 -153 5 117 -302 216 -57 -157 196 -78 -197 -457 560 -247 -553 210 49 -447 45 -243 -14 108 226 -421 427 174 -266 61 126 -419 106 -236 -52 109 -64 101 -216 -256 365 329 -97 -162 -9 96 86 -90 -173 34 380 408 338 -300 -232 321 87 -50 -199 153 32 -82 71 153 11 248 285 -56 -251 -59 -392 -275 -246 -254 272 255 -16 261 24 159 189 48 -40 -103 33 68 -113 -84 8 -228 133 -8 87 268 28 -83 -176 196 -455 -156 162 512 -13 23 -404 -130 551 53 299 369 -249 -78 -166 -288 -72 13 -59 104 -340 -215 166 -20 -110 8 -129 124 -229 228 49 -184 74 207 168 281 177 -253 -176 2 24 -325 179 164 -281 -453 152 -185 62 -48 -98 -53 81 -240 71 14 -38 376 -255 11 36 -164 -224 179 108 -303 -1 33 -246 -111 29 -157 -52 133 521 -174 6 -80 -553 59 -215 121 249 99 326 0.9041310277403337454849344655138931869942e-20]
[505 -756 934 33 -97 -106 -231 26 327 140 -79 -20 -48 -260 49 -121 13 -329 -198 86 152 -10 -4 220 120 94 172 -13 -42 -81 25 21 137 -383 4 -20 -70 -255 42 -13 115 -24 -145 -125 301 137 -366 172 181 158 7 141 -14 208 193 303 -286 148 -128 103 152 104 -4 -182 -148 -352 153 303 3 -198 106 149 81 148 86 -200 -394 8 16 -528 -78 -58 699 -25 -102 164 -352 172 320 -104 -133 -203 -315 -83 -147 274 282 -386 -427 102 -341 355 -122 109 -7 -312 82 -73 195 104 -225 95 -141 48 -49 150 374 -167 -386 46 19 -393 -51 -474 -74 -111 385 -229 248 226 10 393 286 -78 0 -171 -365 -8 249 -59 324 153 503 -326 375 -316 22 421 29 83 182 -106 -67 -217 -145 231 -135 -144 -131 -4 213 -138 -347 314 29 282 -157 -85 -253 3 -112 -306 -659 156 -137 173 434 331 270 455 -105 -140 -7 66 174 -61 -394 -249 13 306 -292 -55 238 20 30 116 -198 -281 225 19 418 -245 -315 32 -84 -364 334 -480 -397 -84 11 -5 -141.8899999999999999999936506073714705914]
[502 -185 -292 380 427 102 -175 223 -126 294 393 328 -414 -26 295 -372 -499 -7 -442 -91 110 34 -77 137 125 -243 -294 81 38 205 124 265 3 -62 8 109 -138 -187 49 -135 367 76 47 101 75 80 -213 -103 220 -278 -187 326 -47 -132 438 -141 -459 -160 -133 254 -152 43 19 19 136 34 63 362 263 67 11 -236 83 48 119 -75 129 351 100 -226 398 215 118 -33 204 254 -243 -234 77 -174 86 -267 -280 9 -26 55 230 288 99 401 -91 -23 -572 123 -232 -242 120 -338 131 -57 -449 -423 124 214 -129 -222 24 311 -73 -80 390 -330 58 253 -293 -65 -115 263 -236 542 382 32 102 379 -190 84 -168 35 -156 33 397 -177 116 206 -31 -663 157 64 150 5 -95 114 -178 273 18 272 63 100 36 -349 27 356 227 194 -198 -19 44 111 105 128 -266 69 32 -190 -345 -816 98 -247 293 -115 -30 510 160 -116 186 -60 -37 -464 64 -187 -427 56 -152 490 -122 -73 158 308 -373 -168 71 107 -3 -145 -225 136 -90 -490 -67 -166 30 -56 0.5523715028998783911665614292790804640276e-20]
[-430 743 -177 666 244 7 -201 40 -93 -64 45 216 -300 -356 -192 -276 -47 143 101 366 265 31 158 -171 157 -177 -277 -73 63 105 -104 227 435 -316 87 -341 -301 -325 -278 -328 -249 38 -320 100 85 -240 -106 81 363 -154 -340 -42 -543 46 691 175 -208 -253 -481 52 4 -243 128 -122 260 145 -53 356 182 -285 12 495 108 -76 532 -216 86 -83 -4 -24 -268 59 231 101 -354 -169 -162 -201 57 -398 -107 -12 84 -330 -64 41 -279 -73 17 -180 65 386 -314 -596 -60 -54 -180 -134 -11 -73 -46 -285 -156 381 -267 278 -493 163 181 -260 -22 -173 66 -222 -112 -132 -535 170 38 -124 73 9 298 -95 -301 0 -196 381 -150 -178 -158 177 -28 -425 43 -138 202 796 60 -368 116 424 -39 33 -251 176 168 38 -195 -386 -290 -187 291 -33 -1 122 -153 447 -122 -108 -393 27 6 216 -70 -485 -432 -111 -82 -294 -161 72 -260 115 -514 195 -194 6 120 -42 95 88 -174 -118 -105 110 205 11 -274 -11 -84 -117 -192 145 -132 128 390 -62 97 -92 -49 118 -283.7800000000000000000058031568993818557]
[-545 -829 737 -413 80 -456 -126 -342 -232 52 -129 133 382 -273 -59 -84 -362 -169 70 221 -63 -43 -37 105 -467 104 -284 -563 33 -146 -103 -50 211 288 415 6 12 316 -481 -127 246 141 390 140 -281 11 316 -18 -261 16 150 142 -259 -40 -138 279 267 -148 -58 373 8 338 -223 74 162 -315 -32 -107 -96 -146 103 -25 -170 -64 -76 145 -180 -271 -22 227 22 504 -293 154 -76 -50 196 -59 -156 -10 130 115 -38 96 -143 -418 -319 -50 -25 252 291 34 4 -33 158 532 -16 -2 136 216 65 -39 -105 127 113 -41 -76 176 -61 65 81 74 77 -52 -234 -583 290 -62 -189 -168 -48 63 -269 156 -190 -110 -424 174 58 360 123 31 -274 -237 74 -171 335 -307 -150 -230 -49 -104 424 -520 74 268 104 -80 -126 17 -60 -4 -253 -284 -286 49 191 -4 69 -144 164 286 -95 153 291 129 -108 128 153 -176 -75 -264 32 85 12 368 -124 -359 -450 -276 248 155 74 -160 208 24 -76 316 180 -118 361 -44 -196 -150 -364 162 -53 54 -49 -275 109 342 141.8899999999999999999941232078056061006]
[-597 162 521 -606 17 -265 -86 -61 86 11 -117 40 111 67 -44 19 10 207 324 -101 261 82 83 37 131 -19 55 378 -268 73 393 261 147 -109 203 82 277 -253 244 285 81 -414 -301 233 200 -4 -275 -8 -281 -202 -366 -332 165 -135 263 65 127 68 -253 -219 146 257 -295 -114 139 334 202 177 -260 -336 289 149 157 284 14 -212 79 -14 330 6 -368 7 -170 -145 101 -415 -306 -23 -23 178 -245 -150 16 262 254 69 167 388 -27 -111 32 -89 -455 -102 200 -35 -255 200 -117 -7 98 -113 49 441 -320 121 -245 169 -116 92 -136 615 -57 -217 -224 -14 524 172 237 -356 173 320 66 139 91 367 30 -141 485 -2 -450 -143 -187 406 -332 -34 -19 245 250 215 -34 -306 -88 -201 -38 -53 -368 -46 516 -8 14 -286 48 82 -92 -100 89 -316 -222 -83 252 129 188 46 162 -307 100 -379 143 -70 580 -34 -203 -78 315 -87 -26 291 -33 44 -177 -146 -63 257 -33 20 75 262 -191 -220 -812 352 245 26 -431 192 -230 86 192 -128 13 -289 0.644467199284182594812099212485886901014e-21]
[-993 76 33 114 387 -386 154 -61 -38 -288 471 66 114 98 61 -57 68 74 -153 400 368 178 -151 -39 273 -359 1 322 319 197 16 -119 134 -145 164 153 -207 189 204 102 135 -96 -309 -111 -39 -65 -68 201 101 -161 -230 133 -290 -10 428 270 -215 -38 -185 120 148 -437 407 -86 -49 -128 -72 -29 -107 -248 -91 159 26 -4 347 233 97 213 -165 -204 90 -92 18 100 244 71 -25 23 320 300 89 -174 -36 121 385 271 -449 -199 -523 -5 304 137 -268 53 -43 -37 -324 159 -52 398 -93 -283 344 226 -85 599 353 271 -81 -43 -307 -19 -54 -116 25 70 393 328 -62 68 243 -37 361 92 -110 -166 -191 388 201 -73 -372 198 46 148 234 -5 -33 215 -57 56 54 -308 -372 -26 -368 59 153 221 -42 -104 -7 333 -149 -155 43 82 121 190 134 -26 -59 8 -226 267 -134 -335 -211 -180 215 -265 496 521 -266 405 -48 1 -323 204 129 -310 88 128 125 16 -181 142 -89 -351 -139 -217 -60 -178 -212 77 -408 106 131 -118 -330 -406 -169 -89 -70.94500000000000000000340682519844384748]
[-604 -263 555 855 -173 143 -303 161 -257 -36 8 117 -92 -79 -30 48 196 -339 39 244 23 -26 -107 208 -53 -292 78 -344 166 232 202 -403 155 32 261 141 -176 -184 0 21 257 -92 159 146 -260 230 54 230 -108 233 -6 -188 -93 122 -616 -223 337 51 122 418 128 -461 215 -170 -62 -11 -281 -404 238 -108 -241 -99 -155 -489 129 202 71 25 -72 171 -28 10 60 -207 342 342 111 228 177 315 -70 641 -157 226 -110 231 -248 91 -31 -41 -27 -299 227 207 -177 232 582 -223 -271 250 -2 -281 -80 286 401 -11 -331 141 49 642 -193 304 -143 84 246 -72 -13 -71 531 204 -118 -231 331 4 -179 -80 -9 414 -145 137 -261 150 84 104 -26 -16 -12 -347 -108 -74 -253 4 -113 178 -345 -277 41 221 48 -134 249 103 433 -369 108 290 358 61 -269 195 -3 244 254 -156 -20 -19 -88 -142 213 1 -93 228 119 274 -62 64 -41 -277 -77 -184 124 278 63 -48 72 -271 9 153 -28 -151 282 -100 41 -84 161 38 58 96 -352 -182 294 223 141.8900000000000000000169388166829992933]
[935 -779 303 -254 557 -144 131 202 -213 114 -140 99 119 -217 152 -5 -127 -272 35 112 168 -42 -35 -383 6 -256 75 -88 113 534 72 178 -144 -28 -362 86 219 -389 -53 -30 -7 -284 -51 95 -209 -361 -224 156 -34 -400 -182 -400 121 21 -177 -190 112 79 -66 -173 99 -146 12 -89 68 475 -63 -106 121 -294 -198 35 -369 220 223 -20 -232 -55 354 201 -7 -50 136 145 -82 188 -68 146 -225 286 175 117 -132 -254 147 -27 -281 51 -25 -65 -63 106 -74 -394 214 11 311 -39 -317 -135 61 132 137 193 -88 25 -531 80 9 -111 178 -96 189 -59 -267 -86 -55 53 131 -88 131 65 497 -209 -111 -65 297 -289 243 -373 -91 -21 -112 -39 -259 45 -158 -48 -95 12 175 372 -408 528 115 -365 38 -347 -257 14 22 -304 410 -35 68 84 -26 51 -245 68 -181 299 220 325 -28 282 -125 -257 10 -60 224 13 170 -169 53 -25 150 94 -202 243 -203 248 -453 -49 14 -35 19 340 -271 -86 -217 22 92 -206 -44 160 273 78 -91 -95 192 226 -212.8350000000000000000024731981055943518]
[-967 683 -838 -309 -238 -396 -22 -259 -287 34 250 206 -381 147 -252 52 -62 -423 -10 147 281 29 -67 218 323 -87 -259 5 -459 98 -86 151 26 -103 629 76 14 -132 -209 78 -61 -11 -66 -73 145 -384 92 39 75 -189 -134 119 67 79 136 196 -75 -446 -257 -24 -368 102 315 -55 44 83 51 370 104 -255 269 366 22 -201 86 -169 -245 56 -18 -290 241 82 -22 -502 378 -72 -111 -269 -150 409 -360 2 -134 -177 133 170 106 -64 251 -182 104 -8 -136 -136 -23 266 186 312 86 -126 -250 -306 -76 272 -72 148 -333 -418 -76 -58 -27 635 105 -750 -305 -216 -257 219 170 110 -230 113 101 160 -118 -136 -70 -26 275 -290 -55 -413 29 -300 320 181 -310 55 -307 -149 -139 51 -212 -225 73 154 -194 -526 63 8 -11 -120 117 -215 -301 -385 -52 -182 -138 -328 -63 234 -160 -161 73 51 -375 357 254 -63 -389 -181 -155 397 -232 116 -218 86 0 208 -343 169 180 -58 97 -188 150 119 -11 -171 14 -130 81 169 -214 56 144 -164 182 -176 167 -6 -567.5599999999999999999870494895299980036]
[-866 -586 -778 -359 220 230 24 -75 -86 152 -37 86 204 46 -281 8 80 -301 -150 -78 -110 -365 -46 12 83 -37 45 -53 5 93 275 359 -389 136 290 -197 269 -113 -179 51 -125 45 -178 51 52 -179 207 280 -20 143 -248 -75 -38 85 -277 235 364 3 493 -41 -121 1 127 75 -336 204 268 -69 153 341 -63 -109 -189 -291 341 214 -317 -275 10 189 296 -99 72 -71 355 297 -107 623 353 260 56 -207 -41 -101 94 339 -54 -528 22 -177 -109 -82 -376 254 -97 -193 -199 225 464 126 -63 623 213 -210 -43 33 -40 -226 216 214 -134 -59 87 -439 65 -183 312 -22 224 248 450 312 272 116 145 150 36 9 -201 63 165 126 97 72 179 148 -106 -461 -23 -249 -146 -279 445 60 -131 -106 -203 82 -127 353 427 -75 -62 -118 -4 -35 -71 82 220 198 224 284 -108 -201 -218 498 25 216 422 278 -31 58 -17 145 348 -52 -147 -67 134 27 -364 505 291 -128 -134 -288 -65 59 -71 226 139 135 -307 8 -249 -112 -231 -34 -18 -295 -202 -194 -0.3899369797253319775148257654920347370364e-20]
[336 838 -410 -579 -35 128 -54 -278 -216 255 -142 35 160 -28 -264 -23 87 -215 388 607 79 -77 60 -63 -420 -267 -160 -36 278 -128 -198 -98 -149 -222 126 -103 -1 -102 13 55 -92 265 544 125 214 -13 -236 30 -395 -597 -147 -367 -2 -351 -119 89 405 -164 -79 211 128 79 -43 589 -334 294 54 55 -197 -776 -400 -241 -223 -183 -90 238 -206 9 -6 57 -574 420 -133 125 -360 100 -300 -115 24 315 179 -102 -174 74 22 3 -97 286 -90 -415 375 122 -171 -465 294 109 503 173 -445 -76 -292 -84 148 276 -117 48 -263 -134 -322 259 -37 618 -428 -387 -152 38 60 -49 27 118 8 -171 239 39 238 -230 182 113 -76 310 22 -379 -14 83 -580 123 36 -108 -139 -144 627 133 -174 230 58 -19 58 -216 35 -124 121 -294 60 -166 80 98 -164 57 -57 -19 -50 226 266 6 524 213 -181 -142 246 -56 162 63 -171 -377 -305 261 259 -193 -91 116 346 -19 146 -4 -38 -463 -126 773 352 101 -30 -299 101 -131 -166 295 415 2 109 -144 162 58 -354.7250000000000000000033879394129792331]
[222 845 4 -727 145 -201 143 131 159 109 71 46 -283 149 255 -335 -76 240 -112 204 72 -239 -125 -52 344 -226 61 10 -216 310 -158 -411 99 134 90 325 -248 -137 -186 121 153 41 -113 -234 45 107 60 -105 -271 -334 -131 407 -197 -2 199 -29 -78 -229 -116 74 -94 -156 52 455 353 -321 189 -97 216 -51 202 93 132 230 139 -68 -192 110 -172 -9 279 330 313 -132 185 104 425 101 -446 -240 33 413 252 202 167 412 200 155 95 616 348 1 263 695 64 99 450 -114 -81 -102 299 -354 -21 -178 -120 64 -91 96 -372 261 -253 -142 -25 91 199 -8 19 181 153 -45 -156 -29 123 -217 -296 42 -77 243 203 -102 244 -116 134 198 363 310 127 -229 189 3 289 212 -17 92 314 -159 45 179 -71 8 -1 -179 -64 -1 223 213 338 -38 145 -33 -177 208 433 183 134 289 -288 -31 -54 -335 66 272 222 -136 -378 -217 29 257 -327 -37 -94 2 57 -318 128 -76 224 -160 -148 79 -131 -209 -183 -38 63 213 260 66 -83 161 184 149 -70.94499999999999999998867876857097991976]
[-48 528 424 -434 216 172 256 128 -223 -27 140 13 170 100 225 -181 408 -576 -362 -97 83 396 -188 -123 -109 196 402 -204 35 117 117 111 -225 140 -218 -321 -114 -16 -323 -380 357 49 -237 27 -85 -239 197 557 61 294 -64 10 -8 227 -357 288 -359 96 320 130 318 -56 134 -25 -63 99 -374 188 -52 -230 -23 378 -96 -295 207 338 217 35 -341 134 493 -393 35 171 -222 -131 -325 67 358 61 -347 -16 -25 -71 -200 -17 -503 -109 -389 -287 -90 -116 138 112 -83 26 -76 -55 252 -312 -243 -410 343 282 407 -193 -32 -9 194 -133 -239 -332 108 591 -95 128 -365 -241 21 -184 33 -178 177 177 -89 198 -119 -64 89 -116 -209 120 -359 -229 -231 26 156 -10 -305 21 -242 411 -21 93 -209 -448 281 262 335 111 -118 102 -5 65 -219 91 53 160 -17 -102 4 74 -264 190 -637 -256 -61 -208 -145 -246 68 111 -453 41 -157 123 49 -298 -20 -25 271 57 27 168 164 80 423 -227 -66 -207 202 157 -132 -206 -60 -319 -92 66 -109 -135 118 80 -141.8900000000000000000010271189230893602]
[-666 929 -661 -597 -418 -41 28 96 -262 27 -90 117 -213 273 -11 27 -29 -236 239 -558 522 3 295 -65 -302 -133 -342 4 56 -69 -228 -117 311 -11 144 -530 90 -114 95 365 -213 79 231 -123 430 103 -512 -147 -57 -544 -162 -483 125 146 -214 -363 -281 -123 -190 181 32 -106 -17 326 -189 295 -465 -246 78 319 -164 -43 -17 -530 -277 -212 323 338 88 88 -121 112 -13 -23 86 408 244 294 -47 147 -26 -165 141 468 -37 -200 574 176 295 -329 -417 -400 -213 90 225 -17 266 11 193 -181 143 488 110 112 231 -187 -380 -109 205 -149 467 -13 48 119 144 155 -251 -93 -2 -81 21 94 50 -389 -4 410 38 151 -68 -239 7 -121 359 275 -67 -11 -211 -440 264 96 123 276 -95 -54 -310 340 -45 -28 -110 -281 -13 -134 -142 -495 -265 -127 -19 -129 318 155 105 436 -102 -293 -299 -246 240 -164 -113 18 -57 182 55 116 -7 -120 -15 -63 143 205 -123 314 -568 201 172 60 -304 339 -307 -115 -371 332 277 -390 -156 74 -68 -149 -30 57 69 -282 70.94499999999999999999644332658264961768]
[230 -676 851 692 27 -158 37 -10 -212 -97 -163 40 -9 -38 69 442 96 263 8 -267 284 -8 -325 11 243 -395 -184 -109 -190 76 17 99 -62 150 -35 -137 -22 38 302 -374 -355 26 -83 -133 -152 -162 173 51 -62 143 260 172 -48 -232 -51 183 -300 -285 -73 172 106 -153 78 -509 -40 179 -237 316 111 439 -72 312 72 -218 -73 36 -86 -187 -243 -53 80 66 109 374 -160 -268 -82 76 -4 161 83 -15 219 -179 -74 -225 -246 -567 -16 -209 173 -248 -168 -60 -316 21 -492 53 127 -215 -156 221 276 165 151 -542 -27 -156 439 -496 -131 -40 -228 -73 373 -196 -16 66 -144 -326 -111 243 -63 9 -178 240 -111 40 -363 140 178 -5 106 -361 -43 49 121 36 -150 -373 -117 36 52 -188 -283 -24 -131 87 564 -251 -302 1 -429 79 238 -318 -364 497 205 -236 62 -43 -217 5 -73 -100 -479 -50 -31 -174 236 -451 97 -200 -248 263 184 -109 40 395 501 -208 -90 187 266 159 -190 -257 -452 -515 409 -156 -320 437 242 72 69 -31 144 -90 65 -3 -0.6559667465548386140724025877672687112607e-21]
[-244 910 -552 695 -117 -132 437 -217 37 -18 -100 191 279 -39 -233 -59 -255 -33 -35 284 154 82 -131 160 17 94 -97 293 21 -253 40 234 -66 -59 187 137 147 65 -47 -181 252 85 95 246 144 -143 377 173 679 -56 -15 312 77 -349 -113 466 54 2 57 -19 -154 309 53 -62 -113 92 158 44 -198 -481 206 -297 314 156 36 -82 -184 -441 125 311 157 59 31 -299 -109 -225 -382 -191 188 -313 -323 -34 -195 -29 -140 -123 -106 -132 -108 -414 104 -72 -131 -249 -67 153 -213 67 15 285 -214 16 -93 -43 -176 82 279 -391 -432 -211 -102 250 110 357 -270 -180 -115 -151 -27 264 75 51 122 538 352 -9 -259 233 -131 141 10 155 -31 308 -71 -276 -131 259 -56 272 79 -52 101 -330 -252 -55 45 140 344 -106 26 42 -473 93 -286 -563 -170 -104 44 135 92 62 -515 -264 34 166 145 289 -183 104 -41 -385 -51 215 200 49 -60 47 13 78 -315 175 324 -86 -404 -124 -294 99 320 49 219 -168 -212 76 -147 -23 121 -75 111 -478 -65 217 -0.9983062674937061979535242125551042224885e-20]
[838 -54 783 -357 112 -381 94 165 -44 296 -48 -234 -50 423 1 -154 -253 -180 57 208 -188 32 188 -129 -67 74 -52 10 -212 105 -168 -349 166 -95 132 -27 101 -51 -424 -73 -202 -135 -403 226 65 -45 -317 410 -473 92 -242 -59 1 325 -41 35 -191 -158 230 -74 -74 49 -325 -4 617 47 -249 -312 292 104 168 -352 -423 143 83 80 -76 64 -92 -156 182 375 -9 -194 -78 297 369 -258 -310 4 111 451 -98 56 121 -253 -64 -103 -312 396 -72 -260 359 519 -20 182 221 -326 20 356 60 101 -247 46 111 -342 -130 50 -126 50 171 24 -207 104 -446 265 97 95 -145 -106 -81 93 54 0 82 214 -121 -197 572 -86 -116 173 143 291 -107 -49 -92 -188 -405 145 122 59 -244 313 73 -103 294 -57 -375 90 -92 494 199 267 50 86 19 -52 -321 174 -163 183 270 328 585 390 97 230 -1 188 22 23 236 -466 415 -418 208 -231 -271 85 119 243 -16 -285 -40 255 -386 189 -118 -110 209 -78 -96 -85 -32 -247 442 53 312 -143 83 305 141.8899999999999999999899889950508797974]
[429 41 -222 880 67 0 55 -54 162 370 108 -149 171 262 81 128 -16 -112 -85 -78 -185 176 653 10 -106 9 -99 -439 -140 -88 380 -72 111 38 -43 -191 -661 439 -39 288 -46 42 -110 308 0 -25 42 224 48 181 143 119 -269 -140 -251 -293 -297 2 313 55 95 93 58 -126 -450 118 108 -144 441 471 306 -117 59 -27 -123 -81 -190 37 146 224 159 369 -32 50 -97 70 300 -263 -182 309 -120 -7 -472 -121 30 -526 -207 -300 32 708 -183 -161 327 54 183 236 252 321 -369 177 -12 64 235 52 221 -323 -245 211 -177 -101 -61 -268 441 -402 -461 -68 -87 313 320 83 188 -112 221 76 -76 -262 56 149 150 -262 -195 187 94 45 42 -108 -9 -392 -339 -170 26 54 115 140 404 -267 -8 22 -79 43 273 272 -255 -224 31 -650 324 -269 80 124 -104 -65 478 44 -312 77 -200 -197 262 27 20 -35 204 -4 6 -134 -23 107 81 399 21 -58 244 -45 -39 -12 497 68 -119 -164 -126 -235 37 -372 -206 186 173 -258 -255 -100 -397 109 212.8350000000000000000106433633026410208]
[-827 -157 247 573 234 -59 -284 10 204 -139 -159 101 175 -73 -36 273 335 -180 -365 204 30 6 58 -48 123 -92 332 42 106 272 144 230 172 -477 -87 202 98 -274 332 126 -145 -188 -102 -379 -41 -180 91 103 -229 101 87 -29 -335 365 16 297 414 -115 -158 121 -159 30 -131 -186 413 -59 -41 234 -325 -254 -71 338 -128 296 373 257 -213 53 140 -220 -240 -425 44 -161 -101 -160 34 155 -166 266 -102 38 -217 -73 0 229 -300 -107 -179 -24 -130 523 -71 120 45 -519 -287 301 -213 -365 32 105 54 21 -274 179 -72 -13 42 -272 77 139 336 -448 553 -318 -255 -329 100 146 -290 -61 216 -230 57 46 279 83 357 46 30 61 16 -109 89 -149 -121 180 -209 85 -234 340 -334 -111 -110 -404 -736 -7 -346 56 -111 -226 19 429 -31 228 -328 73 39 -306 97 -319 -165 609 93 401 120 229 563 497 95 -320 -465 476 -148 12 8 422 -185 389 18 32 -389 9 197 -149 462 -457 5 133 -72 -113 -216 -14 -306 -270 91 34 -273 -92 399 213 -70.94499999999999999998372185179370021363]
[-519 903 -575 -347 106 -124 128 -334 -288 -91 -3 48 -201 220 319 166 40 -352 56 -234 -269 -52 284 18 86 33 -249 -318 13 -513 -198 -220 16 298 252 -159 158 231 -56 17 -296 3 22 -423 -437 172 -577 78 -196 255 32 141 -26 211 -198 -131 -115 -187 -372 341 -266 89 448 -179 406 -292 -440 -126 -194 8 -78 422 -198 43 50 289 241 500 173 144 223 183 -156 238 214 40 150 -26 -205 314 -105 11 288 55 -183 -62 271 -218 -91 -359 444 -148 216 23 -301 275 587 -82 96 11 -57 -133 -125 469 37 598 -12 373 96 115 -73 283 -342 169 12 98 228 -152 -61 -177 -328 89 -9 -101 -619 -243 -53 85 406 56 27 -368 95 -288 120 369 264 -124 -382 -146 -42 -7 -136 -590 -197 -10 180 300 -389 -320 -246 -69 130 -161 277 -176 133 50 -146 30 237 -121 -116 30 226 130 74 129 -26 -48 196 -258 121 22 45 -371 -329 -332 -397 -282 522 669 60 -27 -61 176 -15 141 -187 41 276 -440 -122 178 -289 56 -62 -144 100 240 -195 39 0.2761788852046201518965264109541080106425e-20]
[-700 176 767 865 -84 -344 -46 246 94 134 6 234 -398 -80 -134 85 -427 -25 -5 129 251 96 292 -185 218 -455 -299 94 -117 148 -99 -297 333 -191 518 161 -361 -278 -155 -232 428 60 173 184 -89 67 -41 10 19 -419 87 63 -200 -180 221 -322 20 -36 301 -2 101 -111 44 -17 12 -90 127 118 266 -27 3 -187 -21 -59 -174 -368 -360 -147 94 -80 99 315 180 -115 90 147 14 -72 -398 165 -113 216 -37 198 -199 6 -291 231 38 89 13 -538 -37 -295 -188 -87 209 -111 -257 -155 237 96 261 -42 52 -35 -255 196 -4 108 -62 -78 150 90 -61 -129 -337 -226 10 46 -400 232 -138 26 -234 120 -30 -35 -441 -231 368 -227 -334 -76 -96 -230 3 -221 143 -39 -137 388 -48 -41 325 51 -240 -1 353 -16 -115 57 85 -219 -238 -206 52 66 24 35 -156 53 269 -295 -136 -248 -466 228 -424 -404 -426 -227 396 -393 -273 -113 198 117 -198 -2 -67 -36 -168 280 0 -58 109 36 -235 144 163 437 149 55 229 387 318 57 261 -166 -35 361 -283.7799999999999999999837980725370364328]
[433 -126 -358 890 49 182 -287 190 -46 175 46 266 -104 238 -293 -94 172 -390 260 155 155 -9 204 36 -513 -297 -67 -216 97 -208 -121 54 48 -156 238 -307 92 161 -143 233 -210 19 69 -27 231 -76 -502 -185 -185 -324 148 79 -107 296 292 36 29 -13 -265 291 -73 112 620 406 -70 148 -347 624 108 113 -485 -471 -223 -209 261 -234 381 -101 -373 -221 -349 510 475 -286 136 -104 82 -185 162 121 64 35 204 165 -229 -206 597 289 190 -126 -65 -228 -133 -112 181 59 293 155 379 108 26 141 -30 533 -282 -212 -383 -113 27 -26 -111 -188 24 -29 111 89 -46 33 -53 -401 -539 -311 -117 102 -126 364 277 206 325 -432 310 -208 228 145 -401 217 286 -415 -255 -269 86 160 -336 223 -281 250 96 -88 -59 217 -196 140 -223 95 94 -61 -391 -6 58 320 -168 462 239 -125 275 -279 -113 -79 -176 322 -51 -175 -72 -233 356 -12 -172 -74 275 275 220 46 -424 166 -132 74 126 248 262 -155 -8 105 44 169 -106 322 147 -93 446 106 -335 -144 70.94499999999999999999213794095744864794]
[-211 -967 87 663 -98 253 38 -334 157 -105 -85 -161 162 -136 162 373 400 270 -98 52 -206 -48 33 128 143 148 48 355 -110 -565 -154 -109 -19 -412 449 -296 208 169 -47 -166 48 226 111 -108 -35 134 -11 -342 -84 -1 -9 -143 31 369 249 480 660 193 -173 40 -184 277 -75 37 247 -199 135 -265 -163 -115 -8 73 -3 -176 -211 338 -192 162 5 -134 -22 271 -106 -139 -605 117 -80 428 194 -298 113 -160 325 242 49 146 179 5 240 -81 458 184 211 63 36 -174 -174 201 309 79 -82 59 -40 -36 -251 510 414 -241 -69 -125 46 -186 129 -343 204 -49 213 -407 -296 -416 -118 143 -317 28 -73 -136 -478 358 188 121 -277 74 75 245 -199 96 31 231 -136 328 -5 -280 243 -391 -204 -396 76 158 -368 169 86 177 -325 204 133 285 -302 -329 -2 222 91 36 -171 328 316 794 153 262 396 359 -98 4 -543 196 -65 61 -7 87 220 -102 32 151 -318 -20 50 -101 -156 -148 47 196 -267 35 -506 158 -168 -104 -178 -27 -314 -70 -174 -122 -70.94500000000000000000527392633149570942]
[-434 478 -949 775 54 31 359 -175 189 164 130 -49 337 -90 102 51 86 -360 -537 -453 84 -90 -344 96 -29 95 -126 -490 -89 46 -474 179 248 331 -366 -168 -74 77 268 59 323 287 296 -119 -260 557 43 17 191 187 -46 470 119 -263 -178 -394 -15 -54 -43 210 -68 -8 79 289 -189 -574 170 -31 -258 167 32 52 73 343 198 -82 -196 242 267 252 227 -533 66 28 637 -253 691 -168 11 -205 85 175 -513 164 424 -84 -162 -243 247 94 -554 -154 -83 -138 334 -111 9 -18 258 91 349 231 -327 -70 295 -330 142 203 -107 -13 21 -427 330 206 230 -126 -22 -368 246 246 -136 -354 -190 -174 -383 -87 315 245 54 268 139 -380 -129 -123 188 -335 50 -144 47 -446 126 286 149 -57 -73 80 -162 20 188 -292 19 229 -29 -33 -91 54 -290 -196 -63 -214 -494 -179 -167 -298 -139 -125 566 -288 -66 55 -161 210 132 88 -192 -84 -445 182 -253 0 -581 -8 11 -215 12 355 -3 74 595 -188 120 -144 -196 -432 -79 54 -23 -527 -156 -253 -109 -150 638.5050000000000000000130894848423789605]
[-968 -463 -54 473 37 279 117 -155 -102 345 312 -81 192 53 -101 -64 218 -36 41 368 234 275 271 59 -55 -92 125 118 -105 108 -75 110 221 -40 148 93 285 -48 -227 -74 61 -153 -59 189 854 -61 -174 -15 77 -261 -273 -167 -264 211 34 153 25 175 -35 -369 63 -252 -41 47 60 4 -45 8 49 -283 -121 274 43 39 220 -397 -153 -144 -99 -368 25 116 48 -90 -60 11 39 144 -213 217 -90 -253 -187 -117 -44 393 107 -202 -64 -60 -293 257 -306 -264 174 271 331 443 95 -184 223 -88 -201 -16 -485 375 -93 -364 -318 -294 -83 319 -47 -660 -252 -250 -224 61 -35 -182 -154 25 335 -227 65 -7 -170 166 58 -44 -91 -44 307 192 495 -27 -107 -53 58 -469 159 125 105 255 184 45 -213 -536 -72 -397 85 -230 -413 141 -148 -125 -228 -330 -226 -204 -123 -176 -128 502 -136 -85 -48 120 295 202 91 48 -45 166 -350 -69 -344 383 71 115 -188 -302 489 -134 127 14 141 -51 66 248 -56 -347 75 131 -153 -42 347 -293 127 368 85 -174 -70.94499999999999999998480755987110909072]
[298 824 -876 666 -99 363 267 0 -242 247 406 85 236 253 201 -392 378 68 134 752 5 -83 -445 70 -331 124 65 425 -112 55 -134 -123 -220 55 -379 -263 191 -11 -98 84 22 -237 158 -300 419 -234 -222 -120 -62 -221 -65 -171 370 -275 -205 -76 65 -355 -5 -222 86 265 -210 631 -194 -167 204 15 129 -206 6 324 168 -366 96 170 27 340 -297 268 200 129 -220 -174 127 212 -256 -178 238 -420 133 -23 161 217 67 54 -233 208 66 -114 124 -408 -8 368 132 -80 52 107 -401 3 -393 -385 -243 90 -240 -242 130 -299 -104 145 -128 293 23 120 -151 360 88 -113 296 -138 217 -124 220 -153 182 71 191 62 -95 -28 -233 -485 -187 295 -328 -132 46 24 342 112 -154 370 172 -306 219 -43 202 -348 210 76 634 -122 288 6 -58 18 -169 240 -66 -88 108 58 -57 -361 -108 473 -139 -3 -186 -303 -124 398 195 5 -247 -39 -41 -76 -62 -211 -79 -273 6 70 282 -606 24 253 441 -162 185 268 61 -358 352 50 43 206 119 -357 378 -230 354.7249999999999999999982232371276481939]
[903 505 -419 -71 -130 -178 -512 400 344 -212 313 73 -41 208 5 -366 181 95 81 -23 -273 43 -160 119 328 258 252 297 -152 -394 385 -333 -122 -11 -200 81 -231 -47 -150 264 162 -480 -572 -183 299 29 -332 -275 59 34 268 82 57 -258 22 132 -428 -260 43 -128 -71 152 -121 54 -474 -240 370 259 91 -240 585 172 255 83 -6 -80 -41 135 -151 -9 663 -75 571 -254 218 -96 135 395 -166 -478 12 174 340 -102 -317 302 308 407 133 201 -261 184 9 157 39 -80 -97 64 -248 -56 14 -415 131 -108 87 -253 407 -517 -402 244 -467 -385 460 -364 -193 -257 -153 -247 376 -197 144 12 60 127 -172 78 -256 429 67 -468 -207 441 -59 51 -64 30 -44 3 178 -25 -61 81 -227 -86 64 67 98 65 22 -31 125 -190 -86 -23 -445 -126 -76 -161 -287 26 -339 -279 -488 49 -157 -182 -184 151 27 40 121 180 340 -260 153 361 -542 353 299 41 265 -275 -144 134 67 56 137 -547 427 -199 -169 212 -139 -105 373 -87 5 -243 -484 -108 -202 246 -70.94500000000000000000350901835480465898]
[499 -169 -832 -87 -116 395 27 -234 209 431 68 -192 455 382 -496 -24 -50 -292 19 216 622 9 99 195 -233 -41 137 -19 101 -66 34 77 -175 29 116 195 -210 205 115 -278 -49 29 441 -91 487 -311 147 -276 -18 -445 71 -178 -151 -138 -28 129 -200 342 49 233 89 157 308 111 -599 -200 46 396 207 286 -135 -449 181 -157 -43 133 60 -123 41 213 335 143 298 -331 77 -32 -27 89 -321 108 18 118 134 178 -81 -256 304 76 181 -37 -203 -57 -23 -77 -1 -3 -116 397 -56 -83 38 322 -118 -11 -402 -301 -244 -25 -155 -55 -107 -93 289 -17 165 198 -244 -105 35 34 -106 -88 -8 -2 124 238 -258 18 -435 142 94 11 -55 -144 152 141 -64 -242 263 -143 -25 64 -87 156 -164 147 -116 -121 575 -179 -73 214 -272 125 -56 -169 -82 -137 328 91 367 237 222 -472 331 -177 -433 88 74 26 9 -339 -22 -68 20 -3 -342 103 213 132 142 -347 361 199 3 -224 -18 -65 504 65 424 -13 6 231 76 164 264 -124 270 -167 -119 165 212.8350000000000000000091387812422084299]
[-872 392 233 557 -308 80 283 75 -273 76 -97 27 -267 212 135 66 -430 -112 201 156 336 193 -180 -33 -32 113 -156 166 -228 -148 510 -121 3 57 185 -239 -8 194 86 -56 -249 -192 30 -65 375 -83 -214 -207 415 -127 75 145 -72 -108 -63 -108 -170 -146 -235 -19 70 126 225 -71 114 -167 -335 282 171 -113 -60 -169 -19 -367 -4 -152 455 79 -226 -470 198 -152 -220 -132 125 219 -217 18 166 -172 -195 -46 338 34 144 -57 31 -256 -218 -575 -68 -276 -109 -316 -537 223 -22 64 -75 -507 129 -79 -156 108 144 9 223 93 245 -59 32 67 -374 -106 91 186 40 -60 -384 -215 -34 -77 123 45 178 184 -121 103 -343 -502 -66 175 -136 191 208 423 -151 222 37 173 -107 104 -139 -113 -350 242 75 -202 -161 62 -157 -217 -161 -256 149 -77 221 -183 -151 298 263 17 -34 39 -252 -224 -417 98 -163 -184 -223 -394 286 92 -157 -135 -56 -449 170 -174 722 23 -38 171 289 -214 33 -79 221 154 -80 143 218 172 102 -25 21 254 71 240 -174 53 212.8349999999999999999981160319030101646]
[566 -114 -906 -899 -174 204 -514 -81 382 -358 179 203 -248 213 -232 -300 -69 35 77 75 187 65 5 74 167 -71 274 -27 19 -112 107 -45 -258 -10 -116 -137 145 199 -24 9 151 241 -147 228 178 -372 154 -62 -395 165 -186 78 -189 421 -447 -38 254 -210 32 412 -73 -155 307 260 197 -146 197 153 51 -81 -436 -188 -520 172 142 128 88 -71 -395 -164 166 317 -7 -154 412 -182 162 -436 273 200 330 71 -286 156 141 -167 194 451 -112 -79 605 135 179 9 312 204 634 218 -57 -81 -26 -584 80 225 -251 -240 -166 -57 -365 -165 -193 573 81 -135 61 -378 194 421 -126 17 -25 -736 124 -17 -331 130 -40 167 342 319 -212 -318 164 246 154 431 421 -317 -559 -610 -151 -239 -557 108 -271 45 357 -70 -263 183 323 348 218 -180 284 10 323 134 60 226 34 89 -206 321 -61 -141 -134 168 65 164 -104 -196 -260 -428 58 -40 126 -310 47 131 110 40 -25 -264 56 -168 350 147 208 19 174 140 -378 194 -185 29 92 -208 64 330 -24 -146 -212.8349999999999999999889382644914652455]
[-748 505 87 -679 186 306 515 33 -137 -372 -276 -366 768 -165 -250 36 262 60 -50 62 -442 -1 -540 -121 189 238 -470 50 -69 75 45 367 -8 -300 -207 345 -50 -235 -29 137 -103 59 -42 -305 -29 -86 -93 292 135 455 454 294 -17 -253 138 313 12 -298 155 -138 -366 -309 111 323 -182 208 -40 250 254 -50 -58 113 207 126 -20 216 228 241 35 -1 -206 -256 184 125 -50 -10 -343 -281 103 86 -296 45 -232 124 308 171 -337 -26 129 225 75 -97 36 215 -61 129 -225 -499 -199 265 -266 169 411 -434 125 476 310 29 38 221 -69 88 -54 -412 96 69 95 -306 -96 66 254 216 69 -45 373 -125 241 41 -49 61 -144 -12 -282 -36 -441 -382 -281 125 267 -41 -277 -33 -225 164 136 -398 139 -236 -325 168 -460 -296 220 147 323 209 -334 399 51 -533 -230 -104 128 125 -11 -68 40 260 413 66 -43 5 -32 -235 -207 17 166 286 271 -202 21 -208 -204 326 247 376 -137 -33 268 99 2 -24 -225 -328 -201 192 54 199 -372 -399 -476 314 -0.1094920074466976189430807132017819949255e-19]
[-71 -726 520 -296 -39 -289 -196 -82 58 -168 446 48 -338 -116 -54 26 -127 -439 -229 574 -160 -14 -556 -162 222 -375 270 -17 71 134 -91 -196 -10 -45 7 -137 -303 -13 298 -221 34 -334 -20 -8 -5 -477 180 -318 -332 44 -80 -60 16 -228 272 -504 -200 135 -47 -228 353 -190 59 201 403 -81 -94 254 266 1 -204 69 -2 113 260 -65 144 17 -174 30 -84 -234 -479 -374 190 -154 18 -19 -204 388 -261 38 -185 186 173 -165 -60 250 127 134 0 -114 -31 -659 -226 -127 -206 290 -239 -97 -15 -438 -388 288 169 6 229 498 278 138 310 239 -83 133 -29 100 -240 465 449 -12 -50 -197 93 333 207 -49 349 -149 297 -158 253 -239 63 -401 161 279 273 175 -60 294 -353 -74 -525 -9 224 176 -374 -202 -19 -48 401 282 100 -68 -278 -2 90 -46 -2 7 74 -94 15 120 -22 -211 26 -224 0 101 18 136 97 287 -580 113 -48 -241 -113 259 -180 19 75 -123 -71 268 128 -82 -128 102 -206 27 340 31 111 81 125 411 -291 -361 216 -188 -70.9449999999999999999939232437022211755]
[-818 -637 705 164 229 252 294 -15 -212 339 -293 200 126 -105 -221 413 282 -53 13 -196 264 -257 -305 -53 -114 -30 -67 100 47 -253 -275 58 99 67 22 55 311 187 622 98 -44 -104 141 -92 664 286 406 -222 -32 124 -251 274 -224 -171 309 188 -106 449 -472 -296 -217 272 -253 40 94 86 224 288 -400 84 -93 161 -54 -47 1 -198 -2 -3 82 -3 16 -412 66 80 -230 -204 -54 221 340 -173 -315 262 105 5 7 282 284 -69 80 -560 324 94 -223 -223 -12 138 -542 -102 -16 -132 92 507 -362 -393 -81 5 375 134 -17 -255 240 -459 271 -263 -7 -264 153 -46 -408 -121 -525 -12 -323 120 408 156 0 187 -71 -363 -38 208 -41 -126 -314 -402 -510 19 533 61 369 -50 -34 171 33 -217 -521 -217 -146 238 -202 -495 -239 166 167 273 -292 -340 45 -98 52 274 -390 -375 302 30 408 -190 329 278 152 -211 319 237 198 315 240 175 -426 228 -276 -362 215 225 177 0 -413 189 224 139 -598 12 222 115 -186 162 -294 243 265 -258 -15 -170 141.890000000000000000001426188332206447]
[235 -859 977 852 -179 -212 38 252 327 132 66 103 -244 -275 -349 181 -443 96 243 180 -115 134 225 168 403 3 -258 266 81 261 15 56 -90 21 447 114 -16 32 -400 126 258 98 152 -38 3 -338 45 -579 286 -305 -1 -283 -324 181 -49 -270 171 89 171 -14 -143 -11 384 -195 -310 -299 75 23 81 -24 -608 -113 -533 -479 -317 -113 79 131 -32 -26 -96 133 49 -114 122 -62 -140 -336 60 -77 284 -35 -290 413 -480 289 264 -139 284 -163 37 -126 21 -230 82 102 702 57 319 -275 137 178 26 -95 115 400 -246 -72 -137 82 -84 106 33 332 -171 157 116 -245 -71 258 -110 -120 92 -262 -305 -135 239 105 -168 -120 409 -98 -60 131 289 319 303 -355 -284 -3 133 190 82 44 103 242 331 -362 162 141 -170 458 210 -329 -444 -303 -214 258 -171 27 -120 370 392 -136 -296 -55 -647 29 -149 -131 63 108 -164 -353 110 -197 55 150 140 -391 -34 473 12 -84 -276 -216 -5 -200 -5 -184 63 108 170 20 14 -130 293 146 181 138 90 285 -0.1017928062959682176953186720291333680621e-20]
[-744 -925 484 139 213 41 291 161 -5 161 95 -485 -12 -158 -44 -101 -240 -61 -9 -294 0 7 -121 -270 358 -90 120 199 -31 -325 -288 144 -339 319 -734 236 407 18 -214 254 387 -219 -362 187 -381 -207 76 70 215 6 70 94 120 59 -199 79 -307 -132 21 -494 -247 76 -430 191 -298 26 -49 -472 -56 -293 334 71 477 216 -54 -108 -252 -359 113 257 70 -67 -56 373 -426 -160 -252 311 81 -40 23 -73 -165 -591 253 263 -587 -430 304 -31 -634 25 -15 131 442 31 491 -34 -11 -114 -43 -316 -182 -192 661 -117 47 -203 -318 -20 93 121 156 423 -131 424 -170 -230 -295 480 36 113 -203 -32 85 -19 -403 -504 416 -36 113 326 88 -216 -227 -185 -434 68 -532 545 -178 310 177 32 266 -220 187 -128 -233 -404 72 256 237 317 57 194 -243 19 110 -322 -449 -78 96 39 -165 116 -211 510 -208 19 -170 102 82 -173 -267 -85 -284 -177 -114 524 -327 51 314 -152 80 366 -325 9 64 40 112 -310 61 -150 235 -580 161 159 83 54 256 -5 -283.780000000000000000004540405109802138]
[344 59 167 -691 388 457 -157 -292 121 -51 6 126 -35 42 -423 -207 127 39 -146 -147 622 130 76 -220 -140 -327 -10 -365 205 -111 -187 93 355 111 -397 48 -205 -109 65 -84 50 272 219 -185 -289 75 -83 -171 90 156 -250 -318 -49 303 -109 -158 -247 508 -163 508 511 -101 -51 147 317 60 101 145 -122 -223 -372 243 -81 433 290 256 -183 10 96 223 -230 -14 338 -142 -181 -14 22 -89 91 425 152 -209 -241 101 -75 213 -544 67 153 256 -228 -34 -279 -90 -174 61 203 -546 -27 116 127 -34 -59 6 -220 106 -146 187 -215 115 135 -224 526 174 73 -219 144 8 146 -177 -105 87 65 -196 -494 168 -384 1 7 511 -286 -115 427 -259 -103 -189 115 340 -33 -291 -18 -70 -167 -75 39 -1 257 27 97 -427 -21 256 148 -303 31 449 155 699 -143 -68 -142 -31 85 76 20 -497 6 34 469 -201 272 353 -113 254 331 61 -19 -486 -341 31 -552 264 -26 -234 -127 201 118 109 -132 -13 408 16 -116 35 -158 -167 111 -261 -216 432 -85 -225 70.94500000000000000000848360097154830584]
[-54 -137 -177 -427 237 -209 143 -65 62 -157 -576 -186 -272 -421 -211 141 -157 -215 -179 -273 100 189 34 89 400 29 -252 -55 29 473 -378 172 36 -225 275 -391 -121 336 249 -24 -82 -22 164 71 103 -80 103 -388 204 -147 100 -164 2 78 388 123 -19 85 -526 -2 -271 -8 99 4 333 199 -33 6 141 31 -391 204 54 -249 155 -61 9 -60 -25 -410 -68 547 -19 240 -90 -145 193 -317 -285 160 -162 -342 -179 -96 -191 3 184 -69 288 -195 98 -85 -385 -60 41 148 224 169 307 30 -113 324 70 90 14 480 -372 143 -277 -361 258 4 -238 15 100 -64 -240 200 232 253 -86 -310 221 -297 -27 142 111 74 200 3 -26 -144 166 112 330 -117 -105 -31 7 178 -264 -60 -237 146 -74 -159 8 -316 -169 36 -59 84 -144 -47 -220 -252 203 58 -68 -49 -44 3 -27 334 -284 -106 140 -395 541 -50 -275 -123 -319 401 -358 -43 -138 433 151 367 -346 207 -48 -196 180 -147 147 -234 -363 -38 -232 -239 -70 -180 -390 216 -238 -124 -194 -209 322 -34 -70.94499999999999999999426072652589749175]
[566 655 92 -438 -182 219 199 237 -130 -142 173 -256 522 598 -214 -147 228 -135 25 396 -306 -270 -33 -198 -194 380 201 -206 -120 -210 -23 -429 -75 118 -8 -263 -77 -236 -134 -130 -180 -223 -51 -126 -332 -272 -96 145 48 218 25 196 229 103 -513 -114 -272 -186 47 236 104 -89 213 -147 -136 223 -44 128 212 102 44 -57 279 39 175 345 420 52 130 193 135 -413 43 -159 293 11 -171 161 27 130 -134 159 3 -28 41 -19 -162 -90 -122 -119 48 -198 378 391 -12 156 15 189 -200 163 -87 -400 -200 419 -71 -120 -206 294 -105 208 -154 554 -79 -78 48 256 -210 -213 339 -140 245 232 31 96 214 -2 287 176 36 -255 77 -147 -187 -31 -232 312 -55 -358 -308 91 -257 12 190 -130 131 -498 -46 160 -175 58 258 28 158 -181 370 -196 -59 234 46 171 376 86 288 51 -148 182 -208 -119 38 91 -170 -265 -205 -279 -171 -391 -101 -467 137 -156 516 341 -108 350 -187 -108 185 68 -79 -102 27 -262 114 -31 35 234 247 -337 -48 -73 -246 -42 -70.94499999999999999999031861818855256802]
[86 220 692 -236 -222 90 -124 -350 -119 65 122 269 279 150 -205 417 143 116 -61 209 352 -141 -344 274 94 -108 320 1 -29 -62 266 184 3 -29 -65 -132 -350 313 -44 261 -170 74 -120 -92 -49 -228 -29 -273 15 149 -185 -229 339 181 -445 198 -59 390 154 -145 93 263 -163 -154 -544 -67 -7 219 -203 324 16 186 -4 -118 -336 67 -37 78 -429 326 348 -170 51 -194 174 251 -43 -25 367 308 98 -247 -84 -40 404 2 50 40 -114 265 -190 -291 -61 -171 -3 388 -69 101 -363 77 -239 -2 350 -118 -84 -513 102 -230 11 318 -321 108 125 -193 425 -119 -96 -226 31 -196 210 43 519 44 -36 583 -459 298 -50 65 -202 -14 -327 130 175 24 -54 -69 -151 -192 -77 136 453 -366 118 -516 149 -314 311 -83 -104 116 -154 -81 -499 400 -2 -28 152 -442 141 0 -319 26 -233 -163 -219 -77 361 -163 -14 186 -294 23 76 480 211 -369 73 143 178 -366 -178 -48 175 -241 381 -129 193 -208 137 354 37 -338 224 104 -64 -79 276 -182 192 40 0.9324898527931737649122440173042949962401e-20]
[-70 164 148 -67 116 -157 256 15 -202 -238 299 -53 41 91 -135 -316 -299 101 -97 177 -205 352 -247 -267 263 36 142 26 -485 341 150 -120 -295 53 -21 179 410 -197 -293 -93 -18 -178 -303 -11 196 -642 -63 -17 117 336 142 -9 -260 -125 -138 -83 -438 -394 79 -152 227 -146 -113 -470 54 -230 -5 153 258 0 423 195 -57 -140 168 -19 89 184 63 288 26 -124 -139 9 199 -279 -169 -80 -152 -71 -275 162 -114 -125 -28 -18 -131 -198 -207 -27 -182 -11 23 40 156 413 -172 165 -12 51 -136 -497 -547 361 64 -378 -223 222 -118 10 40 402 89 155 -261 -34 92 195 229 -120 414 100 385 -84 -213 -423 143 -259 318 -67 -24 49 315 -137 471 269 -110 -27 -230 -263 -278 -224 96 -399 -116 -64 -143 -313 181 -405 48 123 30 -89 -353 -326 -281 124 53 271 14 134 -103 7 -175 -191 -356 100 198 52 217 -501 218 -261 -133 129 -184 -383 -79 128 112 -133 108 66 240 -33 -87 -15 -296 -435 362 -283 -185 31 -26 -214 286 -199 -421 -393 588 21 0.4795385730820110829205693905863405746004e-21]
[462 309 143 -88 16 308 -271 42 -159 -145 441 -69 -23 136 -276 -285 -52 -338 -322 108 81 -95 -216 -31 -346 -50 130 -238 -39 -2 118 -67 163 81 260 -114 -137 -65 -343 -186 86 -87 -357 241 -39 -369 -9 71 -97 -135 62 54 -25 61 -561 114 -80 -302 123 111 -11 -122 111 50 -3 -109 156 -172 214 10 -62 -97 -443 -274 302 -192 -290 -233 -135 -27 311 201 -266 -182 400 177 69 115 -201 764 -139 -21 -301 -439 19 236 -46 -332 -157 -40 -197 6 -42 36 -1 135 468 352 -82 -64 -469 42 -95 -43 438 10 -276 -64 -269 305 -332 490 -84 -498 43 322 75 195 187 135 39 -376 164 19 15 -166 -27 259 -395 102 573 -88 -19 221 153 374 -21 -515 -367 -212 187 11 5 -52 83 170 -17 -251 -304 -34 530 148 -255 23 -41 -409 -75 344 -175 234 -20 -12 -204 -296 -247 8 -344 165 434 2 240 75 -38 81 67 -212 -448 43 -151 120 153 364 745 -357 -52 -270 95 -63 -382 255 86 -303 -73 101 -314 -252 219 -23 -240 7 330 275 70.94500000000000000001019940984160161704]
[-962 -554 481 -696 -445 -201 29 -10 -60 55 -621 109 -51 207 -370 119 133 -268 163 224 130 -247 51 148 -127 481 165 -234 93 -150 -45 -10 224 46 -115 7 -205 -87 559 19 -204 -248 -414 1 258 239 79 133 79 110 -207 105 45 296 -391 -28 127 143 276 -181 147 72 221 -39 19 -19 -155 -29 119 186 7 -247 66 -162 -127 -66 84 46 -127 54 233 27 246 259 -181 51 -144 198 261 -129 -271 -91 -339 242 -135 53 308 3 -381 -219 -70 159 128 -366 -272 33 211 46 83 -17 70 410 -374 54 371 -10 134 -71 237 333 138 -645 -352 90 108 242 189 528 300 86 -226 -50 318 79 579 67 -324 80 -67 100 -257 141 176 159 225 -266 -138 99 83 49 346 122 -178 40 -81 -60 -31 -42 -113 217 98 -220 -254 -76 109 -26 -166 -561 -254 -67 368 3 -531 159 252 423 367 158 -438 369 -266 223 221 111 298 -92 -53 37 -172 372 -202 195 90 -186 -161 -174 -121 -298 276 128 322 -65 129 -21 483 -236 -27 208 -94 -250 198 -20 212.8349999999999999999950223707575068724]
[-76 -801 17 511 236 -84 -299 389 458 318 201 218 -38 -69 -442 40 -514 -30 253 93 373 -115 256 102 -234 102 129 63 58 188 -13 -263 -332 -15 378 422 424 -55 223 178 179 123 -234 -314 497 -80 -127 -232 562 -436 54 196 -174 -178 171 -92 -319 107 -394 177 41 36 337 -236 359 -40 543 271 -379 122 321 -759 43 417 -63 -223 402 -12 197 -203 105 -113 242 170 71 -378 5 71 -513 -249 172 174 139 6 -492 -269 407 136 497 -65 -124 130 -117 -212 315 -14 143 92 -126 -177 397 -157 -103 295 -285 157 105 -293 -488 -105 250 129 351 170 -413 72 -269 304 245 490 -352 -517 69 278 237 -67 219 -134 465 30 435 -68 34 0 164 -119 150 1 103 396 -145 352 -334 313 -144 256 -311 9 -300 -67 -84 -183 -57 119 -34 -486 -311 -276 587 14 -72 655 175 -267 -61 -340 233 -29 -178 208 257 -120 265 -208 77 -256 -293 156 -6 144 -173 137 18 -131 -120 209 -176 294 210 -412 -195 -109 323 -163 -242 3 154 -310 -209 -225 12 9 -70.94500000000000000000168157039431544954]
[42 170 -87 -96 209 -220 -37 -50 -151 210 -149 175 -48 -139 25 607 -137 -271 104 94 19 90 -653 145 -292 -208 -218 44 -230 119 220 37 -251 -215 230 208 126 -215 202 341 -9 -250 -33 32 -576 -125 -64 30 -23 -212 183 -4 31 -407 93 -99 -92 139 202 -176 351 20 2 -497 -354 -212 -280 48 195 -60 64 -164 34 355 -261 168 -191 32 72 -337 -460 -149 -100 311 175 -194 -110 345 14 60 -195 229 -138 97 150 42 8 -196 139 -115 -49 -311 -537 34 -409 -254 -209 -1 124 136 -321 -4 -116 117 469 114 48 -308 107 12 216 49 -115 -339 351 112 25 74 178 89 -148 -63 -290 170 74 50 84 -42 20 150 333 162 -37 -301 64 -187 -371 -230 -254 192 -270 64 -358 68 91 116 -345 142 -35 84 -92 243 83 -43 -89 -43 -485 285 104 -89 -82 -53 65 18 183 -41 -354 240 -143 -248 -189 -94 229 179 -227 92 -13 99 357 57 -5 75 181 218 8 239 -196 -602 8 101 -272 151 24 277 29 19 -419 -100 -348 -367 109 370 -212.8349999999999999999999304018875989049]
[-644 559 748 -260 212 -156 523 173 -141 -56 205 -323 124 36 -243 102 282 149 -222 268 -388 98 -162 -56 156 0 -11 -179 157 381 -184 -67 -102 18 -204 -65 137 141 -101 -93 113 32 233 -3 -129 -166 152 -26 189 -307 -17 -190 7 -93 -160 -323 157 -121 364 -215 -2 -157 -158 263 -4 162 -30 95 -91 -407 -345 92 -139 -200 -50 -92 -167 -37 -39 9 -282 -456 -238 -130 82 -62 -165 -362 -58 -58 429 -204 -379 -50 -31 242 -259 -122 -311 -111 87 1 -64 -208 -64 -21 82 93 -44 -283 -31 -95 176 0 -101 320 -302 49 152 -176 -116 114 -216 -319 -205 114 -130 -265 -118 203 28 -210 137 -140 115 -58 271 -225 -176 300 210 -266 26 -115 23 -425 275 212 -108 -563 256 261 266 -15 181 -320 -210 -402 166 -194 83 -168 99 -111 -325 17 -403 179 44 -267 -107 51 203 271 -190 260 -231 2 108 134 145 104 -281 -382 -457 488 -24 100 -112 37 118 112 -154 73 30 -9 -63 315 334 -183 135 -64 7 -392 -104 163 251 2 -48 -375 600 114 -141.8899999999999999999932788478472648256]
[-731 529 -1002 125 -5 236 70 -287 367 -194 -121 -211 -26 -312 -116 170 -204 69 -37 133 115 92 17 11 228 -341 -220 -104 461 -35 -182 -333 -47 -126 150 302 -204 168 272 72 -24 -30 -128 -143 -120 -100 -537 -426 -30 25 422 -116 37 164 201 85 -108 479 192 -144 172 -99 -34 -18 120 -11 -133 -179 157 93 50 118 -157 469 18 -76 2 463 186 -590 -252 36 -26 198 -471 143 -199 206 -111 75 53 122 115 120 -51 -226 -127 63 91 281 96 -87 -361 105 -107 100 8 173 -47 -104 91 288 118 -22 143 566 197 -25 -174 -95 -45 32 -216 -317 -23 -242 -51 59 -23 104 -127 -78 -152 200 258 -426 -44 152 146 -122 -6 -72 78 -35 367 -377 -116 371 -317 -27 108 -162 78 118 -29 172 156 -645 -725 -14 -119 -14 -210 -109 19 145 -343 136 193 -274 235 0 15 376 46 -254 361 -113 623 8 -79 158 -228 364 -476 230 -76 -34 -7 144 147 -217 -110 -80 222 201 -140 -51 158 -52 -28 -234 23 139 -78 237 21 -80 80 -147 213 -326 -70.9450000000000000000015193468668205895]
[637 -368 -139 966 210 2 -26 -276 -284 24 222 138 89 -295 -99 194 237 33 -188 188 -301 -164 -149 -121 67 146 -68 -335 298 60 392 350 -255 143 81 184 81 139 138 225 -58 -460 83 -88 -46 240 223 69 91 -205 -36 118 -354 -113 -176 426 611 -8 -111 -116 -126 230 107 268 -43 220 298 284 -169 -462 -288 371 -275 334 300 -183 -416 -231 -217 420 -233 25 166 -36 -315 -10 -210 377 47 -316 -47 -244 114 37 22 280 -250 99 -308 -625 466 185 -128 -121 -288 -34 18 136 44 -282 -363 91 -18 195 114 248 -153 -77 -130 351 -235 -211 -70 -352 5 -44 173 -469 -259 29 32 134 514 118 111 -201 -188 435 -80 237 34 93 -58 133 -152 9 -20 463 -286 -350 411 303 -127 -178 19 -324 -122 -549 74 -144 273 -376 -343 -43 -78 168 -264 -342 -66 -24 148 76 26 126 -8 383 -304 -361 -109 -170 159 126 -170 218 -46 136 56 262 113 45 -50 -212 153 58 -40 -213 -157 -101 221 137 191 -297 -329 -157 -83 55 66 48 121 -227 407 -59 70.94499999999999999999481356832621204628]
[-920 -483 997 607 296 78 110 -140 -5 17 348 -492 540 -327 -140 -364 -240 -266 -470 65 206 -121 -113 149 -11 113 14 -26 180 265 -440 447 -256 73 24 49 563 174 -363 -244 -287 -169 63 241 92 -506 21 -89 189 151 -343 394 56 -93 249 -120 -89 112 -518 26 27 278 126 -11 -57 -78 270 -13 -87 259 82 350 -225 236 561 -64 359 -38 61 20 439 4 220 201 -42 278 -15 127 41 -99 -25 -106 229 -457 601 -49 10 -162 156 3 131 228 -223 -41 109 68 154 249 54 134 -339 383 -194 -178 -241 -84 153 -148 -263 -578 8 103 387 -185 -685 142 211 -40 -134 226 308 -3 -81 1 -91 -115 242 -315 174 -266 20 -104 178 -541 136 261 -388 82 -178 -259 172 119 -179 -214 39 191 164 -172 -685 -418 -323 -130 -64 0 -346 141 57 -156 448 231 -304 164 30 110 336 -17 142 -502 296 -60 625 187 -13 394 212 184 -83 -93 181 -37 95 147 -30 -215 -102 -267 -98 559 461 -401 18 -439 -241 -5 -468 123 549 -300 127 -271 24 -78 -70.94500000000000000000798577799107846489]
[-672 402 947 -702 -91 186 44 186 21 152 21 -143 -184 -148 264 -118 263 198 -45 132 -222 112 -86 112 -24 209 91 168 -51 -75 325 304 -120 -241 -6 47 274 3 -170 -87 83 -50 53 185 283 8 173 326 167 267 -59 311 -65 -343 19 134 252 -33 52 -383 -84 315 -256 7 -349 -68 174 -17 118 71 155 -113 -15 48 -176 -321 32 -197 -365 134 -331 -288 -232 -128 -32 -58 -230 -143 196 -473 -255 -328 236 -33 -55 -14 263 -130 -144 -337 -37 396 -188 58 15 -261 -253 165 -94 50 -103 226 81 -406 -10 354 406 -444 -188 -25 -164 -224 -65 0 102 147 5 -156 -318 187 -180 -95 -78 -153 568 -33 227 -24 -324 31 -6 303 -113 -3 -40 -92 -165 375 232 261 121 -71 -59 129 -38 -223 22 200 -51 267 -138 -228 -139 221 -388 -24 40 -140 -80 -73 -155 -364 -420 -229 31 214 137 -98 -191 178 -162 101 -301 234 56 -36 66 642 258 -244 47 -343 156 -16 45 -221 12 -266 369 317 -317 118 311 110 53 -239 -371 -30 69 169 15 121 70.94499999999999999999600087623560681281]
[851 -975 -1003 -447 -198 -294 263 -242 -173 -127 69 -292 -72 -195 -255 -54 189 -156 -59 -186 -123 234 -539 -230 -103 -184 -79 -389 -132 128 -477 156 -162 279 -52 464 28 261 230 -90 -336 -345 -2 153 267 -394 387 55 -8 104 112 173 32 -491 -269 231 -181 -112 -81 256 -17 -342 -403 129 454 398 27 60 133 181 160 49 214 -82 60 -160 -261 -626 11 577 -210 -36 4 -132 -119 -414 -183 180 -181 30 -336 202 42 -32 124 67 -117 -146 150 -441 -190 -215 -379 -237 -295 -105 -336 -262 126 -91 -388 110 -348 14 190 -288 -86 -510 -266 137 -142 -87 138 254 240 439 -174 318 49 41 -91 -5 -96 129 577 -123 -193 -292 404 -158 142 177 209 -333 -39 136 -357 -277 -295 193 20 -172 -453 -150 67 -71 -31 -4 393 -113 -5 -9 -417 9 -37 -31 -370 428 387 -243 -263 127 -87 208 693 316 110 -273 -95 46 98 -118 302 190 282 277 34 483 161 532 -104 -209 248 -207 306 192 -442 -788 327 151 49 -228 -254 -156 48 -219 2 -41 63 -107 588 147 -70.94500000000000000000438960381565564151]
[-264 -918 -720 -127 18 171 67 178 521 -232 -37 -315 -285 83 -23 -326 -14 58 -147 -252 -339 -16 -169 -1 15 220 3 95 -111 -251 382 297 -82 182 -39 38 418 121 -173 68 -153 76 -487 -116 -8 13 -161 229 -55 212 103 44 -289 -185 -419 -177 133 -199 451 78 -28 -190 -234 184 -12 142 315 53 189 166 143 41 160 32 -171 131 -306 194 -293 185 131 -102 -197 -92 470 202 -2 -423 -61 4 198 117 91 234 265 65 67 -354 -90 -12 -55 -517 116 420 1 243 176 -75 140 -186 73 318 -185 -445 254 -158 521 -154 -147 480 -187 -107 -246 -334 -357 -72 417 -187 -12 -94 379 372 -31 -19 212 -119 -125 34 204 234 74 -137 439 212 84 -37 86 -306 413 28 -10 -365 309 -351 -45 116 -119 -67 -20 -83 335 89 -9 87 -105 -461 -280 -81 70 61 41 39 -284 -135 -305 500 -23 139 -11 464 104 -126 546 46 71 -172 -291 35 110 -58 -236 44 79 -111 183 -70 -123 182 401 -147 117 -59 -63 -101 -430 -293 -112 427 -171 20 20 58 638.5049999999999999999904177587414915034]
[-795 -391 -221 -267 -332 -327 -28 274 -177 -237 181 296 29 12 -501 -164 222 193 19 82 98 305 -235 -530 310 -193 -40 311 158 335 282 -239 -186 -241 21 -38 120 50 -342 193 -399 -13 -344 198 322 -447 37 143 284 -53 308 -496 -203 -215 309 -72 -100 -140 -22 -71 115 -418 -67 -565 -191 370 -53 -1 -137 118 -23 8 83 -708 232 64 85 -364 -24 -149 -103 -241 -248 -162 -288 -238 -412 149 -265 -82 68 -243 473 20 -445 336 -23 -49 -384 -415 -147 263 -139 -206 5 90 -93 52 -54 -494 18 -314 234 304 -373 -307 -191 -269 167 -114 -237 287 -265 -256 28 27 -204 84 -253 6 109 98 228 -118 199 187 130 49 -631 90 422 312 104 -17 -106 100 266 24 -73 95 -214 -54 -29 -88 -294 28 -397 39 305 123 44 -134 -206 127 -126 -319 -266 248 342 234 195 -7 -95 166 -399 -272 -203 -62 -25 107 148 -277 -295 42 -47 367 -144 250 192 44 618 62 -43 264 350 -227 196 -272 -102 -275 -233 76 96 254 280 57 -140 411 -39 426 516 344 -141.8899999999999999999977891545445287368]
[591 506 -344 552 177 280 -106 12 -16 -65 6 -296 194 154 49 165 233 198 204 -78 -256 283 -52 -107 2 -193 -16 -528 -85 -12 291 -392 70 57 -223 195 342 -17 -20 16 -416 46 49 -495 -617 3 -241 -15 176 212 365 333 12 -92 102 33 -340 -42 27 -97 15 -382 33 -565 -202 -118 -224 -137 -50 -132 -2 414 50 309 -82 99 -26 390 -81 -132 -153 -132 214 200 411 35 628 220 -168 -167 19 40 -151 -522 212 15 -117 -273 61 396 414 49 309 477 0 427 107 107 -66 223 -4 135 500 -250 288 -84 111 -272 61 -48 -95 343 42 -106 97 11 -54 -52 33 5 -93 -22 22 254 -15 -441 375 -94 -409 -151 289 290 -102 -312 -13 89 -426 -461 157 -288 -50 59 265 53 11 -103 189 58 -210 1 -508 -41 -156 -297 21 424 119 -89 78 -405 -4 -38 249 6 -219 -370 -408 150 464 -336 149 -127 95 43 -195 -28 -146 -126 -16 97 475 -55 419 -218 244 154 292 -19 -30 -217 151 -315 223 31 -53 118 151 353 -173 -127 32 76 70.94499999999999999999513071605755664357]
[-203 122 -155 76 -7 159 -10 326 279 -49 130 -126 251 -282 -366 537 292 -224 -47 109 -280 8 -239 108 -15 383 188 424 15 64 124 -185 -151 -336 64 -284 403 156 -23 409 -225 70 -576 145 -359 192 -253 -202 -120 473 -57 324 -31 243 -318 202 345 -84 -332 88 -551 110 276 -226 -139 -473 213 -25 -377 -7 75 -170 -30 -203 301 328 99 376 -271 316 102 255 95 -211 282 -231 511 97 644 -521 -7 355 39 159 569 192 167 -159 228 176 -132 260 63 354 53 3 327 232 90 114 -172 -263 -238 -11 280 -108 -60 -223 -247 211 29 87 -6 -90 86 142 91 -191 -86 54 -241 -272 13 122 -370 -231 181 461 412 -48 156 229 -147 629 -345 88 -64 -84 -503 -175 212 -50 -13 -224 -271 -577 40 86 -477 123 -73 293 85 283 87 23 -489 30 67 347 88 2 -210 93 67 247 123 14 81 212 55 -156 56 40 279 -299 -415 -397 3 175 143 290 -319 -141 -241 44 32 30 357 -472 -9 -58 -460 -494 -105 -212 76 180 -102 -320 -60 451 141.8899999999999999999970341815891830816]
[-926 496 182 -697 -356 -56 394 139 -55 -183 -5 -45 239 129 71 312 33 479 240 -78 -521 262 -18 244 437 484 -209 -41 -199 354 -265 -26 -55 -448 -14 121 67 218 -90 201 -96 182 -135 130 -38 90 -51 77 267 221 104 269 131 -351 315 44 166 -141 -15 199 -550 -149 547 -14 -250 -165 73 -86 -196 47 -254 -226 289 -429 -94 19 389 19 -326 -264 -66 269 405 -160 358 -174 232 -159 399 -271 58 -173 17 140 142 3 114 -628 -69 -4 -137 -73 195 27 -133 354 -19 113 172 14 -206 -17 327 151 84 -432 -10 22 321 -40 -162 39 -399 -194 160 186 400 -88 -223 -141 8 -59 3 258 -72 -296 -77 -140 105 -62 -212 -118 341 246 32 -48 -67 97 -203 -284 345 -264 202 144 -618 -388 341 -4 296 134 -204 172 -38 48 259 -110 -453 -74 142 392 -3 383 150 -248 195 262 -31 455 134 206 -121 -116 55 -285 84 115 24 -358 97 -44 59 -9 -114 -44 95 53 -364 -70 80 -503 687 -322 -295 -1 223 -45 17 -115 -138 -255 -200 -285 70.94499999999999999999011454388609617803]
[-884 -91 205 412 397 -171 94 162 222 168 -461 97 -140 -159 -330 84 -113 -126 46 23 145 41 -413 -42 260 -254 205 -400 123 -4 341 35 355 -61 -8 103 -32 -149 107 -369 13 -78 -520 -213 -193 -535 146 351 102 -211 -184 324 -100 -246 -57 133 66 -363 -260 336 265 -54 244 -113 51 162 -22 -246 -210 -174 327 97 19 208 512 -60 269 -188 262 -64 -286 -233 332 96 370 -574 167 286 141 -215 -176 90 -291 -77 -369 231 66 67 -420 -123 482 464 -421 272 -111 102 -26 -417 321 45 240 -226 472 252 216 28 -114 90 -68 -223 53 -327 -114 -247 250 -140 254 109 418 73 -358 -152 128 116 6 331 48 122 138 406 -410 84 61 10 411 -286 211 271 105 -313 -163 88 -154 97 -371 -51 117 617 -314 197 -179 -77 317 14 160 207 83 350 298 162 97 -138 -463 187 -61 -268 142 176 -167 -18 -15 168 -81 -15 35 44 112 269 -49 60 -257 474 393 153 -135 64 237 -301 -191 -112 -99 123 23 192 -202 172 -242 191 -183 -4 -476 188 -70.94499999999999999999693836206946831863]
[505 201 563 -207 -8 -120 311 -97 -73 256 -204 -206 -207 70 178 45 171 -49 92 -264 -305 -66 170 -173 -208 -156 -149 -307 45 -419 328 -204 387 -132 2 160 -175 130 129 187 -85 212 -66 224 -471 375 12 269 -74 253 -25 139 377 -224 31 163 -114 -39 162 24 -150 -24 -210 36 197 261 150 -163 -168 -98 264 -42 219 259 -340 122 -474 -480 -10 442 -246 -66 -305 61 -127 -110 140 74 -178 324 189 -273 -205 22 47 -47 -229 -418 -42 -57 51 -276 -295 80 56 -87 -243 -55 -210 134 -523 291 417 -345 -16 -268 54 -31 -48 209 -590 41 109 127 370 194 -90 -53 -255 403 61 293 -8 280 65 47 -258 -64 -58 463 -170 -97 81 171 -472 -459 39 192 -170 182 184 -98 14 20 57 -457 202 227 148 217 9 -5 -368 5 -42 -396 -162 264 383 -242 -264 103 -143 -194 371 129 32 253 -82 59 -316 -40 -412 144 254 -19 169 -146 -83 230 -116 89 323 101 -23 58 -398 27 265 213 -155 -35 -152 -195 291 -70 -458 -37 -254 -254 90 -188 -141.8900000000000000000103853849798909493]
[-548 -176 -531 752 56 -298 -74 276 -137 -174 -281 122 95 181 4 66 -185 -219 -260 -116 -159 -157 106 107 4 -109 328 10 -75 -274 162 -26 -216 243 100 468 88 77 310 43 -82 -448 -200 -127 -49 36 173 137 74 219 33 292 50 155 -666 -269 -32 125 164 -43 36 -14 23 -529 -251 189 -246 -279 -3 -31 50 -86 -81 67 26 11 202 88 416 -78 468 -120 38 254 260 144 288 528 -361 -228 222 231 87 154 -231 55 431 303 147 -281 -61 280 145 -135 -62 -372 48 -31 223 10 -102 155 75 191 286 139 94 79 61 -71 -242 -415 -145 95 214 186 127 -62 144 -276 -197 229 149 51 113 59 149 -106 -32 163 -144 115 168 343 -394 -115 -195 -148 -214 469 -373 369 -233 111 77 -216 -410 329 -96 29 -42 76 -291 156 87 -196 -194 -284 134 304 2 -150 -92 136 -157 -272 304 235 -186 370 459 111 74 -354 433 85 32 370 506 64 431 -71 2 360 -77 98 142 -241 224 -12 78 -301 -170 255 367 -31 -289 -74 -151 -167 -504 -6 -70.94500000000000000000023489955956821936]
[-692 890 64 345 95 -162 27 -134 -372 227 -368 217 17 -588 21 406 -243 -239 27 243 18 -141 112 -45 -26 63 331 178 -247 308 174 417 -71 374 11 -15 184 -290 -88 -506 76 91 69 8 -209 -31 485 -44 201 -151 -220 122 -18 188 225 -163 173 19 -86 31 137 112 -113 -160 272 264 53 -38 397 -229 328 475 208 -307 238 26 -215 -270 -83 -119 92 53 -316 499 -358 -38 58 -33 82 98 275 -114 -194 -143 -133 -130 -599 -259 -209 -9 -33 301 13 -137 -106 149 -322 126 275 -184 -120 -54 204 172 286 -52 -17 291 -265 -300 122 -107 32 466 -126 -128 -181 231 137 287 31 214 382 110 115 -70 -222 142 -108 104 60 -216 -162 68 22 -92 12 24 -327 364 -233 298 175 -93 385 -278 -88 75 -89 43 213 -109 -237 98 -67 -230 52 -57 -125 77 -112 325 27 188 -92 184 -126 59 -41 -12 -103 108 -224 181 -225 -367 221 -17 43 -79 -230 65 -37 107 -314 -125 521 -544 -501 427 90 -159 -71 37 14 155 -279 24 39 -76 -3 -115 70.94500000000000000000730169881670354406]
[327 -119 -856 -22 59 295 -2 -100 -39 87 -43 -90 103 -241 -278 116 -89 254 46 -92 -238 -290 -337 7 6 -174 -11 -7 -173 138 -130 378 -641 69 62 70 691 -105 110 -27 -188 -484 38 113 -590 -156 12 -399 181 292 117 476 34 182 -4 -167 10 48 -333 -271 -203 199 -17 144 191 -226 227 203 -129 4 436 -56 110 380 207 -108 39 -675 205 242 169 240 -41 138 -39 -483 -224 668 -207 24 -8 -147 -255 -256 165 160 112 -154 493 302 -90 -156 -176 -108 -93 -245 143 348 454 -96 85 -19 -421 -92 138 -304 -256 -163 -297 -35 -110 -35 -62 14 86 136 102 61 163 -111 -334 -130 -149 335 11 19 360 -145 -60 97 591 -100 -60 -459 -348 24 111 -201 -283 41 15 31 178 -210 266 127 -527 -145 -375 -71 -94 -269 -163 504 103 35 -263 -120 26 -47 56 211 290 191 227 394 -351 176 -22 118 180 -235 178 -194 -141 88 85 174 -88 188 62 297 84 15 116 -34 259 286 -145 324 -105 -298 -53 243 255 -77 -253 448 273 -212 302 -40 -0.5201514044021958071771647629053664241283e-21]
[49 -34 -119 -126 129 95 206 115 132 -3 480 76 -68 541 70 -398 30 -97 -350 231 -97 241 -155 -284 91 -65 -160 -7 236 85 16 369 -202 -94 -266 -141 -80 91 -54 260 -239 201 -93 -196 177 -219 -242 -79 58 251 -76 130 38 -90 -216 -160 -427 -15 31 65 -25 19 73 530 69 -221 134 572 -43 658 -337 -224 -316 116 -266 139 242 92 -72 235 212 -135 -6 -425 224 128 -10 -318 -163 95 -46 -24 -173 288 13 78 278 125 -140 57 3 -503 17 71 -126 -254 153 -164 -38 349 -161 -167 -297 33 -378 -18 62 319 -183 336 -113 -208 -1 158 -14 268 -21 109 -9 277 274 -174 -46 -293 -20 275 432 271 -185 55 330 22 285 -323 230 27 132 36 317 -133 355 -198 -437 166 -69 -18 306 147 -197 -295 -70 431 50 97 -31 -128 -145 -1 -136 -286 -233 -319 72 -445 -88 -118 -62 -333 -87 -67 24 459 321 -158 75 -160 16 115 -50 -269 -194 293 -155 -14 160 91 75 302 -102 -44 152 135 254 -218 169 -295 323 19 221 -122 -131 152 283.7800000000000000000057038948219787089]
[-334 -193 657 988 451 340 285 -276 -303 -116 445 182 113 -237 281 121 -181 -42 32 -493 -257 271 -43 200 -57 -107 34 94 -133 -42 -106 205 69 193 183 449 28 105 -58 -235 -14 206 -22 -16 -226 30 -2 464 -27 267 -407 335 50 84 -73 209 -358 -103 -54 52 95 -177 -138 -41 104 -154 -24 -105 52 136 212 306 -165 360 -56 140 331 524 110 415 342 -126 304 392 -195 265 350 339 -83 -71 122 306 339 180 170 -408 537 44 157 293 95 9 -116 476 -63 102 -340 -608 38 448 -654 210 198 -32 29 80 347 1 -236 -282 -112 -297 293 -1 -132 60 101 209 40 -4 297 39 205 91 -246 -206 -99 8 262 178 -616 -56 39 157 248 -132 -46 201 119 -304 329 -57 100 -65 -455 -193 494 279 -487 -102 -445 321 -35 36 -44 344 -7 371 279 48 -293 244 -258 -306 187 -385 235 -62 96 -252 313 383 105 124 314 -225 57 -197 46 -421 -127 -232 100 302 -82 243 -411 276 -517 -32 345 -353 -440 -261 -366 -32 -309 -496 -47 92 -614 -266 -141.8900000000000000000195466281662304146]
[781 745 -193 797 403 374 231 -341 192 221 -266 559 23 326 -256 -553 114 64 -68 160 235 43 241 122 42 52 -123 -59 -29 -146 -209 265 -134 314 -232 138 -41 -70 -16 263 528 392 43 -302 194 -79 133 419 86 106 -107 64 -40 -135 -47 -70 -264 389 -310 44 -217 132 179 293 -266 -362 247 265 -278 -159 -108 153 52 461 310 -123 -398 -223 117 295 101 -598 488 -110 -156 191 -124 307 255 69 -71 -34 -16 222 6 167 -48 -117 -25 127 -99 121 -299 30 508 -437 -96 -19 -105 14 38 184 -171 -276 45 317 156 199 -136 72 187 -564 364 -254 131 -42 -130 58 216 61 -40 -174 -90 -56 122 -302 -229 -143 -305 288 -238 370 -5 9 185 -298 -65 259 168 135 519 51 170 -50 -302 147 94 -62 -347 259 -86 22 -20 103 -73 54 204 183 233 -55 218 -108 -274 -183 -162 352 155 34 311 167 -13 230 -364 461 -27 -8 -93 21 -325 -231 -621 12 242 -296 -17 -107 -24 210 71 386 -234 150 -52 -87 -496 -468 -565 -152 -176 -173 -97 -69 212.8349999999999999999900440816809554883]
[626 -887 586 328 -732 -59 -15 300 -356 -20 -74 342 80 501 -392 -183 143 -195 288 60 361 -100 -76 -164 -135 -223 4 218 5 -267 -153 -113 173 -334 -112 -122 -181 -284 -62 138 -217 161 -278 -130 136 41 245 50 -278 733 236 -195 266 178 -164 -32 290 59 152 90 404 -194 -132 -73 -201 66 -334 -229 37 -275 -128 -41 -189 -219 23 172 97 -65 31 49 -38 10 -180 -85 124 104 -31 -188 173 546 14 151 153 240 -435 283 -508 164 35 -278 -674 -616 -50 227 29 129 -47 -125 -262 -228 -163 -240 -274 60 408 -358 117 -131 273 90 -280 102 -59 34 301 -141 -484 66 -61 -351 -70 142 -437 -198 -196 163 -129 218 336 170 -358 -160 -112 234 -293 290 239 237 -252 631 -183 -9 86 415 -249 32 -237 94 492 84 323 538 305 -40 55 -129 9 365 -185 290 -5 -142 -191 -50 -220 -217 -38 232 -9 -54 -297 -147 217 196 136 100 -11 -577 -293 -115 412 -9 -96 280 289 -126 -15 -231 129 -263 383 288 441 -22 441 -32 -210 -92 13 220 -31 -57 141.8899999999999999999942256865169928276]
[242 806 794 892 -288 -330 -254 -91 4 180 182 -60 278 301 -160 -198 327 -176 5 487 28 -326 -140 92 -31 -163 56 -52 288 146 311 -528 -80 -508 -208 -428 -387 -30 147 113 -417 74 -269 -370 472 34 -389 -166 -467 17 -159 -115 135 -206 236 -223 -145 286 -358 -53 -58 -11 -139 -621 -75 -188 508 104 -192 243 133 331 -23 -253 109 59 180 307 -99 -234 268 89 207 -285 358 -73 162 -98 68 -105 -70 -43 251 -243 52 -120 380 -191 91 -546 -35 97 146 85 -98 276 -64 181 -583 -417 -327 -163 45 12 -471 -320 143 -17 -77 -17 68 325 -194 -492 56 -10 -134 23 275 -52 273 40 -93 -499 -196 189 -124 243 -130 -48 -403 -365 -128 -232 146 -23 -167 175 93 -38 544 162 -103 108 -308 89 -89 -210 -125 -349 218 -148 -21 -12 -283 7 150 -62 -163 228 -11 -389 -170 -190 -105 -470 280 -482 357 55 -98 -138 -353 162 -349 81 -79 -65 49 9 -47 -81 -1 -149 -45 -430 136 132 174 -371 -313 -195 304 103 161 -150 245 -327 -102 284 -41 -144 -70.94499999999999999998839495646065927957]
[891 337 -523 260 247 -235 335 -180 -46 -74 124 175 355 -53 126 435 214 416 17 -309 426 324 -287 -178 231 -277 -77 286 -264 154 38 10 129 -208 -128 347 27 90 155 -322 156 6 478 -103 -110 -25 40 -198 142 -373 98 -15 230 -58 413 7 142 17 -265 594 224 -431 -8 -141 195 -264 126 181 -210 -27 -416 336 -79 -60 96 92 73 -63 145 -294 -214 153 358 37 -109 -91 -67 114 289 -230 335 163 452 679 160 21 -152 -120 234 -13 335 49 -229 282 -508 -47 38 -317 114 99 138 78 296 88 -115 -100 382 -43 -125 -375 121 -265 282 430 -147 52 464 228 -221 -342 -182 314 -171 247 -9 -5 76 32 13 84 125 -153 -49 40 -311 292 584 -148 -53 -305 -127 -40 -432 -291 -436 203 80 328 346 -91 -620 211 -290 -17 443 77 -496 212 112 44 -241 131 -30 131 161 167 1 -91 209 -421 288 -63 103 -304 264 -125 -183 -85 60 -103 214 -212 -92 78 35 475 -342 -148 23 -418 535 286 -156 268 149 344 91 -11 -137 -107 -188 179 141.8899999999999999999890714479856312275]
[667 614 631 -732 -488 -115 131 -265 198 32 -249 -289 -317 -164 726 144 -344 158 -155 -152 -43 98 23 -39 89 54 -342 -68 -311 -193 378 229 -15 394 268 98 -73 -174 15 162 -300 113 314 -21 -219 -18 -299 -324 31 -31 327 -179 72 -97 193 3 47 -18 -42 211 -547 -126 0 -234 23 -222 13 198 -215 379 51 -18 147 129 -637 -128 -122 174 368 -169 -252 102 -200 21 160 79 -157 -125 -71 186 7 -33 144 -202 96 14 546 -7 499 -149 195 -102 352 -521 -218 -68 86 1 58 -80 282 102 29 7 -47 24 -138 -58 279 204 -220 194 203 23 -268 214 144 -404 -231 -329 166 486 -305 -102 -306 -156 39 -56 -35 -447 71 -177 -20 -533 -260 343 -77 -169 23 293 -284 115 -43 -258 242 131 40 256 189 75 -521 -129 -11 -223 137 -162 273 -526 -244 -15 -270 -53 441 116 6 -31 -382 172 -95 -28 18 -209 304 -334 -292 -237 237 29 77 -416 336 15 268 -76 501 206 56 -143 93 17 -277 35 89 343 230 52 -19 163 -41 611 -162 295 141.8900000000000000000056452440491659053]
[-616 -914 -931 681 -426 -557 40 -314 -332 203 91 244 103 -226 86 83 -266 -302 210 428 -246 148 14 204 21 -129 -178 -190 -19 -300 -230 -36 83 -297 -34 -308 -491 -115 -295 -156 -136 289 215 59 26 -291 -73 41 -89 -294 245 -143 284 -213 382 -146 -210 168 111 222 53 181 -7 -13 -93 -129 -329 194 274 -140 -262 93 129 -254 96 191 214 173 -111 -154 18 31 401 -354 -184 -292 -88 -90 180 -289 -4 140 83 -25 15 -405 -356 140 329 -324 -63 30 168 -172 214 -147 -218 -114 -268 -75 -612 10 -160 438 -241 -30 -96 -124 106 -271 487 547 -236 187 53 44 -369 -139 608 -141 312 202 -218 -55 -483 -69 -144 -210 137 171 -68 -119 -326 81 96 493 170 -284 -209 -93 355 379 214 -271 -261 290 328 10 254 -8 -58 383 225 299 -431 -86 -146 356 -159 126 100 -349 207 -138 -61 -150 -155 179 -391 -27 -270 -346 -356 63 -55 144 71 -201 62 24 92 178 -396 -80 -132 -86 119 -125 -347 21 492 -132 110 -213 159 -161 408 -258 37 -256 -189 425 -283.7800000000000000000155380993178828211]
[975 -679 -371 -833 -100 -93 -110 397 85 29 -451 327 -223 48 159 171 -157 71 133 -232 -71 370 20 -172 249 -51 349 -115 125 -413 874 -122 -117 -43 -252 -213 -92 -5 108 -128 -448 -74 -158 -149 0 210 -248 -62 -306 308 -345 42 -95 184 -303 115 101 -289 97 131 394 -130 -34 -134 -36 -15 -31 57 -216 30 -414 -1 -361 84 32 217 -14 146 273 26 198 -81 80 333 -74 77 269 -84 -360 227 -95 -123 52 82 -208 53 83 -97 -579 -313 307 163 103 -276 -677 -102 8 99 -90 -392 -65 156 501 -271 -190 -631 347 213 196 -220 123 -576 -2 152 -401 -349 506 -112 -148 -280 -359 196 291 33 -217 356 108 148 457 441 -41 49 157 -35 -173 411 437 -46 136 -424 135 -176 -160 202 -238 -166 -38 455 14 176 -66 -210 190 -258 105 -144 -115 -218 17 390 -195 -307 -116 358 -72 -37 -4 91 10 26 273 -142 149 -234 176 173 31 -7 237 -178 462 569 132 280 81 23 -40 335 -303 -298 -270 278 198 -80 -293 334 45 -25 -428 -10 -373 269 141.889999999999999999993188680212760948]
[419 -91 979 387 108 -56 298 -282 -511 332 6 -83 127 -262 139 42 100 -604 472 -302 187 298 -422 91 -379 -196 395 -143 -65 -378 -118 249 181 -110 74 243 316 -331 146 255 -518 482 108 -189 14 280 -64 411 444 391 -120 151 252 592 -98 185 -78 121 137 16 4 -209 -118 -32 -136 -46 -732 310 -191 -58 233 -228 48 -47 -551 200 242 166 -51 -133 -421 -269 125 131 -114 48 -228 365 621 -23 136 -126 -172 63 -45 93 76 -205 19 -326 -274 85 -137 144 -460 -448 205 -127 204 117 -126 297 215 252 219 158 19 -411 47 -109 322 -458 61 376 147 -192 -21 -315 -220 -213 33 112 14 -24 186 369 -48 -112 165 154 80 37 389 -278 -187 24 -243 80 -418 -60 -137 118 21 -42 -140 -282 385 -74 -374 274 -132 154 -181 -248 457 98 -269 -199 -16 118 -20 241 -69 -303 -115 -88 210 280 -1 217 -137 -97 137 -110 374 -253 -238 -217 142 325 -169 287 10 145 -29 343 -172 -108 150 129 -7 -193 -37 90 128 6 -164 -256 -40 103 -474 -304 -70.9450000000000000000034575814935841771]
[356 151 -753 -429 27 568 -6 160 279 311 118 -282 -262 -1 -311 252 -152 309 99 -185 405 -2 487 -397 151 -333 -88 -55 64 -39 -123 205 3 53 125 110 360 -100 -123 -22 -159 155 -44 -214 -113 -25 -65 39 64 -55 214 -244 -402 -101 -290 77 270 -122 35 248 270 -246 202 249 -527 173 -113 172 43 81 -89 0 -190 554 -145 -226 50 -151 156 223 -340 -294 27 167 55 237 -139 -156 -349 631 -130 -259 -42 -85 -6 119 -57 -273 76 81 -2 -92 -306 -100 187 0 64 -279 10 -138 387 175 30 -252 41 48 -116 177 -83 225 5 104 -150 -396 215 265 62 145 -224 -87 -128 -144 283 -14 103 23 606 -180 -144 -112 169 166 -202 -241 279 112 -85 71 353 76 223 49 -44 -32 244 54 -35 -56 229 -98 -146 119 230 -342 82 185 -170 211 63 -451 -2 -52 37 67 -245 -31 -440 -253 186 -167 -172 109 161 -272 -276 -335 89 -326 -404 11 163 15 149 82 187 -146 255 22 -345 286 219 297 139 -35 115 -176 -37 -275 249 290 -311 -190 -354.7249999999999999999922663860153302796]
[-81 -210 -965 -95 -162 -39 45 4 -133 24 4 3 44 34 -7 106 57 -351 -360 -175 235 -40 221 -54 -386 -330 -90 -253 99 -135 -168 -282 205 -107 322 -286 -202 -85 -49 -281 229 179 288 35 23 382 -203 127 -513 18 335 -239 435 609 -189 74 644 -27 -244 469 26 -197 94 315 273 208 -243 -309 297 -85 -56 -105 -129 19 -114 56 -135 -145 -52 -225 16 149 -234 -193 -84 219 13 89 36 614 221 -23 146 -2 -499 -134 -343 -26 99 264 -364 -85 165 110 161 -138 480 -423 -137 -34 157 121 153 93 -218 -187 -350 102 158 21 -149 194 81 -64 258 17 50 -544 -377 -134 -105 -6 144 -76 -393 312 -359 318 349 -19 -63 -141 -239 168 -129 83 556 248 -220 -18 -225 -3 -199 11 -169 -348 242 -319 -90 -59 152 179 207 24 187 -11 215 -59 -288 232 -416 3 -70 268 -58 -221 317 112 111 276 -221 -272 -63 -96 79 -37 172 -146 -90 175 42 120 -117 166 184 72 -169 303 22 -223 -42 332 -132 -88 40 207 51 -265 -188 120 -7 -177 -283.779999999999999999984549512001371873]
[411 -25 -187 104 -319 -124 12 -78 140 42 -182 -133 -138 15 63 -26 -166 -110 93 165 253 193 14 -248 42 168 99 9 -120 162 247 3 544 -204 14 -215 -256 -449 -49 -40 179 -116 108 463 83 -186 397 -158 -113 -121 -261 -466 137 63 50 -218 -102 131 81 334 122 52 76 -219 -40 282 -105 -372 76 -212 -53 -65 200 -509 15 142 58 310 -291 15 -235 26 91 -97 282 -431 484 -233 226 -77 -13 204 -194 242 62 -25 -92 419 281 429 -67 16 -384 136 53 155 286 15 -180 -162 25 -453 265 -2 -112 -24 45 353 -261 -213 126 306 279 -141 393 15 -73 305 394 -331 148 269 237 14 -154 125 83 74 20 -301 -289 18 -307 433 -185 415 -263 -668 9 317 -426 -73 -87 -179 173 151 41 447 355 200 -288 205 186 -113 -278 -95 198 32 -45 -174 265 86 -115 229 -325 -298 -91 -261 304 74 -21 35 -91 -74 501 -464 132 -298 81 245 109 -82 -93 141 -229 -204 564 -660 162 124 216 435 -183 -131 -141 -145 -11 -1 4 158 25 513 -0.3416138799776797081386050364791573397127e-21]
[496 -939 549 -328 161 256 6 66 -264 113 130 -13 318 448 -241 -61 132 708 307 -636 246 -348 -36 -323 -70 91 -174 -71 -373 -302 43 140 -218 478 -526 -4 657 103 -252 461 -501 22 -158 118 208 222 -39 56 459 163 -205 399 -3 -768 458 -121 -62 -493 -267 -188 -23 7 -10 -323 -188 264 254 4 -287 312 420 -36 487 -174 273 -97 -159 -575 209 204 -216 -188 -160 286 -181 -143 -27 169 270 -244 312 190 280 -229 132 266 -210 -109 106 37 -194 -532 -273 -189 25 345 -121 23 27 243 131 225 371 176 187 -476 205 -355 -351 -65 -210 72 202 -360 -193 197 337 363 -8 -44 270 87 40 173 -140 -155 69 -428 -134 -192 75 -45 -7 25 -108 -29 48 86 -134 -81 -229 -34 323 -380 -35 1 -400 141 29 159 -48 -422 -296 -8 168 -238 257 -115 244 -162 -345 160 168 -534 -19 427 -87 67 -19 -220 527 40 394 85 234 -36 -191 -333 -264 212 107 -25 282 190 234 -121 -84 190 42 -269 -277 -22 19 29 -46 97 -262 -35 -68 -27 107 -179 354.724999999999999999989531532231980336]
[-241 1002 -50 1012 60 334 -134 43 274 -38 -4 -78 60 461 -318 -175 109 -59 -133 -348 143 -185 -66 228 -19 79 -142 -105 20 -24 -109 11 -179 -86 -87 38 69 183 -92 317 300 267 -165 -210 -162 255 -32 130 197 151 -176 306 161 -314 -289 59 176 -198 178 -64 -239 69 323 329 -288 -173 224 -161 -409 229 -97 -223 169 -269 -134 -16 -294 -32 209 291 212 205 244 -123 366 302 306 225 115 -156 66 -73 -22 93 417 248 283 -36 156 252 -29 -48 156 41 264 -346 66 180 -209 142 -193 102 -41 -162 50 76 197 -362 455 443 9 -222 -6 -151 26 336 70 -8 194 416 155 143 -171 -161 -20 -110 29 59 -261 226 535 215 -30 338 77 -278 -240 -194 -102 -46 -16 -2 129 -204 -185 102 -49 -137 -108 87 244 94 -145 181 121 35 -61 -21 132 -181 -100 -129 -47 -483 -157 377 36 91 -211 117 32 228 58 -270 284 93 -454 -344 -70 97 47 217 54 -314 -137 -3 -142 316 209 -81 289 257 -128 -120 208 -43 253 348 -97 -265 -225 179 212.8349999999999999999930359373100359073]
[-888 -979 -554 629 105 224 272 3 4 130 -359 -60 155 -342 243 -215 -189 80 112 369 -143 152 74 -210 -251 279 171 18 249 244 111 142 -343 -27 -20 13 85 -332 135 80 18 175 -274 96 -298 -139 114 323 -122 148 35 -160 -268 -67 -618 -168 366 71 200 -82 172 -94 26 18 -246 -143 -198 -367 28 83 -157 91 -564 309 40 84 -40 104 409 -77 -386 -233 -169 521 142 -39 -397 6 -40 184 -144 72 -287 -315 -210 -55 -252 -274 -351 -442 67 30 -264 290 -39 16 -135 -219 94 31 116 70 93 -96 304 167 159 465 331 -128 130 -254 -610 169 101 6 396 -63 -101 -90 387 -225 211 -41 103 -243 444 -561 -44 199 -107 -225 27 -88 115 304 321 207 223 14 131 -218 289 259 -55 -144 72 220 71 342 0 50 86 23 92 -104 88 371 -51 71 338 -211 207 116 -359 124 366 -20 -24 -164 -1 -408 134 -31 -122 -251 295 -147 -95 -574 87 188 -88 288 -24 -137 -46 45 -239 291 164 -97 137 -125 -110 -205 -231 -185 -312 -145 1 107 70.94499999999999999999525108285261241743]
[752 552 -252 -769 343 357 128 -125 -37 12 41 233 297 1 29 232 271 -102 102 -134 -322 -287 222 -61 -32 216 263 225 268 -409 -414 142 68 200 -154 -5 -33 -213 32 -156 4 94 202 -279 -355 371 -52 -75 104 156 9 198 250 147 468 -432 92 14 138 35 -126 206 24 137 102 -113 -48 273 -161 -224 30 284 -160 382 205 154 325 416 227 6 -210 -284 424 386 -231 -317 160 27 126 -116 76 30 65 -37 -356 36 -304 391 262 198 61 264 233 56 -289 -218 -34 244 -87 34 -200 89 -96 -120 -411 178 141 430 26 -340 242 -137 306 140 -310 -232 -332 -371 183 -305 -139 -25 -198 318 -386 17 408 -31 419 -192 -132 -273 -240 -126 -740 168 265 81 191 46 -186 251 163 -56 57 -218 -113 359 -572 265 -191 112 416 377 97 315 -129 -345 -44 4 49 34 16 151 -42 -107 128 -22 -286 153 74 17 0 -143 97 -237 -133 92 -192 -134 50 -178 -2 27 -296 373 397 30 151 48 -44 19 -131 -287 -36 217 75 -427 -181 66 -177 -8 -0.1422104640880881458144754066262420433286e-19]
[609 -346 437 168 -141 -205 101 -28 -166 -56 -208 -128 -124 -14 -16 -63 72 119 249 68 156 468 -73 94 656 -222 -265 151 -179 -108 137 -297 333 -270 109 -215 -41 -14 56 -25 -347 -77 -296 288 164 -77 -261 148 -344 80 -96 -321 180 222 320 -76 -309 79 17 -212 100 -354 -201 -292 -307 67 -316 -84 153 -57 -233 178 192 -674 -268 -85 541 59 -216 -322 -85 249 -2 290 -222 205 -232 -159 66 -256 213 -107 -209 232 -90 283 274 162 -245 -73 180 -70 -51 37 -183 -30 119 -72 49 -82 -161 5 265 170 -37 -12 164 154 200 -79 130 -452 -247 311 138 99 -104 127 -47 110 371 33 133 -86 0 366 -363 7 35 242 -221 198 16 496 -28 -205 124 159 -69 -144 -286 164 94 205 -376 -89 90 231 247 -325 -244 141 303 -72 -137 166 -1 74 85 -106 92 119 -156 164 -216 -297 -77 -43 -77 -273 -311 67 -133 -107 -460 -24 -142 85 630 89 406 168 -180 144 161 62 -200 153 -80 -546 -126 89 112 -77 181 207 26 369 -57 -189 -23 -96 141.8899999999999999999865516135017246213]
[934 86 -582 -599 -83 -159 -56 -139 -78 211 32 168 -659 -201 -358 -282 -559 242 -129 188 206 97 57 -246 125 -521 -243 32 -85 212 109 -269 57 8 257 -20 184 -76 126 -230 -524 -78 245 -118 448 -157 48 30 -360 -190 169 -42 -179 -102 -109 -35 -183 -260 -408 291 175 -338 313 -63 -104 -88 159 -9 295 -173 -131 196 141 -5 83 -405 -317 40 -78 11 399 254 135 16 118 199 123 233 -421 -224 33 -162 -62 157 -247 -77 74 1 24 -133 303 45 -426 14 65 -54 175 -122 53 -324 -340 281 7 68 25 366 -185 236 -69 -345 -177 205 -32 -370 -214 72 99 296 -422 301 -234 153 28 -16 -206 -232 -99 -162 -395 120 -131 -132 -96 300 626 -172 29 -78 40 -55 151 -47 -76 -260 10 667 -73 -341 17 -167 146 -47 -28 -237 -263 -85 401 227 45 264 326 10 -200 -32 -114 -511 -464 205 127 -4 -135 112 129 77 -245 105 -213 -201 97 -196 228 -114 275 345 220 -223 -283 118 -599 198 226 62 -193 64 -223 -52 21 -50 -78 11 145 -225 70.94500000000000000000433510279148734051]
[402 -454 66 -995 -52 -240 175 -83 197 -232 165 -201 -17 -8 212 160 -409 -136 -118 292 -5 295 -289 107 -15 2 -239 -113 -311 115 332 -346 -31 -346 76 -63 -259 151 -236 -289 68 -124 81 76 -2 -708 -164 -39 24 -248 122 180 -194 -428 -155 233 -3 -79 343 284 49 52 217 10 -187 -234 8 145 458 -361 128 -50 -40 35 169 188 -238 85 -120 151 195 123 1 -118 444 50 255 56 -193 175 -194 -246 -154 58 277 -408 -21 -198 84 345 161 105 142 89 -123 387 -269 45 -174 163 -246 -233 65 -327 -54 -242 -108 -105 -219 145 313 337 159 -632 -49 -58 211 -102 413 -178 625 -36 210 213 24 -384 111 336 271 -269 -161 67 -351 248 655 343 -387 -561 -443 -109 -357 -128 -163 71 -181 -79 188 -78 -157 240 331 230 200 -344 -99 -63 44 117 139 390 286 77 139 420 64 105 -752 173 302 107 -23 -97 106 65 -47 46 310 -138 127 -125 306 -97 317 -164 -141 -326 -193 -464 145 -116 195 261 -153 -22 -483 -153 232 -244 -309 -483 -74 466 -0.1444348024345476044306440822082363006906e-20]
[-765 -427 857 -383 -348 -150 -43 166 -88 -58 113 -200 -308 -193 145 -346 -649 91 36 -15 -47 31 -235 152 297 -352 -14 231 -88 -23 -105 -276 -210 87 197 276 466 110 89 -134 -146 12 49 -149 59 -78 -214 -76 169 -90 167 18 156 -121 206 -90 -206 -33 56 -36 80 -381 -195 -30 -257 -238 -214 -261 112 -531 224 -24 146 -339 -275 65 -42 31 -26 -689 273 -170 -377 -14 -35 52 -271 6 -250 -265 178 -31 -150 212 -354 -3 71 93 487 181 -84 -163 40 163 -295 -374 -61 111 94 -286 -212 -220 280 -444 376 405 390 -41 -309 -77 -227 355 280 255 119 83 -72 -63 -119 179 295 258 -112 156 167 -274 127 -421 -54 -56 212 -167 -180 -291 168 513 -119 -408 -143 641 -432 -100 142 -22 459 412 -97 -48 -103 -16 134 -219 58 -147 -6 353 518 -10 341 221 97 86 79 -265 19 -346 -300 295 362 -240 -100 -55 -111 -274 -162 -49 -238 208 551 57 623 -295 431 158 -27 -179 -14 -186 176 324 -96 -103 -133 -20 -8 -155 -15 7 -192 62 329 -253 -70.9449999999999999999988330616716832932]
[-227 -71 -577 -486 -180 212 -77 -134 -391 -15 61 249 172 -126 -477 255 211 -206 254 -178 129 -181 461 -289 -147 -260 194 140 -164 -158 -136 536 -50 -482 51 -108 -149 -221 -506 -22 73 -138 214 -88 184 73 -108 -234 91 -95 55 180 -72 64 93 19 66 -81 -117 -15 -140 70 -22 5 -320 62 -211 102 -153 -255 299 220 288 123 249 209 -59 -254 -218 483 -61 219 317 -262 -412 67 -128 446 390 21 0 -207 91 -129 90 20 -221 1 99 503 -785 419 -416 -438 -48 -234 222 123 28 108 -108 211 -322 -33 -70 -333 -248 9 -58 102 13 90 250 -287 -76 196 -158 -26 199 65 179 142 559 300 95 36 -154 -56 64 -249 192 235 -55 40 -24 -67 -192 162 -188 -140 -155 -26 -140 -161 134 -210 103 -295 -166 -222 81 -65 173 247 -44 510 -383 -384 -220 14 -212 265 -250 224 19 286 -230 482 -191 320 -206 7 145 193 240 -128 -110 -237 -105 138 -72 128 -52 149 123 -4 305 25 -12 241 291 456 -22 -301 222 120 58 -52 257 -513 -80 -128 -354.7250000000000000000088887104541041001]
[140 -720 -360 -967 -74 721 -347 -15 -84 -200 -47 -234 -243 -101 76 74 251 355 60 -210 -289 -147 -120 -130 281 -80 -94 116 -155 205 57 304 -159 -192 -322 -204 87 -236 334 92 -285 -361 -143 -23 -87 -98 -49 -66 67 159 -6 -174 -235 12 223 -100 -254 35 -120 -424 128 -373 -107 -361 -6 186 -46 174 -63 88 -123 559 208 152 197 -31 58 189 136 -82 -113 -11 179 293 -109 -1 -351 -100 80 29 -180 -112 -226 -345 481 330 209 -7 -44 17 38 55 -289 -142 -21 -58 -84 -172 371 51 -251 -129 -278 -106 55 -50 -33 256 124 40 80 229 -365 -512 328 205 123 221 374 -168 120 154 321 -94 -30 93 251 -123 -523 -130 -23 -179 109 -389 -73 -82 -401 182 446 -230 44 -213 -138 72 283 170 -216 4 125 -235 -65 -80 330 406 330 453 -255 351 -489 -127 -119 -639 -19 202 -292 -130 -210 -56 129 -302 29 37 -207 6 -306 -130 283 73 149 101 6 -260 73 244 221 33 381 -206 -377 433 53 -62 -152 365 254 -183 -18 93 230 463 50 -198 -212.834999999999999999996430096854649662]
[-153 872 -9 -681 -253 228 -133 379 81 -214 278 -407 351 136 -323 49 238 342 -139 412 74 -10 163 20 159 6 -73 -338 -78 -79 -184 -190 -148 50 -199 -330 -205 -68 58 -254 166 -136 33 -240 432 73 -12 111 285 -166 -46 269 -132 -61 -141 118 476 -159 20 -78 -110 236 491 475 -298 158 189 61 280 -156 -222 -153 231 29 90 -418 331 -158 -270 20 -79 56 100 -373 -34 21 158 -22 -83 -80 -3 -272 -15 129 -7 25 -404 -232 -319 587 -470 -56 202 109 445 -29 344 -23 -394 -77 489 -476 373 119 -289 -82 -252 -149 238 314 -41 24 -45 -514 231 170 -32 -209 157 -493 -380 -296 317 26 58 175 273 113 42 -126 2 -234 1 -13 76 -124 295 587 238 -202 -97 56 19 399 -250 -479 290 -326 147 182 414 -127 165 130 354 52 148 -403 -257 151 -54 -94 252 -201 100 227 -99 -27 -37 53 212 -119 275 -134 -138 -29 72 48 -77 339 86 -137 -23 181 69 -118 99 322 619 64 -19 237 -111 -7 -25 259 487 -121 -184 -255 -42 -281 496.6150000000000000000172729700643204053]
[-963 401 221 -855 492 -233 -180 1 -184 -72 16 -270 318 75 -147 139 573 -215 -291 34 -23 -284 146 -45 40 -181 -75 -692 509 184 -582 -42 317 8 65 -268 -217 82 -157 -182 243 -204 268 -59 0 372 -3 323 -62 -65 -189 145 -20 319 -118 -146 372 85 -51 219 105 -33 -31 58 449 90 -129 -73 130 -136 -279 -40 -393 -222 485 12 -93 -300 -169 234 -181 146 -146 -180 -171 112 303 263 116 408 -14 -142 -228 172 -25 195 -603 -101 261 128 -71 95 -152 160 -8 266 611 222 -45 165 197 26 -47 209 49 434 -536 -111 -71 177 261 -18 83 -297 -15 -328 -156 -115 103 -307 -181 -128 88 -174 -97 116 267 263 169 136 94 -214 59 -204 -101 -99 -49 -103 -438 -441 -204 148 -175 325 -290 -494 -179 -14 -407 -164 112 -262 -112 -36 189 337 -1 47 -295 -114 32 154 -204 310 62 211 280 -385 295 -186 47 226 -384 359 56 -12 45 125 -267 533 -20 -70 -90 -26 12 81 68 197 -232 -190 194 -144 -318 -162 -57 -9 243 -161 -83 -159 350 -119 425.6700000000000000000116897825910483913]
[954 687 -373 486 -260 26 -8 -128 44 -497 86 -207 46 -62 -25 309 -206 -137 86 -238 222 -178 -163 276 -173 -4 -95 96 257 8 -481 217 -259 -434 589 -176 63 114 199 -80 9 190 -96 -42 -282 179 -132 -168 37 228 385 -137 -15 26 -188 164 144 -42 -72 265 -344 -113 309 8 56 66 41 142 -307 107 -288 -163 -16 127 -63 -42 109 239 152 -106 -182 88 28 -62 -199 144 -335 49 87 60 -238 -56 106 246 360 -269 59 238 -1 -230 -239 -236 -4 -123 -119 -244 -188 141 471 42 -211 172 -139 129 -29 659 370 8 236 261 208 524 -419 174 -162 454 -45 -82 293 172 7 324 -326 70 -18 -308 157 -341 143 49 270 -433 166 274 -257 -67 -298 77 87 258 -77 -285 -87 -362 -85 410 -404 -285 -6 -58 -66 165 -374 300 104 -91 -311 38 277 158 221 191 -10 -245 -131 -78 464 -99 -219 49 -53 21 -308 250 169 -138 -87 -367 191 -186 -184 96 -402 224 48 196 -385 251 -35 149 157 -267 -106 -335 -274 -189 37 -1 -30 -115 186 -73 -70.94500000000000000001756233672880504959]
[239 717 623 -488 74 -40 101 88 -84 182 98 -438 54 -168 -252 -462 281 -170 -169 198 -26 233 340 144 209 64 233 -78 183 -235 328 377 167 -2 -62 -177 -108 -208 12 -256 -259 -399 -7 -18 529 252 0 317 -61 -9 -282 -11 -9 48 -293 224 -234 132 -73 -185 303 -155 -56 106 145 211 77 277 20 11 -189 175 127 -116 -128 153 11 -208 -306 94 334 -74 3 46 221 65 -432 -163 -94 246 -107 -437 -18 -24 -124 -53 -208 -176 -150 -383 260 -44 -243 -200 -108 -323 184 320 -341 -328 -507 222 7 104 36 -10 -103 229 -249 27 -48 -15 -54 -294 -453 -349 -418 130 -245 -219 170 -325 316 -227 104 98 239 149 -98 307 -73 -119 28 -124 -144 80 -62 42 312 -232 -17 146 -95 63 37 -349 311 -29 69 -484 110 -55 -57 -76 -176 -258 -57 -58 -296 -27 93 -230 -235 243 -377 76 -420 -264 267 -105 261 -8 -17 -24 -457 141 -142 384 210 -60 68 129 134 85 287 -200 270 -94 67 -99 -102 -242 245 -306 -218 399 366 -309 -45 -276 152 166 70.94500000000000000000822629771784316356]
[-590 -521 -451 -622 49 -332 -58 -255 50 232 -288 124 91 50 405 185 -119 546 204 48 237 117 -69 3 89 -289 -324 -279 -26 23 45 -121 537 -17 104 223 -501 286 78 359 -86 120 232 4 142 295 6 -111 -298 153 -42 -56 219 -142 283 -39 135 332 -407 391 42 -148 -102 -120 286 -67 -50 43 -439 125 -90 146 -21 355 -255 -245 -254 59 22 -166 -51 379 -76 -55 -6 -99 276 -219 -386 156 126 -53 10 395 61 -152 19 188 284 66 254 -45 75 100 -289 359 -368 -278 -405 -49 -187 14 229 -164 -405 -6 409 430 -146 184 73 195 225 74 188 122 146 159 28 122 -84 347 -88 -240 -331 43 -290 86 194 186 -482 -207 -178 -163 132 -92 -52 196 233 239 371 -410 -341 223 128 74 -62 56 64 -166 -246 -109 -40 -281 -3 420 447 -91 63 -349 -271 149 244 107 160 -302 229 -269 260 -343 69 318 36 97 -101 -124 99 98 -202 -39 -113 -112 -241 -365 417 317 171 -206 -168 -165 -238 -164 378 -265 -63 -106 59 -384 143 254 -95 -137 141.8900000000000000000024279288936603471]
[697 33 705 339 -21 -99 2 -279 -92 187 286 54 -48 -178 190 -213 42 270 6 243 -9 -50 -271 96 -530 79 -268 447 -44 -34 133 143 218 -219 409 -177 -210 18 117 61 -553 -9 217 -336 517 -141 0 1 95 -461 -153 -80 17 189 155 129 -284 -141 -377 231 -2 -58 240 -227 68 -170 -10 -100 -421 19 583 117 68 -548 152 275 201 368 -169 67 140 87 -342 94 -228 217 -351 9 220 -131 -44 -315 392 -4 -133 -147 394 -164 -35 -316 181 395 -277 131 -288 -355 -329 -114 125 -147 -356 73 21 -34 29 -22 376 70 107 -122 259 70 -75 -265 -155 563 154 204 -223 494 141 140 331 -228 335 -153 -201 -117 -238 -90 -35 372 -12 -92 478 1 10 101 80 304 62 -39 -187 -292 31 797 -74 161 -254 -297 239 -14 -50 84 -94 66 41 29 244 172 201 -79 -609 24 -256 63 108 25 -267 -4 -112 361 29 721 32 -135 -116 16 325 -299 25 -15 79 101 -93 -200 -219 -349 -68 93 -35 103 70 42 -223 -294 -179 10 57 137 -282 93 -70.94500000000000000000843721887857299053]
[265 140 -397 470 -130 -20 3 65 144 -97 152 111 -4 125 -235 81 214 3 -17 378 -169 -89 -31 26 269 -212 -129 100 385 222 -420 18 -37 -389 353 -418 -494 207 -417 -16 -182 30 -9 328 -129 -296 397 -424 83 -10 182 -230 -101 94 -136 -88 216 24 -206 283 -242 -63 182 589 148 381 244 228 -3 -146 -415 -58 -543 105 -19 29 -9 -293 -215 -173 -112 206 -155 -346 90 -213 50 -382 -50 454 -52 -300 -343 -76 -158 141 -266 306 405 -43 384 43 439 -202 244 535 -150 -153 142 -414 -23 -87 -90 -231 -758 -293 -324 -146 -126 24 -56 237 -25 -284 -119 -296 -69 -227 -238 120 146 -244 150 10 -63 -37 244 448 353 -634 -256 -294 -63 -31 -21 284 143 -68 74 -222 -123 -364 -160 250 234 -260 -39 -535 260 267 113 8 84 23 -347 -106 84 219 -154 -221 -79 533 92 136 -26 -26 -88 -68 -419 55 -455 -60 -107 36 -118 502 486 283 102 -114 -406 -5 -193 -29 97 -23 220 20 46 76 -370 37 85 -65 -135 129 176 74 -65 24 184 -33 -496.6149999999999999999924066825034382647]
[-640 -600 47 -741 -233 214 315 26 -183 -299 -87 282 364 283 -22 -140 260 36 82 162 278 -297 -307 232 -286 -329 18 493 34 -103 74 -88 110 -394 -198 392 -227 -101 52 247 77 -2 -166 -581 22 58 -273 22 -35 60 211 85 269 133 123 318 -222 66 42 -273 -30 78 148 -56 44 -6 36 -21 21 -346 34 57 113 30 60 53 182 264 -100 2 320 -3 198 -206 -136 286 -471 49 543 -250 -338 239 316 -128 -9 269 -117 93 -380 -186 -327 -343 -44 -158 117 -215 -313 -362 -166 -100 25 146 -277 -203 -309 201 398 -325 178 164 -211 -145 -145 -451 -159 13 102 -134 172 -2 -61 -60 7 -91 149 33 -302 48 26 10 -259 168 -362 526 124 -307 -129 611 674 12 497 -68 69 -93 -38 130 103 -408 -169 -225 -8 -366 55 357 157 529 -256 -43 -350 -148 124 -362 -243 47 14 -90 390 69 -24 190 190 -7 477 236 181 547 -60 -61 -71 -394 -19 54 126 -73 -171 -226 -141 371 202 76 -82 95 91 55 95 214 102 312 -186 65 -262 -100 -70.94500000000000000000962173444755521538]
[-891 830 345 -736 -455 315 10 -76 128 -234 164 -388 62 -176 -88 237 94 -132 532 -236 -317 194 -64 -174 147 -8 99 -72 154 38 -212 -381 137 -334 219 -190 -108 -22 103 351 -141 121 76 -117 119 228 0 -99 -115 279 323 -232 104 6 251 -455 -180 99 274 -206 202 -127 175 315 -292 105 16 26 350 360 -242 247 130 56 -302 -182 43 105 -210 -220 -428 65 123 230 103 -75 78 -89 -434 73 -18 -200 -81 113 -30 -216 -263 133 -5 404 67 -151 105 227 184 112 55 216 -209 -64 166 77 -67 -448 -138 -98 345 217 54 -138 417 -84 -200 -357 -131 215 -147 -237 263 -130 -205 -376 -59 -198 -59 -245 481 -398 -122 145 40 -20 37 -113 -136 -54 -213 -31 300 95 -324 -90 33 54 -51 316 -220 -468 -321 547 231 233 110 -266 -77 136 -178 54 -31 -223 76 -53 304 -45 -616 4 88 165 130 -90 -551 83 -53 57 -809 -330 -37 -30 429 71 -119 56 -123 -103 323 181 145 142 446 -42 111 170 132 -229 224 185 -48 107 -311 154 -201 -382 141.8899999999999999999931273938236044939]
[549 43 -4 130 -61 205 240 -65 36 -255 320 -53 123 -106 307 -216 -93 282 20 -142 345 226 15 183 -104 -151 -87 23 -191 -10 -154 -36 66 -165 222 204 97 -44 31 104 353 248 364 -82 -17 -34 58 -146 82 228 100 -17 -73 279 37 292 -69 251 -194 80 -277 -60 -270 -154 -232 -227 110 126 -235 -295 -137 242 -182 37 -371 -40 77 -30 301 -81 -122 -188 327 -105 -568 46 -362 356 308 -17 142 77 393 -90 159 -3 -104 61 508 -24 -281 -179 101 18 266 -164 -58 -200 -294 -109 14 -191 -130 -214 100 117 109 -202 327 -34 24 20 67 88 -30 -136 -269 -228 -301 89 296 615 -548 110 -292 -192 -497 -64 -52 -291 115 437 192 -206 -51 46 20 -66 -20 92 -246 -154 111 -28 -275 190 -83 -79 57 -36 -380 250 19 119 -123 250 130 6 -105 52 -164 106 406 -136 -143 -344 -216 312 63 -108 141 -159 303 32 132 231 95 -294 -47 -122 210 -308 -105 -30 264 272 -590 72 26 22 103 44 118 213 -65 -237 11 163 -304 241 -17 -108 -70.94500000000000000000561914095129805234]
[-190 -639 -768 151 131 -133 90 -130 -322 235 161 -75 53 -210 213 203 -206 -163 207 -284 -140 290 -348 412 -148 94 211 194 -310 -281 278 90 -222 -258 321 24 324 363 -391 367 -266 185 -19 109 -142 121 253 380 557 454 -101 -328 272 366 -356 -89 283 -69 283 -52 282 162 -72 -426 -227 -195 -639 -358 -191 86 288 -479 -231 -125 -592 98 131 319 63 115 71 -184 -440 178 -211 235 -67 55 191 -48 143 -368 267 221 144 -166 252 83 -217 -283 -141 47 219 -295 -2 342 -51 -105 84 -15 -319 -134 98 -148 117 194 60 -489 318 26 240 6 -471 1 215 -260 19 58 -182 74 207 134 280 -344 -100 -64 -256 -122 85 423 -338 -123 216 214 561 103 -127 132 -24 268 -460 -204 204 -231 -150 77 225 63 -332 204 -57 -66 238 198 -20 160 -5 -9 126 146 109 82 -225 -141 -82 -32 318 100 -285 148 -327 62 -237 152 368 74 -72 47 463 -353 76 -112 -384 96 50 24 0 242 -16 98 1 -141 -29 -5 -193 -359 -489 53 -383 156 -133 9 -70.94500000000000000001726074902006955985]
[-799 -457 759 470 71 39 93 57 48 185 -201 -290 268 -60 2 -38 328 516 -102 -230 352 -73 480 -266 -438 66 -350 -193 44 -218 -47 130 147 212 -265 -56 319 -13 210 27 -58 -129 400 -25 505 175 -161 30 -246 -229 275 160 -133 -544 -31 -106 256 132 -319 99 -278 41 -9 66 -69 264 167 -249 59 160 121 322 244 401 441 -341 -257 -344 -26 48 -290 141 -88 232 99 -53 -134 -14 -107 -173 -219 -226 142 -216 137 319 -63 -321 142 -399 -22 -310 -443 210 137 17 360 99 -38 -227 329 563 -40 -244 -46 346 59 12 -196 -103 64 176 -95 -248 60 -63 214 -38 -186 143 -84 227 -6 -219 -26 -338 97 -406 -184 34 176 -15 143 -108 -132 54 -296 -289 136 -248 228 154 -5 110 374 -143 -52 -288 -47 -609 40 -465 -416 -163 -36 -514 335 162 54 -249 79 -399 62 -111 -375 184 195 -225 213 -23 356 -189 209 463 -471 -115 128 201 -580 331 -412 -7 5 19 249 -428 -153 -36 159 94 46 -380 266 -199 -155 -102 119 -209 192 94 470 -284 212.8350000000000000000076648219290794027]
[359 -572 644 -309 -96 -125 581 -264 40 168 -353 42 100 36 296 -111 -100 110 57 -111 239 364 463 -145 105 147 104 72 -25 339 -134 26 -28 324 83 318 276 67 79 149 -61 -3 170 -5 378 -169 366 60 -39 -40 71 -262 -22 77 612 42 -443 347 26 364 -309 60 223 -179 -216 64 -145 -24 -173 57 133 327 211 -279 157 -152 -82 -164 108 297 -140 -356 192 90 -229 -87 61 -121 129 -60 354 261 275 -34 -196 -23 -334 -166 94 182 -146 152 153 156 -254 -48 -220 365 -178 182 222 160 337 -184 16 -204 -328 261 53 -405 -178 52 535 46 198 293 49 -276 -100 70 -82 -319 212 -191 -121 6 -426 -354 -203 115 -114 665 -324 -111 -90 249 -131 132 -222 110 -94 229 -22 101 -114 -76 -5 100 225 325 -255 -228 -11 -133 309 101 645 -167 444 103 375 -27 586 -132 66 -6 -225 -39 678 -140 347 -188 -144 171 -135 -145 -27 22 -307 120 99 -364 559 -238 127 -53 -2 -662 208 -73 179 235 -162 -49 -10 37 -150 415 124 -7 -100 100 0.2984432511071161686186182300951214019236e-20]
[618 -131 -312 -857 117 287 3 143 41 8 -102 -14 -40 -267 19 241 -249 -47 14 -370 -249 -319 -106 99 -205 72 0 -430 -211 164 -243 -168 -216 60 45 -252 -47 261 81 -223 252 -10 -51 102 -802 -66 21 -190 43 261 145 393 201 -358 -355 -4 12 215 161 -101 -68 160 155 -421 282 -179 -38 -153 5 25 218 40 -101 406 32 193 127 187 -91 33 478 163 -100 161 -83 -353 -130 -215 -49 -119 -243 225 -76 93 133 -295 220 201 32 344 309 -152 -5 135 132 353 79 -129 455 -128 144 -337 168 175 438 -133 84 -53 142 260 140 -86 -437 113 20 -374 -265 236 350 -30 56 -251 55 477 54 -200 236 -125 243 10 -60 -359 -144 2 -252 -248 -135 -210 7 -82 -183 83 256 -2 408 -103 159 287 25 194 -303 -61 122 125 -248 -57 -180 -72 -131 -55 204 103 76 238 -270 -41 76 -206 10 182 195 59 -125 -59 -179 116 403 -201 -206 -138 -97 288 -224 -20 -103 -351 520 384 -57 -154 -258 -246 -123 -304 19 -50 -376 -17 -186 -61 148 -75 -70.94500000000000000000502752001106028121]
[721 -380 866 903 191 -271 -163 -347 -179 -93 355 38 -53 -57 -86 168 152 -329 -138 18 -17 -158 345 -178 -246 191 -79 -393 -120 16 -428 217 61 -176 229 -131 -247 125 -179 -175 -18 125 427 -46 340 158 11 186 214 177 50 -18 -344 -45 -96 -105 182 177 -135 624 -140 89 548 -84 479 106 -95 139 157 263 -163 100 -237 -234 149 144 203 -194 7 118 38 108 257 -591 108 160 -48 177 185 259 -358 -606 187 -40 -228 -180 137 -41 -69 -163 68 -116 -99 -255 -203 295 315 -80 137 483 -117 -19 -119 422 -326 86 -354 459 115 124 53 51 -243 -57 217 235 -92 -272 564 -283 -101 410 137 -35 -317 -40 47 -334 -373 -33 198 -532 43 125 352 -317 -318 -170 54 -75 -405 72 -371 -212 -377 4 -242 121 294 43 -141 230 -116 139 -82 -291 -187 -305 -345 176 413 -30 -54 22 239 -122 -36 -248 -162 81 382 -323 281 281 540 -91 259 -345 -228 -229 290 -93 43 372 177 -202 90 33 -386 104 339 -373 -333 128 143 -89 271 -334 61 -185 -230 52 354.7250000000000000000120623884244183755]
[-34 56 -602 -507 -425 -379 -137 293 24 218 64 353 -250 395 -170 -55 -51 -29 255 150 337 -65 247 -10 -124 -352 -264 -443 257 -98 -222 -589 222 -259 -1 -329 -543 79 -168 58 -72 -126 -39 54 367 -116 -56 -511 -172 -121 52 160 128 -160 -34 48 -253 25 -180 251 -146 228 -34 -40 73 163 -132 -228 200 -11 195 241 160 -176 49 -298 57 -73 2 25 210 520 -155 -482 181 -179 566 100 -390 -256 -317 173 26 -104 -499 -62 -193 -195 72 38 -408 -243 -104 17 -131 214 123 197 -319 -85 145 -339 7 79 -273 -412 -318 -125 91 -251 237 253 -364 -127 117 -139 -278 53 493 -175 -445 -115 -283 35 141 386 147 94 183 -3 248 -75 -121 -218 108 -272 -114 -24 6 -68 -23 345 -116 394 35 -173 113 -201 313 -125 178 91 -59 -227 -164 -257 -94 161 -317 -220 90 -237 113 -11 -212 -402 -53 121 100 -64 -335 78 211 207 -412 254 60 -122 -219 262 106 -161 70 168 234 -310 -146 85 -101 -347 229 242 458 71 198 -27 295 -56 335 -189 241 14 -283.7799999999999999999852966651110927043]
[726 -942 -729 332 -216 -57 180 58 375 14 -131 -274 34 207 -26 -190 146 181 -147 495 353 12 -134 321 273 34 55 -24 73 -117 -313 -180 407 -115 111 -167 -275 67 -115 -349 8 115 418 -86 141 -184 282 -57 -3 -20 216 32 -54 276 274 71 115 -28 75 236 -262 -88 -5 -84 60 -299 -357 95 -133 -149 11 -64 103 -94 -57 -137 173 259 -85 -461 -272 -171 -131 -471 -58 -199 93 -413 266 -11 68 166 -238 126 49 295 -41 323 -94 -217 202 426 320 -50 -160 108 220 40 10 -349 455 -247 151 -195 -553 583 96 -203 204 -200 145 352 98 -57 -150 -174 -494 -191 -249 -69 -7 114 -315 -39 -114 201 -211 -64 -101 -511 -221 -52 25 -508 215 243 159 232 200 -125 127 -94 -360 11 374 304 144 -144 -66 84 -526 -255 515 -432 -29 305 675 -482 -74 -136 -75 169 42 244 -138 -247 -157 265 -168 3 -164 -181 -146 62 -115 24 67 472 -131 230 31 -288 156 -309 65 377 443 -170 369 49 -195 -6 389 139 135 -112 254 131 -146 554 122 291 -141.8899999999999999999938693974512844342]
[458 158 -212 624 -275 102 -108 29 -236 -40 -44 365 -147 84 244 364 25 37 366 345 128 -209 -480 68 88 94 82 41 104 -17 239 -275 -52 -567 176 -197 -74 -69 -125 -156 81 116 278 -87 -191 223 -454 8 -20 -167 -40 -44 320 245 -23 -22 -16 84 154 -406 117 83 42 153 -253 -431 -83 -107 306 -260 -241 -34 -145 300 -197 71 -203 205 -62 -493 -54 339 251 126 87 23 23 224 117 -180 143 -186 -30 11 -257 -126 513 18 -295 -236 47 -27 159 230 37 -16 -192 -69 94 71 85 172 -82 -17 -332 75 508 50 -2 81 99 -113 -704 -1 -231 121 159 -413 317 -256 -127 -7 -24 -41 -262 149 -186 245 88 67 -186 -238 117 -233 161 -163 211 319 247 21 200 -181 354 189 -291 -82 347 -566 -84 270 184 125 311 155 45 458 2 -343 -409 -112 141 153 66 117 -304 127 -27 157 -348 118 -3 -423 154 -193 -174 215 338 -146 145 -350 58 453 90 -115 100 357 -131 261 -127 -104 -8 -84 416 59 -57 233 61 178 -249 -235 -247 -126 -212.8350000000000000000103040145767992544]
[-117 874 99 -450 -359 -243 -44 -192 -95 -56 300 -138 -382 -102 -287 34 235 -220 -10 509 157 -126 -93 108 -329 -445 -39 119 -122 -102 -219 -297 20 -128 133 -382 71 456 73 9 116 24 -56 360 -107 236 175 162 -344 -69 135 -303 38 -157 -284 87 367 403 381 -260 70 -93 -377 56 -109 -62 63 -99 -46 -379 -138 -180 -129 -286 -449 -107 -372 290 -316 83 -72 -95 -277 1 59 256 -47 -362 83 164 -40 -124 -157 373 413 -354 -56 183 71 -300 141 -125 39 -118 180 177 -117 33 -115 -59 -193 -77 -11 -139 141 680 280 -119 -209 317 -10 509 -79 -302 200 -103 -71 103 172 93 1 -43 41 17 270 -286 -99 398 -210 102 -238 77 -443 474 287 -56 -513 -437 -91 484 73 -248 196 -38 413 -36 36 -310 263 -30 324 -12 -68 -312 -399 228 229 96 11 115 -57 -101 -270 -217 62 -62 -59 -53 102 139 -434 6 -396 139 -30 298 -19 -66 -179 178 -29 -404 -2 -75 -40 -81 -147 -350 586 582 -19 221 35 -80 -221 -307 -200 -73 171 198 285 -28 -141.8899999999999999999921330484103075955]
[264 -656 -198 -586 91 315 99 -166 242 24 436 -138 -37 -130 117 194 67 141 -261 -48 162 -101 -166 147 233 70 -216 -175 106 121 -298 236 -34 218 -119 -13 -343 215 49 106 168 -33 493 225 -405 266 -35 -164 501 -1 -74 -363 -151 152 304 -198 -5 241 108 124 168 -293 -75 248 -293 47 -135 -7 -230 -183 -312 28 200 -114 -111 29 -157 -38 407 -204 -189 -101 -243 -46 62 -22 -263 -2 197 372 130 -441 -219 47 148 47 77 -169 160 308 -120 -179 23 -309 -91 309 -67 -146 6 225 177 -252 24 -56 -454 -288 -111 313 -93 165 38 -55 89 16 90 303 151 -139 -27 95 18 -113 154 92 -356 -118 24 262 -334 -5 53 -700 142 -806 168 -379 359 101 151 51 -49 -196 89 -89 366 190 -68 -226 178 -227 54 -90 387 -379 22 298 92 170 -254 -187 -31 148 388 -32 -5 -186 120 -462 317 -479 50 185 193 -139 -235 -116 321 -74 -28 -49 -196 -55 217 47 -241 325 171 158 35 99 -4 -372 92 38 14 294 -130 -35 -92 103 -13 -381 70.94500000000000000001831802094638640099]
[-17 281 -417 -38 -267 -432 -142 153 111 -342 293 161 -213 -51 326 364 -362 -16 -321 387 -15 34 -458 -290 166 -159 136 -161 62 103 177 -241 212 126 12 183 -393 -77 79 16 396 -246 -142 -138 -404 -110 489 -271 147 -146 -131 -49 -412 -85 -287 -575 -202 159 79 234 243 41 -145 -67 -76 227 58 -120 -134 46 -317 226 -13 101 24 -232 138 95 67 137 -129 -360 98 223 134 -214 247 14 130 347 -130 361 -490 111 -33 127 -296 120 -343 -332 265 38 187 -104 223 -65 -13 -121 31 -123 415 -321 -26 204 392 100 185 275 207 -86 157 -278 164 -78 189 -39 202 -193 297 -184 -253 107 71 -45 -64 156 -167 25 -50 150 -4 468 272 62 139 -76 -67 9 -151 281 13 90 -452 -168 56 190 -320 256 159 -360 -50 408 -128 -97 -163 429 26 170 -7 -220 424 -280 187 213 -274 -74 167 31 42 -92 20 -137 -16 227 -202 12 127 40 15 -132 -271 333 -22 -102 -93 359 -91 -465 -326 37 22 -78 -118 305 254 -279 73 242 -692 112 -582 347 0.3987023477202664533937609761538034547357e-20]
[-574 -881 917 -110 261 662 -395 405 95 -51 88 -84 -81 164 -277 40 99 637 -144 -501 -157 -49 113 -152 -94 572 -82 342 -249 -80 357 -91 -472 627 -269 -156 409 -124 -29 126 -236 -200 -178 167 292 -47 -133 94 187 414 -220 110 -164 -404 169 -10 -320 -314 52 -203 29 361 304 -84 -585 373 225 -80 -209 103 272 -360 188 115 238 -238 251 -450 235 214 363 -321 -404 387 -184 -137 -478 470 95 -318 -240 -324 210 -264 -171 100 126 81 -52 362 -69 15 146 180 132 12 -422 -90 -398 110 28 -148 -8 -229 59 -357 -53 -444 199 20 41 -191 546 199 -305 494 405 -169 -82 204 -169 -206 199 224 -109 -212 360 -606 -219 -112 172 114 -236 -130 -219 -44 -38 81 -107 72 -258 -235 -102 37 41 -53 -146 6 -176 125 -151 -401 105 -140 -160 426 638 52 284 149 21 28 19 -475 174 -108 -122 -126 -109 -195 373 35 158 -194 -92 43 162 -392 10 191 288 83 282 360 106 -165 -277 486 31 -134 -204 -24 126 300 -187 -136 106 243 -164 39 292 -50 283.7799999999999999999871859846062034247]
[-376 -998 369 -812 -27 255 -449 117 301 35 -187 296 700 -29 -177 -107 142 -88 82 36 -23 -262 -622 217 -136 298 -13 6 379 125 135 205 -600 -229 -22 62 -159 -147 189 226 -303 -95 -195 76 -229 -322 220 -195 315 457 -73 212 156 -404 39 223 66 -245 64 -92 -71 310 4 -298 -232 -20 74 320 -282 119 203 -296 103 338 111 239 157 -52 235 -210 346 184 364 -53 15 137 -169 190 102 -121 -96 -28 188 -205 208 -131 -43 64 -211 198 -340 75 -180 -83 -278 4 -313 -114 9 9 -117 113 39 -118 -188 -827 388 -483 -13 179 421 -233 24 -333 181 -121 64 40 214 223 -143 -346 65 510 201 403 140 53 -202 70 15 -426 -132 -470 -221 -566 -37 211 342 122 -269 -116 -328 143 46 11 -215 -7 -75 294 -29 -485 61 221 149 147 -230 60 74 -139 31 364 -58 -154 137 261 394 -228 -155 -223 29 53 625 -59 378 -49 57 -160 50 198 -30 159 -268 283 173 -95 80 141 300 -435 -241 -145 -102 -230 -82 215 -125 -81 62 -480 95 84 -70.94500000000000000000000660518259407798]
[183 -994 471 655 35 40 141 -157 -148 6 -174 -128 -59 -486 -18 -84 35 -400 -34 -133 55 -3 -272 339 -121 110 6 293 -118 201 -133 275 -273 -333 43 -165 217 137 219 97 -443 -480 -62 291 -155 -435 311 436 -54 -42 233 22 37 -31 -120 680 358 -126 -147 67 -277 -69 -188 -398 142 -45 -409 42 -40 -170 461 170 -130 -548 -24 88 -17 -149 -5 -221 267 83 -70 140 -433 98 -691 264 529 98 -240 -10 407 -35 127 -265 181 -448 -184 -538 194 373 19 -60 -171 185 -132 47 293 -34 -277 54 37 462 519 -158 -102 -370 253 -92 380 237 -367 -242 -18 -474 55 149 -204 126 138 133 -188 123 358 -103 -76 -1 -125 -410 -56 263 201 57 -22 42 -413 -57 -374 197 -151 -102 -155 -501 -153 209 -257 39 -38 -79 -93 -363 14 475 -14 -8 -343 -261 -99 314 274 -22 -243 301 540 435 92 -181 38 582 85 -445 -31 253 340 110 162 381 347 160 416 -233 -43 -42 -227 -590 -140 -83 -178 -12 -38 -141 -252 165 -281 -540 63 378 -62 4 348 354 -212.8350000000000000000037463492276065447]
[596 864 541 530 249 -162 544 -26 47 10 59 -148 348 -149 234 272 102 -55 212 -35 -169 164 209 257 257 -414 233 -12 205 -116 -39 402 112 36 14 289 -326 300 146 -6 18 291 243 -47 94 -17 345 159 -208 -101 96 -345 -251 290 -205 -25 388 248 579 -1 274 -27 -220 320 70 445 -288 -145 -4 278 -559 61 -423 -198 -271 352 -199 -224 -34 93 -445 -149 -441 313 -78 -281 -106 26 -86 642 214 -123 -70 -272 70 -219 -361 46 177 4 253 109 310 -247 105 -93 -67 -96 -105 -313 55 135 85 -685 -380 -87 -76 30 146 -324 -53 -143 118 -203 47 -130 -101 -336 -362 -253 198 78 152 -86 161 272 -246 18 382 200 -318 47 -253 -38 34 313 285 -217 105 -79 15 -221 -85 325 -16 -501 -90 -103 96 176 -34 264 -121 -189 84 308 66 -251 -8 -573 -159 270 240 368 -390 220 -168 71 43 119 -159 136 10 -39 -222 186 620 489 58 128 -254 -351 62 -286 449 364 391 -157 108 -84 -169 300 393 54 21 360 -16 208 90 418 -52 -4 -70.94499999999999999999683106587919671551]
[817 -842 673 -789 95 -22 -282 -74 -48 200 -496 69 -69 -345 -169 -15 79 -81 283 -190 295 420 351 87 -598 38 -85 12 -79 -274 56 630 192 177 72 137 14 -251 -110 267 85 204 354 210 521 -145 1 304 -19 -128 522 -372 -129 -219 104 128 269 -131 -46 220 -100 -56 -296 156 -178 173 -568 -13 157 -107 254 -174 242 -9 -140 -299 24 -451 327 151 -774 -34 -343 -156 -127 -132 -481 -48 -65 265 -121 229 -58 -206 -236 3 -150 202 255 -263 -637 15 -83 -247 293 -177 56 49 -135 -128 45 320 -78 39 -160 348 -422 -194 21 -94 51 248 162 79 158 -32 -453 58 229 61 54 50 -104 -62 25 7 -58 -364 86 38 110 -73 -65 64 -130 -61 10 -529 -177 224 -333 130 93 121 -25 56 -327 -8 381 117 -222 -318 -112 26 17 -335 22 70 89 -370 -220 84 234 -114 -236 -150 -51 151 -66 164 -184 -520 -204 349 149 78 -210 319 84 288 -141 -80 -21 402 424 58 332 127 -381 482 -509 6 307 -401 -366 203 -215 204 -170 -26 130 281 -70.94500000000000000000298583994595872359]
[1006 948 945 267 -238 -31 138 163 -171 -57 -558 116 184 732 103 44 302 619 117 -71 -173 27 207 -47 -95 170 -100 268 -50 -317 35 -341 240 -174 120 -74 12 -71 -249 11 -510 335 -201 187 181 151 -198 160 -13 75 83 -420 267 147 46 212 -9 -293 333 -26 -120 -266 99 -252 107 0 -330 16 -465 -124 -148 -233 -91 53 -117 179 -14 241 -87 -129 122 210 -89 177 -163 -148 215 -383 -17 304 68 150 256 -10 -111 35 -183 -187 -260 -124 -122 -268 433 -338 -21 -61 -11 -83 8 -144 198 215 442 131 -255 -316 246 -467 362 -19 -361 289 -331 -122 -118 192 59 160 -117 -406 -314 8 70 -87 -222 89 49 71 338 93 -463 144 -98 189 -317 302 145 50 -183 -376 168 -128 -147 570 -182 -307 250 372 386 82 -237 -23 22 121 307 -315 -136 -84 -201 100 -107 -110 129 104 183 77 -52 317 -378 -73 299 -194 164 -300 378 -179 -1 -96 139 12 711 344 159 -161 204 292 -93 40 -154 -363 20 -58 -180 138 422 -98 68 163 58 272 -183 141 -354.7250000000000000000132892912442647785]
[209 261 -572 -367 -122 -297 -510 281 89 57 -212 276 -129 -211 -308 -107 -299 7 41 239 -66 -13 272 61 6 244 -81 294 -38 -180 124 -645 26 110 266 -6 23 1 -147 -36 246 -82 92 379 -36 114 119 -5 -117 -233 142 23 -206 -351 186 136 320 218 -145 93 52 138 -410 -308 134 -18 435 -480 -94 93 72 -342 -38 -239 162 -101 -54 -182 -35 -41 125 452 -125 109 -375 6 -371 15 -198 -319 84 215 160 98 -491 320 188 -170 202 -129 327 24 223 232 -181 162 -2 -66 157 28 308 -4 -152 -58 208 423 272 55 -434 371 -166 317 163 531 -155 -242 83 265 -109 303 36 394 -344 119 346 -164 -55 -36 -404 -30 363 150 -178 263 -59 51 82 -564 133 251 183 -114 320 -106 371 142 -76 199 148 -28 202 -216 -417 51 -106 -173 89 409 -28 323 262 -57 -53 -116 250 69 -100 -16 58 -52 2 -43 48 -41 151 -18 274 -91 -315 -207 324 96 71 -145 -491 -732 -186 51 -120 245 -76 -66 104 26 277 -122 150 66 236 321 385 195 -70.94500000000000000000234159347626670908]
[-612 619 -444 762 384 88 243 -94 260 -36 80 -20 -52 0 160 25 -45 169 -436 -389 9 80 294 310 24 7 -229 -214 -66 49 12 -3 132 -50 -198 -150 -126 93 299 47 -46 -185 368 233 -194 509 -78 -162 -85 -85 -128 152 8 182 -555 -123 258 -120 -362 40 80 177 207 375 113 53 211 -23 -29 -44 -218 332 -304 221 -112 -22 -194 149 -166 333 461 235 -146 110 303 178 356 333 -256 141 25 -325 -235 -50 181 -600 -152 -19 35 409 139 18 -141 -206 2 -263 567 -15 -165 135 -36 74 -29 -156 -54 -355 -352 152 -210 25 15 -187 56 -174 -145 132 342 -96 -117 233 -170 -211 389 65 -52 -30 186 407 -308 183 -93 54 -70 362 169 -355 -13 -16 281 -662 97 -55 -332 -17 55 -414 136 -97 -63 -345 281 36 -83 -293 -104 -287 125 -506 -168 118 -221 -155 -147 142 71 200 -35 -464 -244 129 229 343 409 114 232 -221 277 -18 133 -30 -434 63 137 126 -129 -355 -12 444 -129 47 -180 372 -162 -18 -121 179 36 -315 111 -219 262 -101 354.7250000000000000000236604703543705064]
[197 320 362 81 121 -6 212 -242 -186 -204 -212 -304 300 188 322 -316 -151 -193 -236 385 -77 33 122 -647 -42 -76 -317 -221 420 -91 144 -44 308 -58 292 272 14 1 29 -350 247 -54 67 -29 -359 96 -120 215 -9 -398 -75 274 74 157 314 359 -274 -140 15 -53 47 -150 286 -199 121 -74 -81 -251 -108 -15 -157 53 -89 371 144 148 -33 185 367 212 -170 -63 159 531 -382 75 9 -219 20 -105 29 -134 -182 121 51 -199 91 65 -170 315 92 446 -394 166 11 -345 -322 -403 166 354 80 394 500 -198 82 -13 196 452 -139 -74 -246 -391 113 -195 155 425 -40 -185 -193 38 -108 -281 364 149 118 14 -96 6 -366 49 -250 251 -398 -25 -279 -506 28 470 205 -101 408 195 -73 22 -40 -226 473 103 -469 229 -560 -186 -132 244 187 307 -167 -53 59 -215 -46 -24 -204 475 188 -180 386 -45 82 -61 -105 -35 -578 241 199 -124 167 293 268 -457 107 -28 -55 207 -369 321 -167 -149 455 230 -123 265 -430 -265 -41 225 -139 -235 -1 -37 -326 98 -0.1489867434180971039801857170930751705917e-19]
[207 306 753 407 -215 438 -156 7 8 201 -257 91 139 164 48 274 134 13 75 140 200 -217 71 -274 -211 232 193 -27 -41 -153 159 30 -7 811 -400 -267 14 -338 -23 -48 -224 -109 101 19 252 1 -197 -231 -11 -47 -332 313 280 -305 183 99 -213 4 -371 -327 7 366 79 -41 116 151 -106 253 -153 173 -48 -191 80 259 331 -392 212 -320 -121 -120 -193 -203 -30 227 -122 -163 -65 52 70 162 94 -51 -108 -607 -232 113 157 248 -129 -167 -195 -101 289 -550 220 -82 -134 254 -38 100 394 301 -35 51 -155 -274 165 -112 -139 -65 -169 -190 312 42 -187 256 -93 -94 -48 -59 -79 -536 329 -63 98 -63 390 -48 -69 -248 -195 -95 -185 -305 -162 363 239 334 -8 -71 67 64 -92 201 119 239 262 -222 34 -4 -343 -556 -110 191 -27 398 97 -331 -246 -454 83 58 -76 -64 282 111 181 -169 -424 -4 21 159 250 -12 -101 -326 -47 41 62 -24 -8 20 517 -288 11 100 190 0 465 83 -218 -375 297 -15 380 -62 267 -168 267 331 22 -77 141.8899999999999999999900704054962986058]
[-288 -384 -900 400 7 268 -252 -219 87 31 12 -144 327 -392 -464 159 26 -149 6 -77 -219 -136 -169 133 -402 -108 135 -169 -236 -410 215 -122 -121 -84 -74 -160 -201 404 45 124 -58 162 -257 -72 -620 -1 125 -16 81 266 394 235 -162 -55 -525 -95 199 409 274 -148 185 238 -101 146 -241 -354 136 -186 258 176 -109 -97 95 575 45 224 -65 139 -30 60 73 378 26 -43 118 165 -55 280 -9 42 -41 129 -83 -71 292 -319 -282 -19 -182 175 189 -221 211 558 197 184 -60 -357 148 204 73 58 -291 -77 634 147 172 -27 -39 504 245 -150 -79 89 56 -171 -39 -38 196 145 236 87 -213 231 117 -120 -229 37 267 413 38 -106 66 352 318 -554 167 83 20 -45 -281 -163 320 -19 -51 133 120 -157 -102 -103 307 404 -307 127 47 163 -150 137 -104 214 -20 -230 30 -327 123 155 76 354 56 37 -377 -76 298 164 21 296 -196 -650 54 -263 -376 166 -75 -33 -37 4 221 147 358 382 173 -64 178 39 269 9 -334 -29 -166 -472 -439 -110 354.7249999999999999999970422574730568848]
[-385 468 -663 335 -188 -237 60 -493 -117 608 -67 -95 426 -314 126 166 -85 -425 42 -67 211 -51 -50 373 -133 -167 -226 -338 49 -192 -232 370 314 39 173 75 -43 -19 -20 146 15 511 424 3 -10 217 145 542 -62 5 -126 -219 303 -263 -35 113 73 545 -186 123 5 -204 -103 -347 -382 -107 -219 -186 -226 192 210 47 93 -79 -208 124 -484 229 176 309 278 -60 120 24 389 -28 201 131 -4 599 23 140 -166 -49 463 -94 57 -274 326 -43 -124 -193 -275 -315 309 -323 64 2 -44 -272 -292 283 67 -155 341 -19 63 -310 306 -121 46 104 -104 -43 519 -320 -471 198 -21 306 161 616 -31 79 -372 -259 -257 -544 -89 310 172 64 -196 -421 70 154 -437 -589 -34 239 1 315 -14 47 177 145 -149 91 514 -340 -261 330 -258 -28 96 -232 315 368 276 -419 57 41 33 -275 47 64 -43 277 76 -19 -190 -381 -55 310 -154 -28 -5 -189 -89 260 -42 -22 260 22 186 139 -33 -245 16 108 162 -198 -99 -26 -185 -10 -156 -6 -125 -58 8 5 -354.7249999999999999999910502136223046038]
[184 783 932 -684 -168 242 97 -175 185 -11 395 118 -242 308 -154 55 -149 461 -158 14 228 99 481 61 -187 -96 -264 -327 -31 274 -274 -261 226 -62 112 249 -310 285 152 204 240 233 495 12 302 300 222 -59 243 -283 176 40 43 49 -77 -327 503 298 -452 436 76 -216 418 257 397 1 115 -76 -76 -123 -177 -443 -184 360 -157 -148 81 15 138 240 323 137 -151 -276 132 101 66 30 -266 500 -22 -500 -117 230 -428 -199 89 85 215 -159 148 -100 -87 -253 126 -73 -229 -95 -57 -12 123 23 -77 223 -298 192 -203 321 321 286 198 244 -185 -256 13 -105 -181 336 92 89 -224 -228 -471 143 22 -220 90 151 -322 48 112 -172 235 371 425 99 106 170 326 -120 345 -173 2 63 -157 241 94 -205 289 -505 -9 403 -66 -42 -92 -197 -144 -197 182 233 131 156 115 0 180 -10 248 -358 -138 90 279 -55 320 324 -5 161 226 204 -107 -334 -226 24 -17 -369 -74 -258 -121 149 -114 -16 316 88 223 139 -182 -12 105 -188 50 -88 215 -226 212.835000000000000000001960762139498452]
[203 615 -666 786 -223 396 143 -177 353 258 -132 -12 9 -85 -454 156 73 -38 -6 -10 64 -70 -92 342 270 218 77 -82 104 195 -415 52 -284 135 33 -175 211 505 548 -105 383 182 -10 -90 172 -2 575 134 148 -150 -18 350 -100 256 -204 83 410 163 -481 -184 -190 60 -144 -232 -93 -253 -13 -49 -155 71 85 -71 -240 -272 -224 -141 245 204 -321 0 330 -178 88 210 -216 145 202 -138 94 -171 -180 228 -6 9 -530 234 559 -119 26 -362 332 306 -231 315 47 290 -188 345 363 -296 364 380 -79 -22 217 224 319 -52 -79 -261 271 -299 -318 27 59 -242 -321 265 -312 510 -5 -414 -31 9 507 36 -24 278 -579 136 -73 307 -172 258 251 -166 63 -93 44 -50 -36 291 198 -23 -253 -40 -114 -201 49 -101 19 272 -284 272 -151 -201 -116 -142 -43 -187 320 -34 -610 -149 -365 205 405 -219 -27 87 -196 -284 -223 255 -1 -121 83 174 -170 225 23 -277 302 -69 -144 -325 -94 -132 43 265 110 -70 -30 112 -122 -361 -405 88 298 -29 146 -168 283.7800000000000000000051139993287999351]
]
