[[2027 0 0 0 0 0 0 0 0 0 0 0 0 0 0 0 0 0 0 0 0 0 0 0 0 0 0 0 0 0 0 0 0 0 0 0 0 0 0 0 0 0 0 0 0 0 0 0 0 0 0 0 0 0 0 0 0 0 0 0 0 0 0 0 0 0 0 0 0 0 0 0 0 0 0 0 0 0 0 0 0 0 0 0 0 0 0 0 0 0 0 0 0 0 0 0 0 0 0 0 0 0 0 0 0 0 0 0 0 0 0 0 0 0 0 0 0 0 0 0 0 0 0 0 0 0 0 0 0 0 0 0 0 0 0 0 0 0 0 0 0 0 0 0 0 0 0 0 0 0 0 0 0 0 0 0 0 0 0 0 0 0 0 0 0 0 0 0 0 0 0 0 0 0 0 0 0 0 0 0 0 0 0 0 0 0 0 0 0 0 0 0 0 0 0 0 0 0 0 0 0 0 0 0 0 0 0 0 0 0 0 0 0]
[0 2027 0 0 0 0 0 0 0 0 0 0 0 0 0 0 0 0 0 0 0 0 0 0 0 0 0 0 0 0 0 0 0 0 0 0 0 0 0 0 0 0 0 0 0 0 0 0 0 0 0 0 0 0 0 0 0 0 0 0 0 0 0 0 0 0 0 0 0 0 0 0 0 0 0 0 0 0 0 0 0 0 0 0 0 0 0 0 0 0 0 0 0 0 0 0 0 0 0 0 0 0 0 0 0 0 0 0 0 0 0 0 0 0 0 0 0 0 0 0 0 0 0 0 0 0 0 0 0 0 0 0 0 0 0 0 0 0 0 0 0 0 0 0 0 0 0 0 0 0 0 0 0 0 0 0 0 0 0 0 0 0 0 0 0 0 0 0 0 0 0 0 0 0 0 0 0 0 0 0 0 0 0 0 0 0 0 0 0 0 0 0 0 0 0 0 0 0 0 0 0 0 0 0 0 0 0 0 0 0 0 0 0]
[0 0 2027 0 0 0 0 0 0 0 0 0 0 0 0 0 0 0 0 0 0 0 0 0 0 0 0 0 0 0 0 0 0 0 0 0 0 0 0 0 0 0 0 0 0 0 0 0 0 0 0 0 0 0 0 0 0 0 0 0 0 0 0 0 0 0 0 0 0 0 0 0 0 0 0 0 0 0 0 0 0 0 0 0 0 0 0 0 0 0 0 0 0 0 0 0 0 0 0 0 0 0 0 0 0 0 0 0 0 0 0 0 0 0 0 0 0 0 0 0 0 0 0 0 0 0 0 0 0 0 0 0 0 0 0 0 0 0 0 0 0 0 0 0 0 0 0 0 0 0 0 0 0 0 0 0 0 0 0 0 0 0 0 0 0 0 0 0 0 0 0 0 0 0 0 0 0 0 0 0 0 0 0 0 0 0 0 0 0 0 0 0 0 0 0 0 0 0 0 0 0 0 0 0 0 0 0 0 0 0 0 0 0]
[0 0 0 2027 0 0 0 0 0 0 0 0 0 0 0 0 0 0 0 0 0 0 0 0 0 0 0 0 0 0 0 0 0 0 0 0 0 0 0 0 0 0 0 0 0 0 0 0 0 0 0 0 0 0 0 0 0 0 0 0 0 0 0 0 0 0 0 0 0 0 0 0 0 0 0 0 0 0 0 0 0 0 0 0 0 0 0 0 0 0 0 0 0 0 0 0 0 0 0 0 0 0 0 0 0 0 0 0 0 0 0 0 0 0 0 0 0 0 0 0 0 0 0 0 0 0 0 0 0 0 0 0 0 0 0 0 0 0 0 0 0 0 0 0 0 0 0 0 0 0 0 0 0 0 0 0 0 0 0 0 0 0 0 0 0 0 0 0 0 0 0 0 0 0 0 0 0 0 0 0 0 0 0 0 0 0 0 0 0 0 0 0 0 0 0 0 0 0 0 0 0 0 0 0 0 0 0 0 0 0 0 0 0]
[0 0 0 0 2027 0 0 0 0 0 0 0 0 0 0 0 0 0 0 0 0 0 0 0 0 0 0 0 0 0 0 0 0 0 0 0 0 0 0 0 0 0 0 0 0 0 0 0 0 0 0 0 0 0 0 0 0 0 0 0 0 0 0 0 0 0 0 0 0 0 0 0 0 0 0 0 0 0 0 0 0 0 0 0 0 0 0 0 0 0 0 0 0 0 0 0 0 0 0 0 0 0 0 0 0 0 0 0 0 0 0 0 0 0 0 0 0 0 0 0 0 0 0 0 0 0 0 0 0 0 0 0 0 0 0 0 0 0 0 0 0 0 0 0 0 0 0 0 0 0 0 0 0 0 0 0 0 0 0 0 0 0 0 0 0 0 0 0 0 0 0 0 0 0 0 0 0 0 0 0 0 0 0 0 0 0 0 0 0 0 0 0 0 0 0 0 0 0 0 0 0 0 0 0 0 0 0 0 0 0 0 0 0]
[0 0 0 0 0 2027 0 0 0 0 0 0 0 0 0 0 0 0 0 0 0 0 0 0 0 0 0 0 0 0 0 0 0 0 0 0 0 0 0 0 0 0 0 0 0 0 0 0 0 0 0 0 0 0 0 0 0 0 0 0 0 0 0 0 0 0 0 0 0 0 0 0 0 0 0 0 0 0 0 0 0 0 0 0 0 0 0 0 0 0 0 0 0 0 0 0 0 0 0 0 0 0 0 0 0 0 0 0 0 0 0 0 0 0 0 0 0 0 0 0 0 0 0 0 0 0 0 0 0 0 0 0 0 0 0 0 0 0 0 0 0 0 0 0 0 0 0 0 0 0 0 0 0 0 0 0 0 0 0 0 0 0 0 0 0 0 0 0 0 0 0 0 0 0 0 0 0 0 0 0 0 0 0 0 0 0 0 0 0 0 0 0 0 0 0 0 0 0 0 0 0 0 0 0 0 0 0 0 0 0 0 0 0]
[0 0 0 0 0 0 2027 0 0 0 0 0 0 0 0 0 0 0 0 0 0 0 0 0 0 0 0 0 0 0 0 0 0 0 0 0 0 0 0 0 0 0 0 0 0 0 0 0 0 0 0 0 0 0 0 0 0 0 0 0 0 0 0 0 0 0 0 0 0 0 0 0 0 0 0 0 0 0 0 0 0 0 0 0 0 0 0 0 0 0 0 0 0 0 0 0 0 0 0 0 0 0 0 0 0 0 0 0 0 0 0 0 0 0 0 0 0 0 0 0 0 0 0 0 0 0 0 0 0 0 0 0 0 0 0 0 0 0 0 0 0 0 0 0 0 0 0 0 0 0 0 0 0 0 0 0 0 0 0 0 0 0 0 0 0 0 0 0 0 0 0 0 0 0 0 0 0 0 0 0 0 0 0 0 0 0 0 0 0 0 0 0 0 0 0 0 0 0 0 0 0 0 0 0 0 0 0 0 0 0 0 0 0]
[0 0 0 0 0 0 0 2027 0 0 0 0 0 0 0 0 0 0 0 0 0 0 0 0 0 0 0 0 0 0 0 0 0 0 0 0 0 0 0 0 0 0 0 0 0 0 0 0 0 0 0 0 0 0 0 0 0 0 0 0 0 0 0 0 0 0 0 0 0 0 0 0 0 0 0 0 0 0 0 0 0 0 0 0 0 0 0 0 0 0 0 0 0 0 0 0 0 0 0 0 0 0 0 0 0 0 0 0 0 0 0 0 0 0 0 0 0 0 0 0 0 0 0 0 0 0 0 0 0 0 0 0 0 0 0 0 0 0 0 0 0 0 0 0 0 0 0 0 0 0 0 0 0 0 0 0 0 0 0 0 0 0 0 0 0 0 0 0 0 0 0 0 0 0 0 0 0 0 0 0 0 0 0 0 0 0 0 0 0 0 0 0 0 0 0 0 0 0 0 0 0 0 0 0 0 0 0 0 0 0 0 0 0]
[0 0 0 0 0 0 0 0 2027 0 0 0 0 0 0 0 0 0 0 0 0 0 0 0 0 0 0 0 0 0 0 0 0 0 0 0 0 0 0 0 0 0 0 0 0 0 0 0 0 0 0 0 0 0 0 0 0 0 0 0 0 0 0 0 0 0 0 0 0 0 0 0 0 0 0 0 0 0 0 0 0 0 0 0 0 0 0 0 0 0 0 0 0 0 0 0 0 0 0 0 0 0 0 0 0 0 0 0 0 0 0 0 0 0 0 0 0 0 0 0 0 0 0 0 0 0 0 0 0 0 0 0 0 0 0 0 0 0 0 0 0 0 0 0 0 0 0 0 0 0 0 0 0 0 0 0 0 0 0 0 0 0 0 0 0 0 0 0 0 0 0 0 0 0 0 0 0 0 0 0 0 0 0 0 0 0 0 0 0 0 0 0 0 0 0 0 0 0 0 0 0 0 0 0 0 0 0 0 0 0 0 0 0]
[0 0 0 0 0 0 0 0 0 2027 0 0 0 0 0 0 0 0 0 0 0 0 0 0 0 0 0 0 0 0 0 0 0 0 0 0 0 0 0 0 0 0 0 0 0 0 0 0 0 0 0 0 0 0 0 0 0 0 0 0 0 0 0 0 0 0 0 0 0 0 0 0 0 0 0 0 0 0 0 0 0 0 0 0 0 0 0 0 0 0 0 0 0 0 0 0 0 0 0 0 0 0 0 0 0 0 0 0 0 0 0 0 0 0 0 0 0 0 0 0 0 0 0 0 0 0 0 0 0 0 0 0 0 0 0 0 0 0 0 0 0 0 0 0 0 0 0 0 0 0 0 0 0 0 0 0 0 0 0 0 0 0 0 0 0 0 0 0 0 0 0 0 0 0 0 0 0 0 0 0 0 0 0 0 0 0 0 0 0 0 0 0 0 0 0 0 0 0 0 0 0 0 0 0 0 0 0 0 0 0 0 0 0]
[0 0 0 0 0 0 0 0 0 0 2027 0 0 0 0 0 0 0 0 0 0 0 0 0 0 0 0 0 0 0 0 0 0 0 0 0 0 0 0 0 0 0 0 0 0 0 0 0 0 0 0 0 0 0 0 0 0 0 0 0 0 0 0 0 0 0 0 0 0 0 0 0 0 0 0 0 0 0 0 0 0 0 0 0 0 0 0 0 0 0 0 0 0 0 0 0 0 0 0 0 0 0 0 0 0 0 0 0 0 0 0 0 0 0 0 0 0 0 0 0 0 0 0 0 0 0 0 0 0 0 0 0 0 0 0 0 0 0 0 0 0 0 0 0 0 0 0 0 0 0 0 0 0 0 0 0 0 0 0 0 0 0 0 0 0 0 0 0 0 0 0 0 0 0 0 0 0 0 0 0 0 0 0 0 0 0 0 0 0 0 0 0 0 0 0 0 0 0 0 0 0 0 0 0 0 0 0 0 0 0 0 0 0]
[0 0 0 0 0 0 0 0 0 0 0 2027 0 0 0 0 0 0 0 0 0 0 0 0 0 0 0 0 0 0 0 0 0 0 0 0 0 0 0 0 0 0 0 0 0 0 0 0 0 0 0 0 0 0 0 0 0 0 0 0 0 0 0 0 0 0 0 0 0 0 0 0 0 0 0 0 0 0 0 0 0 0 0 0 0 0 0 0 0 0 0 0 0 0 0 0 0 0 0 0 0 0 0 0 0 0 0 0 0 0 0 0 0 0 0 0 0 0 0 0 0 0 0 0 0 0 0 0 0 0 0 0 0 0 0 0 0 0 0 0 0 0 0 0 0 0 0 0 0 0 0 0 0 0 0 0 0 0 0 0 0 0 0 0 0 0 0 0 0 0 0 0 0 0 0 0 0 0 0 0 0 0 0 0 0 0 0 0 0 0 0 0 0 0 0 0 0 0 0 0 0 0 0 0 0 0 0 0 0 0 0 0 0]
[0 0 0 0 0 0 0 0 0 0 0 0 2027 0 0 0 0 0 0 0 0 0 0 0 0 0 0 0 0 0 0 0 0 0 0 0 0 0 0 0 0 0 0 0 0 0 0 0 0 0 0 0 0 0 0 0 0 0 0 0 0 0 0 0 0 0 0 0 0 0 0 0 0 0 0 0 0 0 0 0 0 0 0 0 0 0 0 0 0 0 0 0 0 0 0 0 0 0 0 0 0 0 0 0 0 0 0 0 0 0 0 0 0 0 0 0 0 0 0 0 0 0 0 0 0 0 0 0 0 0 0 0 0 0 0 0 0 0 0 0 0 0 0 0 0 0 0 0 0 0 0 0 0 0 0 0 0 0 0 0 0 0 0 0 0 0 0 0 0 0 0 0 0 0 0 0 0 0 0 0 0 0 0 0 0 0 0 0 0 0 0 0 0 0 0 0 0 0 0 0 0 0 0 0 0 0 0 0 0 0 0 0 0]
[0 0 0 0 0 0 0 0 0 0 0 0 0 2027 0 0 0 0 0 0 0 0 0 0 0 0 0 0 0 0 0 0 0 0 0 0 0 0 0 0 0 0 0 0 0 0 0 0 0 0 0 0 0 0 0 0 0 0 0 0 0 0 0 0 0 0 0 0 0 0 0 0 0 0 0 0 0 0 0 0 0 0 0 0 0 0 0 0 0 0 0 0 0 0 0 0 0 0 0 0 0 0 0 0 0 0 0 0 0 0 0 0 0 0 0 0 0 0 0 0 0 0 0 0 0 0 0 0 0 0 0 0 0 0 0 0 0 0 0 0 0 0 0 0 0 0 0 0 0 0 0 0 0 0 0 0 0 0 0 0 0 0 0 0 0 0 0 0 0 0 0 0 0 0 0 0 0 0 0 0 0 0 0 0 0 0 0 0 0 0 0 0 0 0 0 0 0 0 0 0 0 0 0 0 0 0 0 0 0 0 0 0 0]
[0 0 0 0 0 0 0 0 0 0 0 0 0 0 2027 0 0 0 0 0 0 0 0 0 0 0 0 0 0 0 0 0 0 0 0 0 0 0 0 0 0 0 0 0 0 0 0 0 0 0 0 0 0 0 0 0 0 0 0 0 0 0 0 0 0 0 0 0 0 0 0 0 0 0 0 0 0 0 0 0 0 0 0 0 0 0 0 0 0 0 0 0 0 0 0 0 0 0 0 0 0 0 0 0 0 0 0 0 0 0 0 0 0 0 0 0 0 0 0 0 0 0 0 0 0 0 0 0 0 0 0 0 0 0 0 0 0 0 0 0 0 0 0 0 0 0 0 0 0 0 0 0 0 0 0 0 0 0 0 0 0 0 0 0 0 0 0 0 0 0 0 0 0 0 0 0 0 0 0 0 0 0 0 0 0 0 0 0 0 0 0 0 0 0 0 0 0 0 0 0 0 0 0 0 0 0 0 0 0 0 0 0 0]
[262 913 -4 360 345 -249 -249 -150 -847 684 -522 -280 890 -557 -749 249 117 -188 241 -317 45 -108 -192 -256 -235 -4 113 -35 45 20 -64 -264 -222 12 -35 -316 -8 -235 288 57 -150 145 276 137 0 3 -6 -259 40 -21 77 168 61 -118 5 84 84 -71 -11 -39 -12 -8 217 192 115 8 8 190 202 102 147 205 74 165 103 261 -249 -243 -173 253 -89 -119 103 42 -154 -147 -16 -103 68 251 10 20 -80 -88 141 169 14 -141 -51 20 204 171 91 -269 68 -59 150 123 -4 18 -23 46 101 4 -30 1 -19 60 132 77 50 51 81 -119 -107 0 74 -127 3 313 -222 320 -141 -41 -197 330 -142 -125 15 -112 -179 -285 -203 -131 -27 39 -5 -64 -135 -88 36 -165 -140 223 -122 -215 107 176 -41 91 -72 -23 200 -124 195 290 -28 26 38 -73 62 -30 64 -190 -96 45 46 28 -201 -65 219 -153 6 256 -160 104 29 67 62 -64 81 127 154 -475 37 -141 54 2 216 -13 4 -50 -12 -196 -154 -41 -101 -37 -199 93 -22 -85 -70.94499999999999999999999999999974756451]
[0 0 0 0 0 0 0 0 0 0 0 0 0 0 0 2027 0 0 0 0 0 0 0 0 0 0 0 0 0 0 0 0 0 0 0 0 0 0 0 0 0 0 0 0 0 0 0 0 0 0 0 0 0 0 0 0 0 0 0 0 0 0 0 0 0 0 0 0 0 0 0 0 0 0 0 0 0 0 0 0 0 0 0 0 0 0 0 0 0 0 0 0 0 0 0 0 0 0 0 0 0 0 0 0 0 0 0 0 0 0 0 0 0 0 0 0 0 0 0 0 0 0 0 0 0 0 0 0 0 0 0 0 0 0 0 0 0 0 0 0 0 0 0 0 0 0 0 0 0 0 0 0 0 0 0 0 0 0 0 0 0 0 0 0 0 0 0 0 0 0 0 0 0 0 0 0 0 0 0 0 0 0 0 0 0 0 0 0 0 0 0 0 0 0 0 0 0 0 0 0 0 0 0 0 0 0 0 0 0 0 0 0 0]
[866 -555 -456 336 -887 351 405 -699 742 -503 -498 -134 310 520 569 758 -196 -331 129 -69 -147 219 -283 99 71 94 52 -48 19 110 223 63 -100 15 -52 -152 135 -107 -87 20 -112 22 54 261 134 -44 6 68 -31 -69 111 -227 97 -205 -89 -157 -67 -193 101 20 53 -45 152 89 -135 275 111 164 125 115 -6 -91 -210 224 288 247 14 -193 -98 49 64 177 -138 -133 1 45 -169 9 9 -189 161 -187 -14 120 229 -31 20 39 -194 16 53 22 -243 -4 -71 40 215 145 -177 151 -185 21 236 -105 68 -56 29 -418 56 -189 263 20 46 -311 -154 88 356 7 -40 67 -199 240 43 156 46 86 -243 241 421 91 -59 -257 102 102 -194 194 165 -314 -80 40 -21 -281 147 96 -147 -288 -164 87 -252 -70 -95 27 186 -80 -18 124 -167 -143 16 41 74 62 198 -163 -105 -180 -47 153 81 -44 49 -22 -121 285 -52 48 -122 -183 -148 -218 55 -24 -96 -71 45 -25 21 -235 -32 100 -79 -59 -31 -232 107 -144 -34 -79 -159 28 119 20 -212.8349999999999999999999999999992426935]
[612 -216 -547 180 -946 459 49 -277 130 235 67 38 73 -315 -594 353 182 -111 28 -267 -350 58 5 174 242 36 36 -36 92 100 242 174 34 -174 147 52 54 408 20 -68 69 27 -277 -46 173 96 167 230 -75 -102 197 -332 20 27 -118 -118 -91 209 -113 53 -7 -100 -127 -17 -170 146 -175 -125 173 -179 -158 -80 -271 -115 237 225 375 -6 117 17 -250 42 -108 -71 120 -206 96 147 -78 -263 32 -44 95 -91 -89 -327 98 224 124 55 -4 -40 -279 77 -16 61 60 -36 -87 74 94 295 208 122 367 -62 102 -257 -187 -190 -42 8 237 -95 -50 96 193 41 -143 -160 196 -204 57 -94 166 -70 24 17 74 342 51 299 56 108 -96 50 16 -115 205 -87 -282 -36 219 250 125 53 96 73 -37 -357 -165 75 -201 98 -202 -83 -265 -197 9 -32 -242 -172 281 -200 -113 -336 -68 184 95 62 -198 207 -128 -36 -121 22 -35 -34 -97 29 -64 -160 -82 174 195 326 -39 -126 49 -12 -183 315 -272 -200 280 -61 118 -55 11 -59 290 82 0]
[188 56 894 -789 -20 -710 914 705 338 761 278 493 508 -440 -711 266 575 120 105 -103 68 307 98 -287 279 45 -147 -163 -159 -11 80 105 -127 -250 -85 -179 -343 10 -209 -93 94 69 -31 153 -51 -147 -135 93 -212 -151 178 -126 -19 -152 -355 -132 -82 33 449 -19 -57 137 -87 218 -202 220 -46 113 284 -78 30 -46 -237 36 224 275 -32 -167 97 -76 -111 70 -44 -137 108 -159 78 239 7 -124 64 -159 -152 -85 295 -95 -29 -46 213 83 89 20 -198 98 -253 -51 -76 -41 -62 131 -175 61 111 136 101 -305 -33 46 70 -179 136 35 -112 -132 -73 -35 120 -20 -118 -19 -120 195 35 64 -170 96 -176 126 325 -98 207 -69 -23 -92 88 -75 -155 243 -147 181 -165 -118 -17 237 4 -261 115 3 -247 -47 -199 29 146 50 0 57 -124 -204 211 46 -91 101 196 -97 -157 -37 13 157 98 -97 22 155 -10 16 -43 -79 -148 -200 -161 -83 77 37 -12 -161 56 -138 7 186 13 120 167 118 195 -226 -42 91 -74 0 -150 174 94 -154 -212.8349999999999999999999999999992426935]
[-922 -680 438 309 -437 776 -645 234 805 962 -711 833 -107 286 294 675 259 155 393 123 -152 170 88 -244 236 -16 13 -355 53 89 -135 -25 -207 -176 -53 -144 -52 10 -163 19 -206 -35 18 -178 81 -49 -298 -47 -15 -208 -32 256 124 -259 -17 6 -85 72 163 -39 -79 325 -105 39 -57 -103 -58 57 153 81 -222 -136 -311 237 -200 237 -102 58 -98 121 -109 -41 -99 -25 127 -306 248 -3 68 37 52 380 -80 -175 186 -20 -305 161 231 119 125 236 -155 -6 -309 122 16 130 -1 154 22 252 114 282 139 -53 156 265 52 32 -113 137 -57 31 -115 25 -33 44 27 -16 -208 457 15 84 -251 123 -14 160 91 -140 60 -7 -150 -191 -93 -217 -73 -47 -12 179 -102 -221 206 232 116 -223 44 125 -30 -3 -63 -150 200 134 268 33 -117 -266 230 -59 -58 -202 -6 4 -135 -153 109 48 -264 9 -251 158 -41 19 -100 -107 -60 -35 28 21 330 130 -163 -188 108 256 -33 129 -3 -64 33 261 61 -116 -165 36 -204 118 -97 127 364 -208 -141.889999999999999999999999999999495129]
[-792 -878 144 -258 485 -422 -687 -624 771 93 -457 72 -787 -661 808 -407 -102 -3 -106 484 -117 -224 83 -6 274 -200 74 -136 -16 -152 -172 257 131 -2 77 -116 279 -14 -71 52 -211 -15 104 0 107 154 -79 50 122 -482 -200 44 -301 -188 53 125 -82 110 -113 -156 -40 -74 139 51 -125 -326 112 78 389 -103 -106 19 -129 -3 -19 46 59 83 -41 43 -88 -43 -287 -162 -229 -359 -11 140 177 -3 -62 290 -110 -199 -252 -227 -93 286 -21 -71 108 -7 -58 -196 -93 22 -77 30 70 32 -110 -56 12 164 268 -33 1 -133 0 -63 -240 174 -40 -172 -62 -52 93 -58 28 -333 96 229 -5 50 39 -61 95 45 -10 135 26 46 -211 -271 -125 -57 -38 -93 171 257 4 99 188 115 -122 -158 -49 100 -47 -78 -212 -38 -44 8 -5 158 -162 24 175 -11 -98 -94 14 -171 45 -325 24 -22 -232 -119 -270 329 -83 -42 -140 -204 31 -18 17 76 72 137 -248 7 73 156 -238 7 14 -53 120 289 -67 -79 -18 61 62 86 96 -125 230 -29 0]
[-265 -6 808 591 -558 -928 221 978 -95 -258 837 -876 154 802 -651 -693 321 77 -33 -15 115 144 322 66 397 -16 -172 -337 -110 -79 97 181 10 -163 127 84 -207 269 -60 25 -171 -44 -56 162 201 -388 -199 108 -98 54 -124 143 -130 -22 -295 -9 -101 -11 180 10 75 202 -236 41 -24 77 -46 -176 -134 147 -210 142 -172 -354 -119 159 62 33 385 -241 38 -26 -59 -34 74 -167 30 57 -134 -118 -181 142 257 -133 24 -266 39 -52 139 103 28 72 -173 12 -164 -45 81 -429 37 -88 -52 -122 -288 127 41 -186 -67 461 141 -204 -107 79 -187 4 65 52 -139 5 -141 -23 173 -243 87 8 -59 -63 -68 -27 58 -78 107 136 -128 -98 -112 -199 -213 319 -126 -161 -9 114 247 88 -153 110 225 -101 -4 74 44 217 8 201 -277 -71 -32 163 -80 63 -334 -90 -198 -191 38 151 -66 84 55 -144 -74 147 99 -252 144 -54 -96 -205 -42 188 65 -101 140 -185 -157 186 -179 174 17 -2 -57 1 53 -168 -374 7 85 179 23 -17 315 -112 141.889999999999999999999999999999495129]
[282 1013 -295 838 217 -130 -329 -593 -483 -31 532 -427 -912 -789 516 252 -186 -264 -183 63 23 32 125 231 252 53 -158 65 -227 91 -56 463 269 -311 168 35 102 176 26 -177 59 51 183 264 -27 -159 82 16 126 -213 140 -247 -202 137 -56 -333 -39 61 37 -112 -13 18 172 154 -169 374 69 -110 114 -150 189 -31 34 -287 215 45 200 -43 321 -99 276 224 -6 21 -129 -82 -23 291 30 -334 -110 -88 33 159 -7 -411 107 82 -123 -77 -84 -105 -287 179 -67 -225 -70 -487 -26 -104 -38 -221 -15 -268 56 -184 -237 -214 -85 -51 34 118 -44 -196 71 -86 243 -185 -250 -13 233 -355 47 181 108 -202 5 143 162 524 62 119 -189 -34 22 -104 136 -76 228 -242 -160 119 194 10 -323 202 63 56 45 -122 -251 -26 -179 61 -390 72 -85 148 240 291 -16 -76 -72 -1 -88 -22 -32 -208 180 -459 16 355 -111 -239 -43 -225 -68 -250 23 128 17 109 86 196 -145 -10 -7 51 21 50 20 -2 -62 -167 -31 3 100 -152 303 -309 209 144 -141.889999999999999999999999999999495129]
[-921 378 -824 -275 134 -421 312 438 289 -46 71 -144 745 -175 -983 -255 304 -137 268 176 105 16 24 -324 34 -45 -104 -94 163 60 12 -46 158 101 15 -279 -480 -90 271 316 145 130 47 26 -173 11 -398 -366 -25 37 100 352 -69 -115 -13 -84 -116 -16 167 99 -64 53 -247 -23 -101 433 -17 118 25 86 -151 12 276 205 -10 44 -72 -55 -350 16 21 -90 38 -152 9 -37 41 -1 157 31 -15 -254 174 -86 408 349 92 -93 172 2 118 -158 11 -24 -167 -69 -20 26 -115 -34 29 161 -44 202 -198 36 -30 181 -11 41 84 22 -429 46 210 -91 -92 113 168 38 -189 491 -137 -93 -389 124 142 151 94 -406 -156 23 -68 23 156 -132 -73 130 -83 112 175 -286 -86 -117 -2 -62 -51 151 37 -35 63 -94 249 -98 270 61 172 -131 -18 -238 178 140 -120 63 5 230 175 79 -115 -50 33 -176 164 38 -8 238 -53 52 -73 -85 165 95 -53 -284 63 -53 329 79 0 -49 91 -122 443 61 -20 -28 -157 265 -51 138 -17 -11 -70.94499999999999999999999999999974756451]
[114 -25 -635 152 536 -577 -308 931 879 215 -418 196 -768 302 130 -24 132 222 214 -46 7 87 -77 -45 37 26 12 -232 -133 60 93 -260 -443 -17 -221 -68 -164 125 -95 -174 -69 -76 -10 202 102 -219 -60 30 -10 303 -15 -21 -58 -45 53 187 161 -273 333 57 173 160 -35 54 300 -264 -205 40 -94 42 -82 -30 -330 -455 -114 158 -135 -17 294 -2 -141 8 48 277 148 -59 301 -353 61 89 46 -171 -304 -5 11 -169 -215 -115 123 47 424 341 177 -406 -53 -39 222 19 1 75 -217 -137 -54 111 99 35 62 379 283 62 240 -79 86 9 -228 52 -228 -51 -99 3 -261 -189 -3 -18 -83 76 -197 27 238 -182 220 -34 71 -41 -32 60 -129 245 -172 19 33 -181 -23 85 -92 -3 113 -145 -57 158 66 172 303 -7 11 -325 -4 -121 -118 -79 4 -43 162 30 -186 125 80 185 -64 53 284 -309 161 -6 206 83 213 50 -50 135 -83 -150 186 -264 35 -54 -117 135 -32 142 -44 -62 172 -45 -221 -224 -119 44 -119 335 109 27 212.8349999999999999999999999999992426935]
[318 85 -546 956 -1007 903 -985 -608 929 22 -489 -165 -206 750 -740 580 4 342 -219 494 -323 -69 -27 168 182 100 181 -44 156 -7 -19 -37 -132 97 -55 45 533 -100 -146 -53 -198 45 182 -155 193 -41 250 144 -6 -221 -434 -74 92 -52 241 68 107 -16 -192 133 21 -226 178 -37 133 -516 49 100 80 187 129 175 -202 39 -391 -320 -96 46 -42 192 -49 -161 60 113 -179 -60 -67 -232 -70 295 151 376 -345 -78 -328 158 -189 234 -63 -67 98 231 157 -316 350 153 64 125 249 58 75 -182 2 86 112 135 69 -210 -45 167 9 38 225 193 -101 200 7 -216 238 -74 20 78 92 238 136 -189 59 -135 -126 -40 103 -22 -16 -266 -103 351 151 -86 -41 206 147 -16 218 -83 -91 -289 -92 82 58 92 -146 152 -177 -48 88 -210 -186 49 281 16 199 -142 -118 212 -93 -227 -78 -159 -18 59 28 113 -148 -10 -9 115 -1 386 131 -178 -62 229 -197 71 24 91 -186 -254 -250 85 -105 151 -7 258 101 -31 -157 84 16 9 8 23 0]
[-685 -7 778 -1002 -734 844 774 -365 481 589 721 -803 274 850 -85 -573 8 68 -90 -149 322 56 183 16 205 -103 -190 37 61 -78 -110 244 193 -25 -137 10 194 234 155 39 43 30 -31 110 67 -157 122 235 247 -154 -188 -167 -541 26 -149 92 -1 115 26 72 21 -23 -61 -45 -104 46 -220 -249 34 -266 56 41 19 -259 223 100 -3 -127 520 -86 -277 -7 -46 -190 -12 -391 211 176 -12 18 -324 -12 110 -5 -242 -372 112 -41 -198 -65 34 -198 84 130 -32 -185 -239 -175 28 -397 -182 -236 -290 15 198 167 -119 46 -37 -133 106 42 -73 -120 28 -48 -11 15 -181 -9 120 -138 -30 -66 100 -121 207 -363 140 240 90 -65 -36 -55 105 -62 -203 178 111 -283 -103 152 -184 245 -299 195 162 27 -149 -57 138 175 -84 79 -415 259 -99 24 197 96 -120 118 -5 -90 303 65 7 84 -37 -206 103 264 79 -105 -213 -35 -30 -155 18 122 -89 -12 -8 -171 -69 -30 -75 309 156 -42 169 -26 -308 -338 -80 -171 475 161 82 -284 210 -110 0]
[-502 -797 -537 -517 746 918 -871 81 795 -730 -152 666 -932 308 -712 -661 -51 -394 18 94 -244 -27 -59 73 90 129 -5 -269 230 137 84 99 68 -256 373 -42 -81 293 53 93 -80 -388 117 -236 293 -118 4 -332 -104 108 158 156 460 -15 -91 -361 30 6 -16 187 180 48 -139 -187 29 513 -80 -65 -436 215 -108 4 -74 189 -223 150 -107 44 -26 -170 350 -253 12 101 -89 119 1 -232 -283 -95 134 -55 165 -58 445 -84 249 -3 -57 264 -32 -50 -337 206 -2 109 305 -54 49 45 189 180 54 -153 43 110 -77 -34 -306 -36 -149 63 -141 -45 146 65 224 111 38 275 204 -37 371 151 -163 146 -3 75 40 11 -220 45 -171 -94 -112 140 215 -103 -20 -299 11 -106 405 -217 92 171 29 200 -141 74 56 -52 -184 164 58 -169 55 225 -83 18 -63 -180 -184 198 -111 -27 -113 -63 7 -27 -218 -62 -220 -1 27 115 -439 5 -39 -12 261 179 133 -109 -157 332 0 -249 -98 -138 -281 39 -92 263 84 99 -157 -138 -6 1 202 139 -70.94499999999999999999999999999974756451]
[-71 270 -32 -767 447 63 704 -463 396 -502 743 -153 141 -865 915 -1021 -227 -81 -372 390 166 148 -230 -39 183 -9 -82 158 183 20 -57 392 417 118 -68 -9 137 -107 129 -18 154 169 -70 221 -156 -107 -89 145 58 -172 96 -123 -182 38 82 -38 -340 -198 -55 -70 -88 -58 139 -153 -397 158 247 21 1 -58 -64 -22 240 -239 268 -391 -125 6 253 -64 -124 151 117 -299 -143 -97 -61 266 240 -363 -55 4 175 222 -54 100 75 112 -318 -261 83 -233 -160 263 -27 -193 -67 -215 -45 -383 -287 -241 -69 -159 -194 25 -329 -187 -23 -116 89 163 -374 -96 91 -93 -95 -214 -10 -111 46 129 -18 81 -22 -318 386 167 103 114 45 36 95 -108 -55 -7 265 -403 68 -48 17 21 40 -295 -260 239 -84 -159 -62 -12 -7 -85 -141 -258 -123 93 -125 -8 368 -6 69 303 -171 74 142 -102 117 -176 25 -347 39 -8 162 61 38 140 35 -4 142 -15 -202 19 -374 215 -171 54 72 -218 -65 18 3 -347 266 12 58 -85 177 409 124 -402 147 35 -141.889999999999999999999999999999495129]
[-144 635 455 712 -384 -355 57 507 -64 751 386 192 155 398 -426 -827 239 71 126 -653 69 -146 -55 -87 -138 -110 -47 266 -194 -70 20 -205 -248 -379 -76 98 -206 40 -28 -407 278 73 -95 17 -324 142 53 16 -245 87 359 -167 99 -28 98 57 240 126 200 -430 -190 247 338 309 -49 -76 14 101 360 -77 17 3 -201 -39 263 181 5 240 239 -58 -153 46 205 135 13 79 420 185 50 -161 135 122 -171 234 19 -207 -161 -72 388 64 114 280 -56 -9 -147 -99 -135 -78 15 94 -74 -22 209 -182 16 -295 -205 332 78 305 -135 46 77 29 -172 -88 15 -377 5 -35 -183 -265 -92 -48 -190 57 -180 282 -63 210 245 297 -323 23 378 -329 -53 -72 30 170 11 -22 -249 163 162 156 336 -122 47 30 -374 -284 -1 -46 186 103 -235 -21 -1 -57 47 97 205 -194 -500 -132 267 -78 195 -194 148 -1 22 -68 -40 -284 340 12 43 446 16 -12 169 -17 177 -134 -72 249 -8 71 129 357 -123 -335 171 210 -124 -88 42 281 -92 67 0]
[334 464 249 -125 -291 -34 -940 -990 -889 -653 -131 -218 145 531 566 343 180 -3 177 -724 1 -92 -275 -192 -265 289 126 335 45 127 217 -222 -17 -28 -44 77 -53 116 192 77 414 124 -49 -205 232 45 255 20 -28 31 204 -233 332 101 230 53 183 269 -120 63 139 156 103 12 51 56 -275 -24 -192 62 112 276 -83 95 59 48 -97 -54 143 306 -278 -134 460 294 133 147 16 -9 -117 126 28 160 -74 194 -107 -51 -75 52 151 218 198 286 155 131 -26 -62 62 83 149 -95 18 284 -115 11 80 101 76 -101 -172 111 151 -202 611 31 -277 -82 174 -176 -77 330 2 -182 -38 -85 79 129 -138 -245 -45 126 -113 -74 -147 5 132 151 136 -98 177 -138 15 -61 -240 51 59 429 270 234 -153 30 -224 -60 -34 -8 117 94 -136 -99 100 90 35 -120 42 22 -346 -141 -32 -199 127 38 320 -67 -95 156 -158 -90 202 151 401 -113 -146 -38 104 -276 174 -101 83 -114 73 -172 65 116 -348 -290 164 -1 108 -438 -82 239 -200 136 -70.94499999999999999999999999999974756451]
[387 653 -99 259 544 666 -117 227 534 733 986 683 -960 -83 162 173 42 -97 -34 -65 221 55 144 -68 -77 -143 -210 -49 264 -79 -6 -143 106 229 -64 -111 -416 24 -108 91 230 -111 -190 -75 -317 -84 -297 -253 -404 140 162 175 -43 -18 -318 258 36 -156 225 -16 -51 112 -106 -66 -134 3 112 -20 -236 -30 -181 -46 229 -211 -110 -298 -156 295 -16 -157 97 -68 2 -122 -23 264 215 3 -35 201 -75 26 274 -43 101 114 254 -385 -62 -54 -54 -171 84 206 -27 162 -165 48 166 -213 -137 -18 -183 -144 -359 -278 -377 494 5 -81 9 -2 -616 -2 158 2 -220 335 -57 162 -129 294 0 -152 -218 18 151 144 -195 -294 85 173 61 195 39 -200 -134 82 -265 77 121 2 -63 47 169 221 165 -187 75 240 206 157 58 103 141 99 231 52 -304 -350 -72 33 127 -59 -85 69 151 55 -59 171 -50 -571 270 -126 232 23 -41 -212 -68 368 22 -135 57 -164 -203 -261 42 273 -100 145 46 -308 11 135 -289 -20 68 226 -234 161 -169 -132 0]
[685 811 238 958 -422 844 -946 495 -12 379 -435 -498 777 191 707 -225 -72 67 152 -123 53 -8 -123 -20 -391 64 225 80 -258 110 -50 114 5 -145 239 201 -5 -365 89 -129 39 93 360 101 -136 -114 100 -210 112 121 239 222 511 59 -114 -165 51 -47 71 -143 34 10 82 85 205 36 -57 -70 -342 276 267 71 103 -154 -101 104 -211 -100 -116 -220 424 121 184 121 -29 203 -64 153 -27 159 -143 -76 114 172 154 296 -23 -127 -76 335 -410 76 -166 313 1 -68 78 -154 -201 -11 66 -257 204 -206 -201 -358 -71 256 -15 180 -14 -51 308 246 66 123 129 -50 -28 157 187 -125 -184 138 42 111 -220 10 33 -31 -57 -335 -81 25 -294 -190 93 282 65 -260 -150 151 -6 -250 203 152 184 -53 207 169 -95 7 -204 -62 70 -68 111 176 -42 303 112 50 -358 103 84 106 -178 -325 195 -156 240 -86 199 -168 386 -158 47 -8 353 -16 -136 50 296 4 -131 -98 -59 -11 -18 -51 -27 -15 82 212 -307 178 -93 -276 50 -53 -251 -65 -70.94499999999999999999999999999974756451]
[-956 -32 939 -351 -501 631 -910 734 -48 565 -314 -271 -809 960 510 153 -215 -186 253 66 -72 -77 -313 -66 36 59 132 50 78 -32 182 33 114 143 -138 -28 81 -218 -55 248 -116 252 -132 18 18 197 -218 220 87 -427 451 57 57 -265 206 202 -54 62 145 -251 77 21 201 105 -381 -81 -35 7 212 -25 -348 -29 -121 74 270 465 -22 226 -114 140 -531 -92 -178 -125 -218 -92 94 154 200 -56 -75 122 40 -19 -107 16 -133 97 -25 108 320 65 -265 -62 -179 -165 20 334 -157 -123 -396 231 151 224 255 -47 -66 86 281 -65 63 47 278 -260 -299 -180 379 -39 174 -14 -117 378 -271 127 0 170 -151 192 186 122 -47 -113 27 27 -154 -149 21 -78 147 301 -158 -312 118 140 2 -220 -104 -117 -250 91 -453 -4 -44 48 270 230 -193 -333 96 -52 148 -178 331 -402 -84 -468 230 -84 -157 -105 -59 161 145 258 -262 -201 200 -7 95 79 -66 -68 -463 -167 117 173 112 -67 105 -103 265 329 -149 -465 -59 70 38 198 -395 261 229 40 -70.94499999999999999999999999999974756451]
[-665 279 152 423 -529 519 661 -391 -409 -474 -677 -421 -259 139 387 133 -28 30 324 -130 -165 -106 -244 -85 -471 -171 211 185 150 -27 -99 -284 -152 -105 -204 191 236 4 -15 265 -108 3 -196 -114 83 287 28 -225 211 -128 252 350 218 -265 161 119 187 186 61 9 63 55 126 13 -58 -197 -193 -29 36 -1 -146 -127 -111 188 -70 263 -97 175 -320 291 -260 -49 -83 45 -185 64 68 44 3 101 209 79 -79 114 -180 14 87 119 9 162 -39 -67 133 -226 254 -40 73 465 85 -80 -168 354 323 84 404 217 126 74 218 209 -39 -37 273 13 -252 -129 186 -45 56 -27 -104 405 -168 15 -128 237 -189 -81 -4 219 31 -106 58 -79 -103 102 -13 -62 312 -28 -125 -254 -78 93 122 -261 -262 -61 -208 -46 24 -108 41 121 429 235 147 9 -91 -248 162 -108 122 -182 -2 -150 61 77 -88 104 60 152 -148 302 -158 -334 153 110 -11 -106 15 304 -137 -212 405 191 106 81 48 -37 2 499 -264 -259 188 57 63 -92 -2 200 193 189 0]
[-998 -566 -276 -321 889 202 994 474 61 83 -700 -604 30 915 -244 743 137 184 -21 240 -287 130 -98 -345 107 -166 160 -281 -155 -56 -30 140 -96 -40 4 -314 -415 -15 -84 -27 124 -149 -55 73 -146 169 -271 -79 -125 -123 10 -231 46 -77 103 92 -104 60 49 188 75 95 -319 19 48 -151 -1 518 93 24 -264 -289 13 -12 -108 19 288 35 -187 -125 105 -3 -62 142 -18 -67 340 -16 172 114 136 7 -413 -366 194 -161 -269 353 520 34 315 93 -25 -186 -485 63 -50 267 -149 317 0 99 61 314 171 -89 317 -79 -48 -101 107 -93 142 31 -48 -54 35 73 27 -212 173 344 181 -52 -49 127 -4 166 -88 -336 -1 127 -245 -176 -11 12 -174 -27 99 403 33 -160 30 35 219 29 55 183 -221 -11 -235 61 213 39 67 -341 77 -165 43 25 -152 -269 208 36 -199 -148 33 195 -111 205 -379 39 134 86 151 84 -98 101 50 -241 32 115 -145 -186 249 100 -7 -172 -176 6 10 172 261 170 105 192 -182 -471 -43 324 -250 -125 0]
[667 453 213 716 -785 -735 57 700 -965 -115 918 -198 -105 -283 -457 -486 131 79 -36 489 296 56 -154 7 157 42 -202 108 -413 -216 94 63 308 96 -62 128 -391 -239 -198 -31 156 -36 -40 203 -131 305 -300 151 -89 76 208 74 -183 104 75 203 -153 -118 60 -246 218 238 76 -20 -31 -98 176 205 29 -155 -146 -313 106 -380 -4 -75 49 298 235 -20 97 271 -25 -62 -209 184 -120 17 251 24 -170 -208 -107 9 -145 9 -62 38 222 -74 16 -264 15 -197 -257 -217 -133 -6 -108 -10 -241 -123 -48 99 -105 -86 171 148 466 -91 -66 33 111 -65 33 -203 -79 -53 163 -239 154 -146 -100 12 105 -169 -115 94 -21 -357 35 55 -132 199 166 -236 -93 184 43 289 137 234 -61 -245 -248 -33 -177 -160 -203 267 -95 -63 43 144 -61 3 65 195 -161 57 -78 -69 -16 -164 -221 -3 49 -20 20 205 -76 -24 33 106 18 -222 108 -13 -66 95 -302 154 -52 101 -136 -145 54 -91 59 164 162 64 282 35 16 292 106 -257 -143 226 -192 40 70.94499999999999999999999999999974756451]
[-515 -584 534 -41 478 -314 699 -889 -702 -990 -229 -452 426 -42 -681 -157 137 14 279 -185 64 150 96 2 355 103 -50 -200 -291 -29 41 18 46 29 -27 111 -162 -7 -160 -185 58 127 -140 87 66 -146 -317 79 -67 -1 362 46 184 35 -378 268 -129 -207 96 -333 -75 295 72 25 -66 -156 119 10 95 41 -518 -124 -342 -219 -92 100 67 154 276 208 0 290 -167 -127 188 -176 159 139 -24 -122 -121 347 28 -39 -167 -32 -362 -141 4 -190 366 45 -169 -9 -190 30 260 61 -109 133 -204 260 -146 41 -116 -223 139 208 204 -329 -136 91 262 -58 -216 -11 1 -76 -121 5 -152 -110 -54 75 17 -154 -102 86 81 52 151 91 130 233 -272 -229 46 73 -125 100 -257 127 364 441 -125 -81 86 -296 109 228 -215 100 121 191 142 133 -317 -338 -135 -83 -339 -297 -82 -92 -459 -318 18 37 -50 78 -192 -218 68 121 259 -259 197 -278 100 170 83 -266 24 -66 -132 13 -147 -103 189 166 -78 -17 -73 -346 -458 94 29 47 -324 121 402 -287 -212.8349999999999999999999999999992426935]
[-468 535 866 -787 257 578 -290 555 824 -579 224 536 728 -274 643 -724 -18 -197 133 61 -63 53 -37 -129 118 120 172 -321 112 -96 -181 -92 -296 -141 164 -139 269 -302 -37 -363 -463 17 193 147 -173 151 172 -130 45 -148 135 -54 409 -49 136 -212 109 -62 -157 -56 -20 -13 120 47 275 64 -98 -48 206 -279 95 -80 -188 236 185 455 -83 -234 -350 0 114 -190 -91 88 -80 -224 173 -190 -115 -113 -84 -145 -224 -231 182 -149 -150 -54 31 -70 143 381 -207 -143 -183 38 245 13 -180 375 84 179 470 -256 170 -230 -102 91 62 21 -140 77 164 -12 53 -135 244 -151 -14 63 73 -148 92 74 88 299 -191 246 103 25 -154 -95 -263 -190 83 -97 39 -269 -256 130 -360 -219 164 151 328 -376 -1 22 -137 -73 -220 -121 10 18 160 -231 -88 76 74 168 18 -283 85 44 -19 24 57 10 -168 -63 -136 160 -233 73 -193 219 -243 -21 -118 235 124 13 124 -11 -56 60 -33 -117 -8 2 3 129 -95 192 173 126 -317 -8 -60 30 110 -96 0.6310887241768094443293828522262289837386e-29]
[693 -452 388 -473 -821 206 -663 185 769 -486 107 -673 -346 -829 978 916 -425 143 -228 219 402 33 -157 -234 -513 195 -2 377 -221 95 -135 -6 105 211 -152 30 -123 -66 -243 2 373 10 -79 8 -295 -128 -330 45 26 -184 276 -193 188 257 225 316 25 -63 288 -35 20 -14 10 167 -2 -331 14 126 -208 87 89 -21 319 -241 269 -321 -209 -24 -40 5 -214 -59 7 102 -88 303 -116 150 167 -153 13 43 -106 142 -195 250 -70 -131 -145 -140 -85 28 174 158 -122 -18 12 66 101 -231 -296 33 -81 -80 -152 -349 -178 290 43 -118 49 -37 204 -111 -63 -323 -60 43 -345 163 118 143 -307 -27 -81 87 -123 218 4 67 80 -41 381 -184 -72 27 60 -284 207 199 76 -146 -54 -194 252 327 -200 -307 75 38 -68 3 -33 -11 27 -85 438 -122 86 40 109 57 167 186 -90 -89 39 -197 120 -45 -40 -21 290 -251 237 -185 262 -155 221 -147 -295 -121 -329 232 29 -35 97 230 -185 -79 310 -387 183 -6 -168 -66 -47 -107 -108 91 -255 274 70.94499999999999999999999999999974756451]
[38 -397 435 535 984 1005 -315 130 661 112 816 167 -304 -700 488 -229 -195 -116 515 -613 257 -119 -115 -40 -215 -73 350 208 273 42 45 -10 -120 169 105 70 17 -149 376 387 0 265 152 429 -78 80 -302 -262 285 22 -338 228 122 -294 168 -44 121 96 -166 197 70 52 -11 117 312 -47 -155 48 -297 479 162 297 127 -67 -226 -94 -14 32 -356 -59 364 53 275 26 -61 380 -99 -117 37 46 -304 -2 231 161 -51 62 79 43 74 132 -58 486 275 -144 18 118 408 -195 -108 -271 -43 -328 -186 -30 -92 -31 -149 549 40 395 378 3 -8 216 191 19 0 -353 57 144 88 251 -322 -66 43 -62 -286 250 103 -158 -270 -346 -404 -182 -242 23 5 -356 -88 -117 617 -432 37 -243 -27 239 80 230 173 7 -4 151 287 -393 20 91 27 388 -233 -88 127 -51 -441 -2 -116 406 -133 -131 220 -125 300 114 251 -44 324 154 300 -10 254 -29 -5 150 85 -430 42 -219 51 -67 -247 -99 -23 -304 -89 -178 -182 -147 88 41 379 102 -85 170 141.889999999999999999999999999999495129]
[206 -762 2 932 755 276 -695 93 -875 178 405 -939 41 909 -4 14 -443 -484 151 -389 272 68 178 29 207 110 -121 -15 81 -116 200 -38 -204 477 -318 -168 -101 -167 -210 113 -98 -74 -203 7 38 29 -352 302 -107 -92 -190 151 -235 -202 -150 93 -67 -148 398 57 -3 -21 371 165 -320 25 343 5 89 111 -18 64 -45 430 137 105 -281 68 -188 66 -181 -207 -268 -109 -115 374 -28 45 -96 -148 74 -121 47 -88 241 70 96 -162 -212 -193 321 38 21 25 32 184 3 65 -24 30 -552 63 -259 28 -21 -35 -287 90 161 -201 230 65 -474 -400 14 -55 85 127 58 267 -265 160 96 38 -9 151 -40 230 123 -251 71 -200 246 64 -24 -27 -22 39 -395 328 208 -310 -130 62 -21 -234 -86 -165 -87 -8 -121 76 305 -196 276 219 49 -297 -65 -101 67 67 156 -460 -35 227 117 -15 -80 77 -51 -132 -9 45 -196 3 -2 -203 -449 165 204 -500 -207 -61 -421 -372 -32 -60 -28 -20 406 -481 -106 -309 -253 -160 -116 430 -432 235 -163 -64 141.889999999999999999999999999999495129]
[363 531 128 273 -143 680 745 -823 -149 670 860 -448 -836 411 929 331 62 11 61 -7 -274 112 298 244 117 162 -22 -204 247 -3 -51 -37 193 315 41 292 221 411 -151 228 -182 -5 -366 -271 214 -130 -93 -76 151 52 -501 417 219 -99 -245 22 -41 114 -100 577 57 -144 -332 -560 168 22 -342 -386 -388 -15 -124 0 -65 184 -505 -245 134 198 -130 47 129 -272 -204 -189 93 123 241 -66 -422 98 -14 125 181 -241 -284 218 197 -114 -129 -193 -286 -97 62 -55 581 319 3 61 73 -173 -98 94 -66 162 147 247 100 207 -174 -3 74 -101 -230 303 302 79 -154 311 -125 153 164 -154 180 45 147 -289 237 -287 -290 -66 181 76 412 -142 -191 311 -7 170 -17 -335 14 -276 266 -18 74 -172 -50 -265 366 -65 362 614 -122 135 38 -129 41 188 -91 -276 -94 -187 -470 121 257 199 -76 -104 57 358 -247 273 -43 -476 211 147 -306 110 -400 -126 76 87 -180 65 16 395 -104 -35 -154 -93 -265 -206 -317 33 -172 -119 77 528 85 -271 336 30 141.889999999999999999999999999999495129]
[798 -257 -761 28 -957 -430 -50 896 -519 337 -404 923 989 573 -384 -991 -132 30 -163 162 -58 -181 183 194 141 52 -114 -98 -130 -51 -123 89 88 -90 -16 50 219 365 -419 82 -83 -33 -302 58 126 -270 -281 -45 -129 -147 -53 -125 61 -131 -215 169 38 179 157 232 -155 102 -21 164 43 -21 -13 65 -55 -16 -233 246 -99 -314 14 14 460 294 223 16 -52 -75 -248 101 35 -45 80 189 -308 -225 -16 421 -130 -118 -268 -122 31 -135 4 -199 1 153 -18 -104 418 164 106 -122 302 -182 63 -2 -176 209 106 -13 -138 188 141 -337 -55 -27 -65 -190 -271 27 50 -20 -220 10 203 -69 112 179 20 -198 -37 101 -242 273 181 275 285 1 -279 40 -100 -116 90 -63 19 -41 416 227 1 -86 -66 -555 257 104 -9 155 26 234 -237 -137 159 96 -132 -156 -118 -203 224 68 -83 -51 249 42 -51 -24 -268 237 72 -358 75 -50 76 -210 -240 -169 196 13 -284 33 0 324 -240 189 -81 150 -339 -28 -300 -312 -130 -11 -3 225 -81 -279 457 5 0]
[63 -786 574 952 -316 -528 -697 -772 306 -393 -135 -181 -380 479 943 741 -322 -162 -98 136 -83 71 -250 -106 -194 -159 291 -226 -29 136 -226 332 113 -290 257 -48 231 -93 -129 -28 -178 -260 122 189 58 -40 -180 62 -23 -291 -44 -218 118 -134 -23 -219 -303 8 -85 -13 47 -75 132 180 -35 339 59 74 13 57 107 -12 -13 169 476 204 31 -299 -87 -404 144 36 -247 -175 41 -36 -133 377 -38 -214 -125 -7 58 -130 240 -12 107 160 -24 76 -223 154 -376 169 -444 20 -132 -110 -272 148 107 -94 297 5 241 -118 -38 -46 -218 -176 -107 7 -44 -509 -89 199 -30 -16 -229 -240 397 228 206 139 42 52 -91 182 -15 125 -81 -256 -20 -117 -351 -225 197 -364 294 -45 -19 51 -24 -71 171 19 -99 -101 -195 -305 -113 -242 36 -166 -205 121 174 55 251 259 -150 199 104 -16 484 16 33 152 -91 -166 -277 410 39 -235 60 -187 -25 -172 58 -227 -50 -161 -295 -34 16 326 -254 -32 34 -89 -3 -113 34 -68 100 -47 -53 -220 121 -348 -217 34 -70.94499999999999999999999999999974756451]
[590 634 -218 345 840 800 874 -9 -818 -591 -60 954 -209 -31 373 954 -568 -330 55 -4 93 331 -8 354 -169 161 -128 2 -201 242 117 117 71 261 -12 86 -279 -41 -27 -411 159 -269 3 261 -149 -204 -161 -191 -63 402 318 131 -4 312 224 -115 -121 -405 197 -167 -37 302 230 154 -1 312 365 9 -580 151 -152 -362 254 -228 -6 -205 -54 -99 131 29 240 282 174 309 -225 196 -4 -128 157 -118 136 -41 381 114 193 -31 -46 67 -133 -298 -65 -222 -144 -129 -144 -52 131 -249 -107 -33 232 33 97 -116 -128 -231 24 77 272 17 -148 85 -19 -273 22 33 -191 235 -237 231 43 -76 71 108 -137 42 10 171 -101 -137 -98 128 -29 440 -161 -212 17 -274 189 -168 -137 219 210 -43 -208 399 -310 -104 162 -93 131 -196 58 53 -51 -203 414 67 -94 89 -142 -303 110 -116 -78 269 -202 -4 91 -2 -101 -300 -195 -75 47 -83 67 -232 116 319 -197 -233 173 168 -115 11 210 -14 193 174 -224 -365 270 209 -111 -110 -99 -291 -187 -21 -256 83 70.94499999999999999999999999999343667727]
[216 920 -825 -80 54 145 -320 -269 -925 -716 -634 285 249 -383 -627 -177 139 -220 309 -261 -87 142 -14 216 -130 -57 63 -275 364 -5 417 -324 -2 168 134 -148 -165 235 -46 378 -24 -163 30 -196 10 -128 41 17 -494 110 -186 -143 8 -12 19 68 238 85 -7 -9 -21 -147 -276 -23 33 275 8 -23 -76 160 -292 -239 -168 231 -21 -141 114 -54 -289 -213 -80 119 -119 -4 305 94 -144 -272 -9 118 223 -3 452 152 239 -158 65 117 252 106 85 -57 -120 -50 -248 169 -162 201 132 173 389 142 -120 171 -91 -37 -48 -10 -78 102 76 -78 -187 -36 71 114 9 377 152 -91 -218 451 29 -207 -123 203 -89 242 -14 -235 -136 156 -77 346 15 47 -175 -99 -113 176 89 -137 136 326 233 -150 -3 485 -161 -123 256 -106 238 227 40 -92 -58 -182 -312 -258 170 61 477 -205 41 -242 -171 397 125 58 9 -120 -145 277 -93 333 -22 -204 -121 52 304 -86 7 -249 243 91 147 239 -271 166 -111 356 -60 -170 94 -182 98 -140 -142 395 -148 116 -70.94500000000000000000000000000605845175]
[-652 -803 -80 723 881 548 -408 -328 30 -679 -205 973 983 524 -852 -569 206 -409 220 -151 175 223 -111 -444 -242 -120 -75 -59 -43 6 -256 33 197 7 -127 -211 -242 -366 -225 37 111 120 28 420 -77 -165 -31 -762 -12 -50 276 -23 238 -248 -427 -230 -40 -242 276 294 -11 217 -171 -15 56 499 -149 275 -78 -243 122 183 292 95 143 138 72 -187 -278 -55 511 255 147 -124 254 104 34 442 63 32 100 -234 42 -49 210 -173 134 -320 -268 176 -246 41 52 333 -197 -7 -19 65 -42 -218 -270 22 278 -327 -329 -220 -158 30 -73 -389 208 -144 -344 -157 -153 -78 174 214 -360 289 -224 218 -6 236 18 234 -257 -35 336 75 -144 -363 -28 37 87 -49 -72 -54 -40 -180 -222 82 -352 -9 -196 59 104 -78 -134 52 258 112 360 -39 96 337 393 271 -14 19 -241 92 -231 170 250 197 180 88 54 -221 297 -477 -9 87 197 -248 -164 -332 141 -39 56 178 317 -407 185 -485 29 324 267 -77 -235 -119 41 -63 -71 138 78 -106 247 -244 -143 -242 -425.6699999999999999999999999999984853871]
[-348 -946 660 -427 -564 15 747 -503 978 -880 789 -467 871 -122 -759 -413 291 -4 167 227 -126 -62 -450 -570 -46 -24 158 87 224 105 -183 152 0 -114 -42 -499 19 -36 -24 164 158 122 251 75 -164 47 -85 -292 -3 -562 134 -296 77 -370 41 0 -34 -16 337 276 134 51 12 126 -110 61 -237 217 212 -253 184 276 -5 -284 -59 49 -104 121 108 66 99 -59 381 190 14 -38 83 117 297 121 12 57 -354 -109 -136 -439 194 80 -38 95 -12 355 -11 56 -146 -137 -75 -97 293 -413 -525 -238 165 -39 112 -104 -493 172 -60 -4 364 86 -394 -58 -153 -218 168 -410 -134 -110 -144 286 126 270 -31 -60 46 251 264 289 7 -38 -215 -449 162 180 37 -361 236 151 152 -433 -40 -56 -193 35 282 217 -175 224 -311 169 36 -170 41 215 10 174 554 -2 245 34 270 402 -169 -221 177 -198 116 -273 237 -134 147 -116 164 -245 188 78 39 -20 -82 636 -385 -185 213 -311 21 136 -220 -150 218 -42 -4 -108 178 -113 -85 110 302 130 115 272 -212.834999999999999999999999999986620919]
[259 291 -276 -58 114 769 -1013 -757 -294 -927 -265 108 -811 175 487 -386 86 150 -202 -430 -98 -157 51 -183 -227 -78 207 129 -89 -57 57 -18 -372 94 -229 49 128 34 88 26 482 -135 -272 -179 4 34 177 71 -39 -23 -135 -136 28 -38 -373 124 94 36 219 -3 -280 -194 254 247 -130 -77 205 48 145 136 -9 74 -292 360 135 158 77 -263 -198 137 -52 -7 -229 -116 -60 342 -212 261 -409 -97 332 -151 -191 -2 151 144 272 -119 -11 -162 -242 -205 88 143 372 136 9 81 96 215 -148 255 114 -174 -5 -147 -250 -617 -186 -358 25 -155 -154 -87 -150 237 130 22 -45 -190 -174 30 15 -17 -232 -130 -80 109 59 224 143 109 544 195 -109 141 95 59 49 163 -257 -127 -110 210 280 -380 -145 -224 -149 -194 -94 -84 87 -186 138 169 39 -181 -103 -157 92 471 73 19 -83 -2 -90 231 213 320 167 -222 -98 135 200 -74 174 3 -349 -275 -11 -178 75 172 -23 -376 -183 -151 -33 -6 160 -117 -100 50 355 -81 -227 -52 -274 234 -65 -132 70.94499999999999999999999999999974756451]
[-550 -379 972 402 195 79 -110 46 -111 -760 -800 -670 344 448 -620 581 -36 -68 81 61 28 205 224 244 49 50 216 -70 -73 -145 410 228 133 365 -11 102 293 -153 -205 473 169 -207 -142 19 485 -127 288 -82 3 -215 -544 168 -42 -236 -97 60 -65 202 134 320 -60 -86 -67 81 -97 -69 160 -75 -545 305 -199 344 -55 120 -294 73 94 -213 -287 228 177 13 -134 156 152 201 -573 190 -278 -95 124 162 560 -114 -52 -261 157 335 -133 40 -355 -35 106 320 331 253 132 -292 223 5 -7 242 -276 276 89 -280 0 -450 44 -423 -65 -58 132 -9 -107 76 248 217 10 -38 135 -254 44 -107 216 10 62 -98 -40 -6 -118 10 299 189 -479 57 -389 223 372 97 -197 357 155 -55 159 112 -139 -53 138 -197 235 223 184 192 62 -140 356 80 -261 52 -244 52 -72 -247 401 217 -392 169 358 -4 9 -204 -370 38 66 54 251 -229 -172 -221 -19 -313 118 34 102 -86 -85 -114 44 -14 -79 60 -61 170 108 -137 89 47 -95 -159 -50 -95 354.7250000000000000000000000000302922588]
[79 655 -696 -864 -460 -855 -288 490 -362 -26 -402 936 -515 -602 -748 -1062 -615 67 -265 664 -320 215 -87 180 61 -51 91 42 -21 191 -58 183 160 -36 -93 29 354 180 -82 -61 -96 -370 188 118 179 -9 6 -75 272 -60 -146 -156 -193 4 -169 57 -281 -297 -11 38 380 90 -31 -296 -71 -269 -24 58 -208 105 67 -126 -220 -19 -425 -259 -157 49 115 1 291 -85 -169 -44 -47 148 189 -152 60 180 156 -57 -388 196 48 125 -128 99 -276 -66 38 -144 22 31 82 -25 -106 244 -80 146 -302 -316 21 -295 254 156 133 -303 -420 60 374 -123 -10 -149 -213 -128 54 259 -190 -42 -51 87 278 46 195 -189 49 4 266 174 155 -358 191 -307 -409 309 271 20 299 -191 207 -49 37 -274 -205 292 -8 74 -51 184 137 259 64 -155 10 55 149 -210 106 42 96 2 -115 98 -28 -103 68 -166 -54 105 60 61 33 -157 390 -339 -124 61 67 -231 -176 -86 -142 114 -133 -207 -199 -291 -109 34 58 -339 -109 236 -300 -478 87 -254 293 -94 39 104 -141.8900000000000000000000000000058060163]
[344 -144 -751 -311 -257 47 509 348 114 -20 291 -936 -595 -763 -615 -869 -417 -229 446 -387 0 -71 92 -89 -57 143 105 -83 -31 201 -217 -148 -323 34 -262 -31 -144 207 367 -2 198 124 -219 -194 57 23 -3 -46 400 71 51 205 77 337 504 -8 244 174 51 346 -238 98 -55 -60 331 -200 -320 51 -22 -89 118 -372 251 62 -191 -121 145 -284 -180 452 -301 60 244 571 16 -273 154 -206 86 -210 136 161 -322 85 -21 -97 -421 409 37 -113 497 215 350 -232 189 68 262 134 -104 19 279 575 -256 450 286 478 260 -41 69 412 33 -19 544 216 94 -175 46 24 -218 116 -41 397 -93 -245 -78 131 57 -93 -37 61 -18 -42 174 -18 -196 172 -14 -305 -32 -2 -226 -374 109 -53 282 152 -264 325 134 -538 109 -306 167 -38 169 -422 73 -473 39 44 44 -561 121 132 -315 76 -277 -2 -127 -141 -64 358 -247 275 -232 313 162 190 226 -393 288 -148 -18 -42 160 176 276 -127 -114 -20 -130 -34 -12 -133 -52 -100 -60 -313 8 13 70 139 70.94499999999999999999999999999974756451]
[58 214 40 610 -43 -717 -268 230 -498 122 -219 -582 -67 -1 -303 1 -30 230 165 346 643 70 189 -98 -248 -111 -112 -262 109 -191 -586 3 -126 136 -215 406 526 -59 -99 118 -554 -162 192 -158 94 -127 -303 55 389 0 -251 237 139 51 -102 382 278 -108 -173 -28 95 -107 -115 -183 245 -251 169 -103 -159 171 -268 -384 135 -24 -200 77 -235 41 -58 -122 284 50 -213 -102 -245 -258 60 -179 -98 230 -176 250 138 -180 -295 -254 86 -244 -278 -147 -52 -179 62 -160 -123 -3 165 210 194 -234 -195 -223 -78 -329 -53 327 -128 349 444 -317 -330 164 2 94 26 -80 -43 -138 31 23 152 119 142 437 38 159 -47 -304 19 9 -90 -148 -180 -146 78 61 26 -108 -257 -278 -201 117 23 487 -34 -350 -284 -70 -325 569 441 -73 -88 413 12 177 195 375 -58 9 22 33 -501 292 371 36 -160 321 -216 150 -191 15 77 400 -26 -163 -386 -277 97 146 320 546 139 -253 -17 338 -143 420 -40 -10 -43 87 -254 -193 -212 209 150 51 116 -72 291 -208 -212.8349999999999999999999999999676882573]
[-315 57 -536 208 981 202 718 268 -238 257 4 -691 -385 192 -832 -1034 124 -62 -155 49 -129 381 -133 232 -81 24 -63 153 157 335 140 103 412 104 29 26 159 213 312 -99 238 99 -48 65 288 -139 80 39 251 204 148 -215 -87 310 -228 285 -263 -127 -108 212 29 -432 -144 -214 -17 80 -104 -176 -111 33 -157 -18 167 -330 208 -166 181 -147 243 69 -156 274 70 -132 -19 -182 138 234 26 180 -83 -227 477 41 -322 70 190 64 -309 -99 -269 -377 -204 195 252 -57 -77 -72 -61 -334 32 121 251 -115 74 -21 107 -107 -329 -478 152 54 155 12 78 202 -108 54 -143 3 190 -170 -1 -28 45 2 360 -420 180 390 108 126 113 134 -20 220 -1 -16 507 -343 -215 59 -102 -105 -90 196 168 94 368 -187 298 295 -312 25 -179 27 130 -251 19 -137 -23 185 -163 -61 225 -226 13 339 220 79 220 -312 189 -129 230 95 100 109 49 -68 -519 24 97 256 253 306 120 -206 103 -58 -262 33 30 -60 -26 -393 256 104 186 -279 135 179 -70.94499999999999999999999999999974756451]
[159 44 -180 154 -597 560 -277 -574 -64 -922 190 -207 -242 -572 459 -868 -284 -64 -140 -167 208 248 256 62 81 187 16 -119 -231 -83 173 24 13 129 -103 -112 7 -32 -407 -6 -213 -105 -59 -52 14 -269 -54 130 -205 98 14 -35 445 -74 50 -98 -92 148 159 94 156 406 -103 -77 -112 231 281 -119 -518 125 -214 19 -13 341 -131 68 -27 -156 -52 -95 244 -29 226 384 252 175 -14 -153 -387 -161 289 353 46 -14 142 -168 -107 39 98 -204 141 124 -277 162 -337 90 -41 -131 298 254 50 23 -291 -28 15 -291 -261 -2 55 -148 -60 -314 -139 -263 -264 -333 78 71 -257 179 61 -141 703 260 112 248 -10 81 -76 -157 -141 -87 -248 -93 -128 0 78 -31 59 -147 -228 87 143 142 43 397 91 -125 -83 428 -38 43 196 243 84 -267 203 -6 110 232 -57 -184 107 136 80 136 -9 -162 -53 14 -295 92 -96 120 130 -147 -163 -258 -19 81 398 -52 -87 -72 103 69 -32 -55 -11 -12 159 -239 -121 -232 -316 -1 -104 -306 -187 69 -155 -99 -283.7800000000000000000000000000053011453]
[561 -235 361 -300 296 685 842 -288 310 -111 -75 145 -106 -987 990 -686 145 113 -214 -175 -324 368 -185 -74 -78 138 -44 -435 570 386 120 -19 -196 -248 -30 148 94 482 380 206 -368 -139 -148 -9 555 -162 -106 186 265 203 -160 45 43 64 277 75 -77 -31 -409 127 257 -127 -352 -185 -93 249 -63 -405 -286 403 -215 -150 15 111 112 274 -59 -223 -98 160 -224 -369 -32 20 -44 9 372 -286 -194 60 -43 42 200 -64 298 82 313 34 202 -9 285 263 -97 -121 -200 -100 159 -87 -35 -83 197 316 64 -180 127 461 178 -15 11 76 188 -78 65 59 -115 52 -162 -187 174 220 32 32 50 -127 -321 145 247 -99 -77 172 -173 222 -368 -241 202 284 254 -410 86 -312 57 -524 -92 121 -118 101 -108 182 -436 -64 69 28 -46 114 -75 -135 16 -128 43 -179 126 -143 -165 -146 262 72 148 281 -187 -40 145 103 186 294 -161 470 -452 111 73 -104 -13 9 83 -394 116 755 165 -241 -338 -290 0 -147 67 -16 54 -265 -15 244 268 -1 385 -17 70.94499999999999999999999999999974756451]
[-815 830 -890 289 874 943 -67 145 -406 230 -438 -80 331 119 651 -883 -210 -417 -24 -24 58 -107 216 -14 -123 117 19 -252 -237 28 158 128 72 306 48 -155 60 -121 -156 -284 -152 -254 419 324 -5 -233 55 -316 -49 109 92 -135 53 122 -539 18 294 -278 296 -115 -45 -295 111 292 200 217 71 48 -217 104 13 -17 -251 -385 11 391 -201 -358 -74 -70 108 39 -221 200 -94 52 227 91 -173 236 62 -266 -225 -61 99 94 217 -286 -74 -94 106 -303 172 -228 141 80 168 -49 170 -39 60 -306 25 -207 -114 -75 -196 -24 105 -285 39 -191 145 -169 -324 349 250 240 34 35 233 47 45 384 38 316 -287 51 99 -181 -42 -141 116 243 -182 62 92 432 -46 -64 -264 217 150 561 -186 -225 -33 -46 -88 54 -199 136 118 11 -5 -179 340 -33 -265 42 224 -19 -37 -242 193 -2 -63 -58 -7 -176 333 -270 73 -145 63 67 65 -320 112 132 -6 -309 353 -345 -205 -380 -319 135 -18 266 17 81 -96 -2 -298 -36 -63 -300 -362 118 -247 -259 -283.7800000000000000000000000000116120325]
[96 -336 954 -508 -715 -640 -347 391 724 989 -907 -69 483 -692 553 271 371 169 84 901 107 -59 139 -215 174 141 -177 -143 -59 -59 84 -24 247 -132 -143 77 -13 29 -25 300 160 6 -62 -444 -272 175 -183 -65 -201 -250 217 119 446 23 146 38 116 324 -91 179 190 244 -394 -236 108 27 -474 87 -250 -143 -79 -149 30 -27 -373 136 -57 51 69 147 35 -246 222 109 36 -129 230 -148 -269 -40 -228 -37 -212 -200 114 447 -62 -88 295 249 -87 -45 78 248 8 -70 -141 -22 39 222 2 -84 -144 147 27 -209 -162 65 -77 94 -23 -338 245 418 115 -160 182 202 63 84 364 52 62 48 69 126 -38 136 -48 -412 33 185 141 -65 49 -124 194 371 -126 -33 -287 -210 259 -227 541 196 47 9 87 280 -81 -112 -189 485 155 -641 99 -146 35 59 279 -42 -226 525 -310 -39 48 -143 -19 95 -93 -3 192 -194 -48 126 -160 129 171 36 181 186 -126 -22 80 82 302 -160 -253 250 94 227 134 356 180 108 -157 -405 -382 98 86 1 -141.8900000000000000000000000000121169035]
[-917 -618 967 693 -490 1000 503 835 -943 -811 -996 950 35 984 529 459 156 190 8 254 -96 -165 79 -45 239 -162 155 148 120 -346 360 77 -3 -91 -1 114 77 -169 -401 165 146 68 -280 135 -185 236 194 172 -242 -319 172 -115 221 -387 -105 -227 23 375 186 247 -41 20 -398 51 -86 -84 -271 162 198 -239 -53 264 -5 306 -21 556 377 113 -186 -415 -127 -294 80 50 -160 202 -70 -29 -174 -132 148 -115 -303 -280 -76 -146 31 249 426 343 -148 90 -92 63 32 141 60 191 -64 176 -118 1 213 149 540 -129 -206 142 -1 -87 -12 -108 -154 24 -61 -132 285 15 200 -234 259 316 395 354 191 210 -334 209 232 -215 -17 28 -107 -126 233 -35 -299 128 -56 534 173 -148 59 -167 409 -381 -36 63 -463 22 -243 34 -139 -175 -13 -287 105 57 2 99 -104 8 430 9 48 -123 22 242 357 73 -314 331 -91 63 -148 -171 -100 174 -99 -37 227 218 -408 102 323 -265 -54 -70 -235 -133 147 585 -129 168 587 528 -143 -241 -149 427 -143 46 70.94499999999999999999999999999974756451]
[889 -75 -592 -996 535 918 15 134 597 950 -945 -604 -857 -888 -223 750 -74 514 -310 607 29 102 99 242 71 -161 -108 -48 -122 -100 -198 -87 -60 -452 -261 459 246 -222 -419 -202 75 314 -147 251 -124 -372 254 29 -99 117 208 163 -60 -49 276 -340 207 -33 301 -155 -255 310 221 69 -27 -8 -83 -205 -136 -125 119 86 -138 -140 -77 146 -59 72 223 -384 17 385 -50 218 -48 -116 275 -17 -14 29 186 102 -241 377 42 -58 -352 -21 47 81 29 102 -93 86 65 -160 -261 -178 70 -11 262 -226 206 69 167 136 -225 341 237 456 -29 70 -256 152 -260 157 -403 -60 0 -261 -288 1 -75 471 -80 -128 -43 137 133 -14 427 -76 198 224 165 -329 20 420 -33 82 -141 226 -49 -164 -140 -232 -149 -502 -23 321 30 -229 17 14 53 -278 -39 146 297 114 272 24 145 451 192 183 355 0 94 -359 237 159 -140 -49 -42 -166 208 139 222 99 -66 274 -15 -48 35 -106 39 308 6 299 -102 368 427 285 47 172 -232 208 30 -156 -23 -199 -70.94499999999999999999999999999974756451]
[783 -768 679 919 -564 378 629 -306 -91 603 737 603 -387 529 995 -597 448 402 87 -296 129 -201 228 52 18 228 -225 133 2 68 -254 -38 -294 -419 133 189 -209 -105 -58 -263 55 422 -33 -79 -198 229 47 -10 -262 302 487 45 193 214 -75 -191 44 183 -172 -210 -141 205 38 26 -163 71 191 -400 271 -399 523 44 -1 -405 76 260 47 130 -154 -45 235 217 268 195 -31 23 107 -269 98 216 -149 43 -144 -60 166 87 157 -328 285 74 -49 236 0 251 -11 50 0 -125 121 233 268 99 311 -175 -185 -122 -71 337 1 33 103 169 -50 161 127 -32 -365 -84 -154 280 23 -168 23 53 124 -9 159 -60 -275 -36 -32 309 -178 279 393 -198 252 85 -211 -260 -219 191 -52 305 154 49 191 -37 295 472 -232 -366 -129 -11 -22 42 -182 126 -25 -2 5 -190 208 258 -306 168 234 -200 -271 432 -139 -167 63 -54 -295 -10 -150 46 -1 240 237 129 337 170 -334 -205 22 169 203 103 8 -165 -57 360 -66 330 -234 -154 -160 -123 77 -333 -212.8349999999999999999999999999992426935]
[-439 -834 415 -142 -222 -482 817 -56 517 -21 166 -346 251 184 -546 -719 99 -454 362 -338 0 169 199 141 519 -199 -272 -49 491 184 138 -229 -16 -5 -174 -107 -116 243 101 89 212 226 -349 -58 62 159 20 77 70 244 297 177 -274 -141 -169 -342 92 -19 -23 213 120 191 -175 -282 79 130 -417 -133 331 -296 7 -362 -155 59 46 289 188 131 36 80 -39 44 -26 -316 205 -125 278 -199 -38 -6 -332 -538 -38 38 -106 -243 20 -59 -173 81 299 -2 34 70 -278 192 248 147 -207 63 -130 312 97 -237 -28 240 -26 -36 -111 20 180 32 -264 -37 19 230 151 207 30 -133 -317 296 157 -14 50 -26 -255 56 697 102 60 -126 -97 372 237 -257 240 36 -246 -90 41 -435 -44 57 -148 -18 -47 350 -392 -318 144 141 261 -88 -70 65 -272 -335 -76 -187 -113 -86 -116 184 -461 76 244 334 -212 134 -64 -178 95 261 -29 -47 30 -165 20 413 219 -108 272 -98 -71 25 240 -74 121 80 102 208 -286 -168 45 -233 223 -48 0 333 321 -21 -212.8349999999999999999999999999803100318]
[389 789 406 643 986 -168 -651 268 912 -410 -991 816 598 474 847 -791 -139 350 575 512 256 -357 456 -46 -34 -129 67 27 -133 238 -69 303 116 -29 -142 126 21 204 -143 462 -143 49 363 -42 149 -401 -93 -110 490 83 18 427 88 -12 2 -364 291 183 415 39 86 24 -460 152 58 335 -240 -257 -464 255 -222 26 133 -271 -494 66 -244 82 -187 -137 250 83 50 363 284 -118 44 -35 84 -63 81 -229 -74 148 -126 -179 75 9 -156 277 318 -212 106 -114 -43 -163 185 -175 156 -250 -14 -151 -491 132 -19 313 -169 277 300 308 -123 -133 -265 179 -92 -78 -187 -43 38 -207 -107 -38 -7 511 -130 -3 142 -38 487 -58 -50 -52 -240 -188 -94 10 -31 818 -40 -216 60 46 88 116 -403 252 -31 249 -120 201 69 -33 -139 156 52 -315 249 -128 148 21 387 2 -306 438 456 138 -258 -104 -233 -532 316 -119 171 57 246 -118 -121 51 382 99 653 259 46 -234 166 0 164 484 -148 -101 -27 161 242 -180 -341 95 19 208 483 15 280 245 -212.8349999999999999999999999999550664828]
[692 -209 -570 -846 -13 -286 -18 211 -207 3 134 -554 -253 -819 -136 141 336 -125 -55 97 161 -10 -1 -129 -106 -98 -40 -191 112 -396 -99 -207 109 -148 322 -418 4 -57 335 133 -147 74 66 -88 -214 480 34 51 -41 -168 -66 121 -133 -34 156 259 -80 320 -237 128 269 -401 -79 -199 116 95 -170 -339 265 -465 180 -152 359 102 284 249 15 -237 -196 -31 26 -277 -17 -250 -181 -387 -120 -63 -64 198 -426 -332 304 -305 -230 -56 293 -177 -73 -166 -240 -145 -195 -15 -140 -161 -409 69 -78 50 99 25 61 113 52 -160 -24 187 -148 -21 -70 84 -32 -94 256 -208 149 -8 -81 -25 186 -252 151 -434 -10 84 214 -238 -51 112 -279 -34 -327 84 296 -16 -189 0 174 -58 -66 -114 -219 -9 -57 -155 86 123 96 49 71 311 -68 91 -182 240 -148 183 -65 -36 17 57 163 49 107 -62 -58 210 -51 165 -266 377 -11 -72 -71 107 -253 88 -630 142 -92 175 11 -17 43 229 143 97 137 -70 400 -33 -100 -10 28 22 294 162 -92 2 -27 172 70.94500000000000000000000000001236933899]
[761 759 792 -270 -120 -186 531 187 -849 -483 -56 6 -463 -92 376 590 531 340 -102 -330 -241 273 145 32 92 141 203 -15 -120 300 55 45 -41 -335 158 83 -346 617 -342 -36 122 -316 -152 -174 205 -346 46 96 -235 -431 -46 -775 63 344 -518 -193 -57 -81 102 -76 27 -242 -504 98 -376 53 -1 2 -57 144 -28 78 -600 -502 -198 -334 225 17 72 -106 -9 44 -111 -63 456 387 -410 73 -12 -436 466 -105 -130 -114 264 -439 -10 -88 195 51 196 128 -160 190 -179 98 267 14 -13 142 -53 242 -89 -36 -43 -190 -30 -111 -542 -398 114 -33 188 -286 -252 -117 -74 -58 -536 264 -57 -427 160 11 5 -426 -226 -25 -9 520 106 243 610 -181 -279 223 194 -98 42 -264 -378 365 381 404 -35 101 20 -116 -62 -122 -66 168 -9 94 -246 130 -88 -91 297 -67 -598 68 7 325 -116 -233 -138 138 259 17 -67 126 -133 -123 298 -228 138 -174 -140 -216 82 -212 115 209 -30 69 -339 170 326 48 -200 -144 29 13 -218 -38 -173 -3 220 101 355 124 -283.779999999999999999999999999998990258]
[-190 219 -193 -159 75 950 118 991 360 410 -737 -257 529 474 -291 740 477 486 -161 481 -423 211 126 6 215 245 -231 -245 76 188 113 227 -41 365 -292 408 334 77 -420 14 -23 396 -262 -269 218 48 11 616 -252 43 91 -589 193 63 143 97 -55 -9 -206 153 168 -214 -113 180 -184 -11 -185 70 69 -97 -157 21 -268 24 -80 -47 269 47 -82 131 -65 119 -145 -23 356 -169 -170 201 23 253 -88 216 -70 -281 -427 141 4 -98 -41 37 -240 149 -31 84 -58 27 -249 186 38 46 135 217 227 293 -40 -60 310 -454 156 -393 3 -173 342 238 -367 393 83 289 38 -304 -104 -412 -357 253 484 -288 -122 -62 149 -120 100 191 377 500 179 209 186 58 -167 312 -210 124 12 402 -47 -233 -148 -130 15 -43 -305 119 -311 247 -136 -374 -269 -260 -110 28 128 -300 285 336 39 -350 -150 91 163 369 78 -263 11 -158 -81 -13 -169 -32 223 55 -293 -253 -106 183 79 -17 160 112 -59 -37 -253 200 -42 182 436 -69 -25 178 -55 -199 82 -224 -70.94500000000000000000000000005023466244]
[191 651 166 -987 -739 276 -552 623 581 811 814 -48 -450 804 482 726 -279 18 178 443 -186 52 -118 -41 54 144 496 -7 304 357 -232 4 127 -309 -208 146 583 -102 79 428 -68 293 39 -223 193 -201 -71 108 300 -498 160 -16 96 195 75 -64 13 129 -242 -172 -16 -156 411 92 -244 -118 15 69 21 230 19 171 125 133 -191 -304 -32 112 -87 421 -219 140 -103 66 114 70 1 354 111 79 -28 417 49 327 45 142 -324 105 -412 211 293 392 -75 358 391 -160 -44 85 -96 -221 199 98 -63 -125 -63 87 -188 -71 -232 157 369 10 265 -82 -163 63 54 -87 100 183 -245 456 -255 348 102 -82 42 159 12 498 120 -251 260 -153 -610 34 316 -86 -127 -1 -282 -164 103 -183 129 -41 116 101 207 132 9 -320 -233 38 404 169 -27 -680 617 42 264 -260 8 216 -22 -366 148 -140 -183 -334 510 -71 62 402 -96 -18 124 118 620 -255 -63 -7 -400 5 -76 -216 301 -260 -45 242 -237 42 15 -184 -327 -136 -144 107 108 -127 105 13 -354.7250000000000000000000000000239813715]
[84 -483 -289 -1 949 -774 -464 897 -1001 -879 -285 -619 56 -496 -39 -446 61 -435 -13 -342 -216 180 -344 -36 -327 21 206 -243 139 -136 195 -287 -245 -47 53 9 92 38 475 287 -233 -322 -7 -135 338 -54 100 -222 -156 192 -68 132 476 146 -88 -34 -130 -24 -228 117 75 217 86 -180 -39 302 228 211 -182 281 -510 -2 -99 760 -223 219 -66 59 -41 91 294 16 -120 25 -88 247 -153 90 -337 -87 581 240 321 178 439 -148 108 156 55 100 -75 -139 -585 48 194 -105 -29 -41 156 282 18 407 185 -159 50 365 112 -262 14 -173 -273 203 -338 87 86 -97 -16 -57 175 243 -93 -266 -30 -116 -118 227 194 90 -70 147 -226 -1 -87 -91 -210 93 -42 -137 171 -258 -3 -175 119 -59 29 -294 280 262 -1 151 350 -7 67 249 182 39 -14 96 -240 -121 129 -25 -28 -430 6 -152 10 123 5 7 25 -163 -469 393 13 185 -392 288 -297 -317 215 350 254 -205 -16 268 138 -349 50 -234 -486 192 -90 -163 126 -127 -142 -55 25 172 244 11 212.8350000000000000000000000000055535808]
[-372 -15 927 -685 161 360 798 -482 -359 -757 792 740 -355 499 -782 94 -652 -246 -139 299 321 19 -130 50 167 -15 -145 256 66 -4 169 130 170 500 -280 -30 -56 28 -236 226 123 -91 -479 63 29 402 -643 218 86 120 -319 -19 -213 -388 301 403 -157 77 -44 66 -121 209 120 -66 -51 -157 279 413 -219 539 -234 -101 -4 456 61 -302 35 204 -54 -70 -233 -15 -63 -227 -165 -26 61 -69 -2 -500 228 65 69 261 -30 285 -37 348 75 -176 -31 -213 66 -169 103 352 145 14 165 -321 40 -442 -104 290 -12 95 82 -285 12 84 -14 -121 -310 -134 -30 205 -48 55 191 -370 157 459 105 -42 -74 -73 -48 467 -67 -327 -42 -170 57 -259 -223 211 76 -433 -59 215 495 -344 134 -433 209 305 -366 -41 43 -106 170 -302 242 -301 41 -277 -27 161 -185 -202 156 386 -86 -100 -136 -25 50 261 -124 143 -118 206 121 207 -62 179 113 -185 0 -196 -148 113 -411 112 238 262 90 -374 -212 232 -225 18 41 -325 328 -253 125 156 6 -82 -41 78 70.94499999999999999999999999999974756451]
[325 -921 129 -1002 672 -6 -80 -389 653 596 -712 877 -549 -757 -53 -11 -34 500 -332 -152 -133 237 239 -93 43 -328 -76 241 79 -40 -169 76 -485 -133 -277 -50 6 59 206 -189 -300 329 -370 -198 -132 -236 10 359 108 -263 188 -129 -149 58 -273 119 -101 -161 175 6 -427 -223 -334 235 -405 -534 165 -100 384 56 -224 -167 -81 -78 15 48 204 -6 -72 11 -290 -41 -171 -59 -7 -379 243 188 37 131 -59 362 -39 -172 -100 -60 -28 211 -155 -106 84 -189 48 -26 -103 15 238 251 -112 -42 -399 137 -20 220 272 107 37 377 260 -225 -177 239 357 265 41 -2 174 -200 -94 -305 4 364 -45 -93 43 122 192 -299 -113 241 267 183 451 101 -50 152 -204 54 -136 149 -202 -138 77 453 206 -226 -236 -287 -64 -86 -227 451 -300 301 32 173 -59 -416 214 -18 -192 -301 193 -239 152 -118 -40 94 -41 100 -534 177 390 128 65 -51 88 54 -143 -185 -65 -334 -483 194 99 351 -91 54 -299 -70 386 37 -187 -200 -228 -39 177 392 -193 157 78 -380 -141.8900000000000000000000000000121169035]
[-705 583 -296 -190 -278 -169 823 11 -698 -973 -500 269 407 835 311 476 24 295 188 -115 -151 -351 138 530 478 -143 29 123 -129 -14 189 -60 -69 65 47 166 -13 195 -255 -57 -49 156 -330 -26 225 160 -117 337 -4 -66 -390 -242 -228 -148 -11 180 70 130 -458 -135 -43 101 -117 -7 293 -337 -197 -69 37 69 -290 179 -594 11 -387 153 672 428 360 -150 -113 222 -69 15 131 -71 110 -222 -53 5 -145 135 9 -184 -411 -124 -264 221 266 231 -240 129 226 -322 -48 222 156 -95 -17 -143 230 -505 -108 166 83 -16 289 127 -146 -31 -126 -253 311 -69 -157 685 -172 39 232 -327 -3 -356 69 174 258 -340 -271 -63 -146 -43 -17 247 38 184 -43 -101 -196 217 -43 29 85 210 366 70 -185 -22 70 -107 358 -12 -68 172 -115 113 -345 -243 -479 190 -247 82 -194 -76 -342 -88 84 -246 81 202 -58 319 -25 121 113 -275 -40 -151 291 65 71 279 -157 -39 76 177 278 84 -387 -283 54 49 -247 534 -216 -51 31 -54 217 -32 -71 134 204 -158 70.94500000000000000000000000002499111348]
[-443 557 -251 -964 -421 47 -948 525 359 -278 -238 -433 358 734 51 -472 203 194 -282 343 277 183 -11 16 179 267 -461 178 339 146 32 58 -33 112 -351 -163 -185 168 -342 4 -4 -61 -139 -94 70 34 -254 6 -296 -79 -10 -311 -147 -24 87 -111 217 -114 384 334 132 -58 -233 -202 -345 32 -23 -46 -44 -210 -47 -222 -51 -198 231 -550 -40 139 45 -4 -311 241 302 -155 72 282 -292 161 114 -210 285 -84 -151 337 53 161 72 8 -10 147 -58 -143 175 71 -121 9 -129 267 622 -231 -201 247 -180 77 -43 155 -72 -184 -135 -241 272 -73 -264 -130 -108 -117 113 244 162 -75 -97 687 -65 -55 -211 61 29 123 462 9 53 165 141 -105 214 416 161 -338 -4 255 137 -73 76 -409 -51 86 -529 -9 -205 -333 233 9 95 244 -102 -80 161 -254 -209 -76 423 251 216 163 3 -273 279 -205 49 2 101 78 -39 -8 -190 12 -152 -65 107 -346 -18 -47 -191 187 223 89 -91 303 -369 -50 66 -20 306 50 138 -303 178 23 102 -42 93 317 -354.7250000000000000000000000000997120184]
[667 613 -686 -110 1012 674 235 846 325 -93 888 -278 -31 991 614 -343 -114 -387 -221 91 -136 163 -456 415 -6 -27 350 -118 137 -100 312 -189 334 -99 159 27 336 -119 -104 453 -310 86 252 166 114 64 117 143 -210 -253 -2 -111 362 41 -125 86 -12 -17 -411 -108 283 -228 144 -176 39 -229 -9 193 166 138 231 -10 -99 106 -196 212 -231 10 -162 -145 99 156 -385 -53 -314 450 -455 -289 -163 412 235 196 -94 75 -365 303 289 129 -78 79 -193 -14 5 -32 -58 130 212 104 20 5 -226 -26 257 -267 4 -357 -70 68 -92 115 51 87 289 -294 59 45 270 -64 135 51 134 479 -70 114 219 109 -408 133 -12 -42 -195 -226 -165 -222 -157 39 311 -504 253 123 187 -203 453 -102 -193 -310 3 194 -349 62 -124 131 -47 172 16 376 -100 572 -227 -100 13 -263 -45 -338 20 -333 92 -100 196 -63 -14 318 -97 291 -121 -78 184 -45 143 -96 -17 262 -98 -350 -97 9 -148 -445 -176 57 54 376 -157 -23 12 55 10 -428 -204 -20 145 160 -70.94500000000000000000000000003130200072]
[132 851 346 -187 -652 473 -720 -414 964 37 1005 -32 -201 65 183 660 -16 -1 -201 419 192 -120 -10 68 385 251 -134 -85 -433 -100 160 190 546 148 195 163 1 -517 -421 -73 -102 75 89 155 32 279 -200 282 -108 -107 -311 141 106 -20 245 66 -39 165 -134 -30 231 47 267 48 -79 365 175 -333 -233 83 194 -126 -257 -355 269 -222 46 -107 -18 -22 70 211 16 -226 -59 371 -390 322 -198 -299 -193 -208 10 275 75 347 -118 16 321 40 -335 -133 -350 27 -371 -108 -394 -232 -159 -13 162 -164 -212 89 -221 -299 -113 -35 380 19 33 -353 15 -203 -53 83 120 -17 159 -277 339 -322 99 172 63 -490 -102 245 -131 -463 -31 -136 -189 58 -235 -373 264 167 -141 125 -88 321 42 -478 7 -82 -255 -307 -119 -191 -407 -123 -10 -57 -182 -113 -118 381 -37 202 166 182 -337 -207 107 57 40 -423 -90 46 216 533 -195 -128 16 -12 57 19 -102 15 -236 -181 -108 131 -438 0 -254 -173 -106 98 221 -164 191 -60 -139 362 36 16 -176 14 -335 -98 -70.94500000000000000000000000002499111348]
[-815 -945 -955 416 -151 -596 -427 -382 -674 -367 -93 -400 660 494 656 -150 101 341 622 -108 393 -389 -44 -197 -344 -89 229 453 127 -101 -79 -131 58 7 -6 85 282 -301 -66 26 -158 301 -54 -114 -64 260 -19 -126 80 -190 87 290 373 148 333 32 331 169 -120 60 -34 130 -91 96 183 -457 -272 -94 -17 -49 29 -24 -39 -531 43 -307 -148 28 -231 270 -486 178 212 -72 17 -304 -96 -47 314 45 -278 245 -8 151 -701 383 -447 261 -114 219 140 97 543 -143 -171 138 293 443 -119 -296 -2 127 32 248 -80 101 315 605 345 214 -68 107 804 423 -51 -159 -190 -227 130 130 178 205 -471 47 106 -6 -150 -236 71 -159 -257 -16 -136 -5 52 -55 65 -257 -124 -40 17 55 66 -31 -82 4 -329 137 -98 -227 -29 -330 -53 33 107 65 54 -5 119 -78 5 -79 -310 181 -49 -157 -148 -258 -216 -51 -52 157 -43 141 -199 74 258 421 464 36 1 175 -295 113 8 175 76 215 52 108 -86 220 -189 -59 116 501 269 -40 -35 -16 27 142 -283.7799999999999999999999998435142302112]
[-320 727 -867 221 -349 -162 -253 -431 476 290 -693 -790 562 -303 -589 598 -34 132 16 -118 -41 -230 25 -13 247 57 -164 121 -198 -19 186 157 301 325 59 45 -476 268 164 -106 409 48 -329 367 -40 -143 -120 -166 -168 347 215 -140 42 192 82 155 -419 -324 -187 -86 65 363 -124 295 136 408 127 -58 -304 76 -574 502 29 -294 -122 -430 393 -16 165 72 176 -93 228 58 423 35 -290 -26 62 -343 -131 -136 120 -36 169 1 35 -128 311 -392 328 -67 210 -230 -96 -193 53 -509 -50 -10 205 275 -578 168 -119 -245 -19 181 66 -378 -90 -380 -243 29 6 -79 -518 -19 -228 -310 69 -472 -23 -337 95 -368 80 184 -329 -378 -190 396 240 276 -18 -251 -120 158 -184 -63 109 402 -115 -91 -94 575 68 -317 149 -48 -75 -186 68 -271 -34 -388 161 52 -348 -157 -446 -136 8 -48 -187 349 28 88 -71 155 207 -635 37 -186 413 244 251 -106 222 305 -105 -646 -7 -39 -150 -348 67 -307 -55 -87 -221 -574 167 174 90 -315 40 75 37 -51 -103 -152 283.7800000000000000000000004000839978372]
[-269 -542 -19 35 -425 -214 343 657 -733 264 -345 -269 -380 -617 -560 305 -27 -28 206 -74 -314 -64 -36 367 510 190 167 57 62 347 228 187 261 -43 340 -300 -129 173 202 -17 -27 210 272 101 119 -24 11 168 -55 -161 30 -342 -58 314 73 -206 -149 -187 -279 -32 98 -76 -109 332 58 40 22 69 324 -46 48 194 -16 -317 -143 -357 343 52 122 -85 99 231 227 21 27 47 -728 9 147 239 -154 100 134 -86 -282 -238 131 208 169 187 49 195 -157 -134 -78 -149 99 -186 -59 33 326 324 -195 368 -23 -292 165 210 -298 -309 202 281 128 -125 168 182 -133 -68 -244 152 398 216 -60 -93 226 -63 -175 -160 -92 42 -360 116 -385 81 123 -21 72 -177 0 48 118 161 298 -129 -337 47 60 682 122 -255 -274 -109 -307 15 -427 249 -97 58 90 128 -459 -403 243 -79 -276 -139 -193 68 -26 143 -114 67 -101 -113 -207 -201 241 47 203 118 76 12 -31 160 -227 -133 -86 -293 136 -148 -193 175 -193 -16 -7 -8 -77 -423 -92 14 92 245 0.1357093192469811029085904885427282806631e-24]
[860 28 595 795 531 81 -411 -194 -248 -952 854 -960 -956 350 707 81 -130 275 12 166 168 -516 -252 -207 -106 38 -3 62 -195 -132 -365 -119 183 5 345 -2 152 -227 -192 -113 -21 -80 349 262 294 351 -42 -327 110 -23 -50 354 29 -553 181 274 -285 93 -345 -354 187 294 411 -77 288 -266 -10 -75 -291 -264 -35 382 -101 165 47 -146 -324 46 -86 212 54 -148 187 65 4 -184 -198 18 193 89 -302 151 -221 -72 -37 281 -37 -63 73 45 -152 183 225 -163 36 -111 -2 235 230 -73 218 70 -114 -46 108 53 -6 -12 -91 193 -241 -52 176 -295 -472 -70 -103 12 -54 5 -200 3 -70 -153 -91 -4 -16 -265 -165 -107 -302 -470 -419 -171 -140 54 67 -118 219 -73 265 595 -278 -129 -58 348 -99 -235 -19 288 33 -273 151 -362 238 303 -130 74 -145 126 -255 66 -131 91 127 -94 17 -189 -241 140 22 -81 -218 -30 -30 -398 129 45 347 35 -231 -6 72 -19 133 -187 -471 -18 365 -431 16 -149 19 231 -295 93 244 -3 51 -350 64 -32 70.94500000000000000000000003095464948538]
[-564 -402 -7 145 -649 798 -987 277 219 -964 416 -244 870 93 -164 727 215 -151 -414 36 -91 -24 440 178 -120 124 40 206 69 -248 164 1 -75 271 73 197 19 106 -382 -246 6 -76 -338 25 15 71 315 29 -327 25 -103 -93 33 143 15 200 149 215 80 -17 -93 -420 -40 -32 189 -722 41 -63 94 -202 326 60 194 -396 16 -332 86 -125 -87 182 -324 28 -58 88 -4 68 42 61 -32 35 30 253 71 -188 -616 -91 189 40 -62 -152 -160 184 612 -273 542 300 63 56 268 47 155 84 95 93 2 -307 116 4 -72 -81 -135 -43 368 275 208 -218 -57 138 -144 53 492 -361 -114 -141 444 157 -42 -109 -270 -47 181 337 136 151 177 476 -284 -281 64 512 -14 298 139 -15 200 84 -6 35 496 -170 62 71 -237 106 45 -446 284 -31 -177 -244 -294 -233 209 -147 -155 -193 -352 9 319 172 -21 -60 -167 -321 133 152 153 -134 13 180 -358 -183 2 332 303 -211 -69 100 -239 191 -31 89 -130 185 336 204 175 -122 136 -12 -386 230 283.7800000000000000000000000000620991305]
[494 921 -517 904 181 273 -381 -894 -529 -719 839 -943 -334 -861 775 408 -166 -273 403 102 263 163 -252 218 -36 159 -181 183 312 263 21 117 172 187 -312 -52 401 -62 -89 -43 199 -159 107 -384 -140 446 -292 329 -54 -131 -119 -332 439 69 138 -97 -354 -137 -113 196 113 -27 214 -11 104 90 -80 126 -103 61 346 -252 -15 216 -21 -201 -480 138 -129 115 207 121 -86 -158 311 105 174 90 -177 -158 -238 -123 -102 180 -56 506 213 -127 -387 -214 -290 178 -137 556 -37 350 -249 1 -205 -22 -39 -176 284 72 -184 -17 -177 41 -240 224 -21 259 -208 17 -103 184 -49 -315 117 233 -90 -184 -521 59 153 -275 326 252 405 -108 -120 -208 64 372 128 -169 586 -509 161 -14 206 -150 -168 -252 -142 177 57 104 358 -3 160 -243 -90 -73 121 -219 -154 -320 338 -63 530 74 -118 657 -135 -27 285 -37 -12 -77 -13 -252 42 -310 148 408 51 268 -205 288 148 200 -105 396 -332 190 228 -288 -273 231 154 -442 12 200 133 -512 -47 484 174 -517 17 67 -425.6699999999999999999999999886262665774]
[955 317 218 -495 753 245 -7 -629 -405 266 201 -73 -861 630 155 600 -242 376 -414 308 268 -156 267 244 -90 9 188 -40 154 -377 46 171 34 280 52 190 87 -18 -16 71 -62 389 -152 400 24 -353 257 -106 263 24 -193 240 -199 40 -152 163 355 36 148 -85 77 -354 -72 -446 -98 -233 26 -856 -407 -74 -275 291 148 -283 -61 -165 -138 -21 -73 -215 -128 -14 59 82 -168 20 47 -84 -265 259 -15 44 270 327 -538 -43 -25 -129 -440 -169 300 -279 325 -289 247 -133 58 -1 294 -306 -193 -88 -400 0 81 -32 -80 286 -19 -67 18 -357 -35 -86 -54 -123 -27 37 -90 -159 58 -284 145 -13 23 36 454 -220 147 155 12 -93 -30 115 -82 366 -292 530 111 80 -119 50 97 -118 -445 16 -35 -385 62 281 43 532 17 137 24 -20 79 58 -293 14 308 -44 -309 -92 491 -139 -4 -210 -45 -193 396 49 233 -180 246 -248 -100 -184 67 29 -316 -189 -10 -372 251 -38 -272 212 -190 -42 232 49 27 -85 -261 -194 435 365 233 -22 -28 119 -70.94499999999999999999999985202837440677]
[16 -418 -705 971 -610 910 12 907 815 -558 937 325 645 231 193 -206 -439 -291 -7 503 -400 45 64 308 291 344 18 -168 -192 218 19 -32 129 -179 111 -8 116 58 -101 -111 -266 -46 173 -10 341 30 -98 -36 -6 -196 -275 99 -146 24 350 22 -112 9 -153 -326 175 144 448 -131 68 109 -31 -303 7 -105 259 26 -347 389 -326 245 -167 -24 195 86 117 4 67 364 -120 -166 36 -339 -9 -75 126 163 -210 -62 -78 109 -116 226 -73 -187 45 321 -84 -338 141 -20 -96 -197 24 152 208 -209 5 -3 211 -12 -26 -242 -270 349 71 4 50 -388 -139 174 -130 -12 -197 71 -79 -421 487 242 -59 -137 -124 28 -158 114 57 -122 97 -29 18 136 230 -96 120 16 -100 -34 271 -231 -272 12 -36 156 296 140 -253 -139 29 44 76 -45 -246 27 129 185 172 -183 -128 56 -58 34 -21 -203 -3 -149 87 306 -519 -253 -235 -302 194 45 -157 51 -110 20 50 173 -15 -86 -61 -426 109 43 105 -114 103 104 -279 -280 -183 -60 75 -197 151 248 -0.4196487580286112081012664214163532250268e-24]
[661 259 -591 53 570 713 -217 -793 -605 -594 -12 383 904 -579 477 -1000 -74 101 -210 226 212 127 54 -445 253 -17 25 -213 12 -152 -32 322 38 44 -505 -89 208 -115 160 -59 574 -168 -287 -258 -38 200 60 -254 108 -264 48 -98 -40 -168 56 -179 -126 15 283 -4 -173 616 101 -25 -23 60 -308 165 -227 -280 -85 -52 -278 420 -62 329 -24 -242 212 151 6 -4 -22 -203 92 -452 237 282 -188 22 -195 137 -7 58 186 -309 -374 170 -246 105 132 84 -163 580 -415 -42 -190 -20 -174 216 -9 110 77 193 144 -182 -12 -286 -84 -101 -57 -37 300 -120 -299 -54 229 303 -294 -52 -141 229 -143 -158 -95 -31 62 57 466 44 105 -182 -19 94 -240 -370 -4 92 162 38 -463 54 153 -50 213 544 45 18 -249 -139 -20 -270 153 107 -6 -11 2 -7 301 192 -322 -118 72 208 -82 85 95 -97 -206 -61 -17 113 -251 -51 -154 -89 -21 -76 244 221 -65 -337 -4 -175 -86 -63 51 -81 321 6 89 10 -201 178 240 -152 162 -245 -294 -196 -71 -528 -212.8350000000000000000000000750924899833]
[-849 -857 244 -39 -152 451 445 468 779 376 431 -1006 -395 472 492 663 -317 -385 321 326 202 229 231 268 -12 62 -187 -51 395 422 -146 -420 155 141 -232 -213 53 -192 -198 404 -258 162 280 -21 88 -36 -425 -128 -166 -109 -93 172 -67 124 183 223 -199 89 -173 -71 68 -33 -85 -89 78 20 167 -2 95 -36 162 31 519 545 -252 -32 -120 69 -491 182 113 6 -192 -4 -13 -57 -447 -237 63 178 -6 66 208 256 -26 344 -58 -192 -316 -52 93 104 -157 37 -10 136 -222 152 46 207 357 374 -122 -91 -265 19 -46 27 -95 132 -1 89 -253 -372 -4 94 -179 324 -77 275 -414 369 -265 -106 -17 81 -74 20 145 -40 -114 -280 100 -97 -96 -237 -181 -205 -87 168 200 -46 1 -97 108 -138 -48 441 413 -59 330 -1 179 86 59 155 289 -234 -253 -62 157 -218 271 -187 210 -162 176 196 -360 -126 31 -144 -204 198 -84 95 -183 -62 93 -11 513 -112 1 -39 -147 -214 444 152 291 95 -126 -318 201 -142 -626 -458 -80 194 125 -32 29 176 -0.1728678233265116429907045508818086432257e-24]
[236 247 -371 -193 -266 -387 -597 582 109 279 -534 306 770 787 55 -718 511 324 -134 -177 -220 95 90 17 81 -47 -85 -75 109 134 24 -145 -173 -452 195 -179 -168 -163 643 -26 -36 128 286 338 -362 -109 253 -224 -382 236 224 -83 -339 254 -288 -182 101 -232 -343 -354 -109 -139 9 28 -93 158 113 58 391 -159 168 -10 272 -315 156 90 -295 -206 269 248 64 298 -41 -167 242 -14 146 -66 249 402 -117 134 -165 -28 159 542 -70 -539 194 27 223 -47 352 -148 14 -77 3 -54 -58 295 311 38 -84 -364 -522 73 351 -98 -23 277 212 105 15 162 213 223 -470 -137 384 161 -254 107 -123 -249 -142 -216 339 -33 -231 -167 2 339 -11 262 253 -122 107 62 -312 -4 258 251 -101 389 -399 -144 252 188 184 6 -6 -55 160 -115 -90 402 -62 -248 -176 -255 58 75 141 11 -155 182 230 -70 -61 -133 386 -411 48 -72 -179 455 -2 84 273 -264 -27 -259 446 -347 -214 -333 46 -18 20 347 -33 -315 360 268 -42 30 -76 -63 -109 -173 -52 -288 -70.94500000000000000000000052209313818874]
[-991 235 588 -319 -473 -629 -220 317 979 781 -118 -261 203 771 -816 -464 212 171 496 7 110 438 -215 -191 82 264 74 -147 -15 242 450 97 124 145 -164 -158 -324 -107 -291 161 410 -5 -185 261 234 285 -387 -218 -193 41 102 97 83 -524 -348 236 1 56 232 -196 -59 273 -116 -279 -258 -86 58 -18 -380 46 -336 -155 -117 -97 -134 164 -56 176 303 262 371 347 258 -15 346 321 10 83 93 -214 -18 91 92 238 -1 -25 -86 237 116 -80 -77 121 -34 255 -22 390 241 -168 198 -94 -105 199 57 108 -155 -81 210 -73 123 -173 222 79 -213 27 -112 208 -134 43 70 -165 -427 290 169 62 -271 -103 105 415 297 -63 76 -43 138 160 -210 -131 -31 -298 94 201 164 -99 155 33 23 100 -76 -7 11 159 70 -92 526 -126 145 -136 -76 -385 -278 -68 -5 124 148 61 -299 -341 181 143 137 -51 105 -730 78 306 236 -69 222 -283 142 -90 183 267 -62 119 348 -30 164 -131 -111 126 -186 -133 285 0 64 -113 -93 -49 53 116 366 -245 -283.7799999999999999999999998431608205256]
[-778 -247 -450 -191 48 970 214 -830 176 -326 -278 893 386 -228 218 751 291 -396 -299 -340 -409 143 64 -148 -170 -4 88 -103 -63 -56 326 -142 262 148 220 -185 -19 -14 -31 -84 54 416 -78 427 4 -26 421 -310 -314 91 3 17 173 -55 52 -144 356 295 -182 -10 -280 74 91 -20 87 350 32 173 -132 -136 153 20 11 2 117 243 245 -148 -370 32 152 296 -129 175 -178 16 -19 166 26 240 109 -137 78 65 -186 -280 -67 -42 243 91 -234 87 -204 184 -5 191 -80 -167 -22 137 392 333 428 -179 -250 -449 -67 -209 64 108 202 -81 124 90 -296 38 222 435 -283 127 -210 174 -16 31 -41 237 -408 120 119 -36 -112 24 -503 242 385 -171 -23 -280 -65 29 -131 -27 -80 289 -102 -163 409 309 -133 -156 -170 -62 259 -61 -99 114 1 473 -178 -135 -107 -95 5 -279 -170 -12 -76 -5 285 -126 331 9 -333 114 -270 146 -108 -255 138 213 37 341 470 -319 188 -336 221 173 163 30 -154 513 -129 -58 194 563 -158 -522 -29 34 -121 -145 -212.8350000000000000000000015448728850422]
[244 966 837 -211 -907 -672 617 506 266 294 699 -79 465 468 791 643 -273 -272 284 578 -143 -312 -139 -143 41 356 216 -59 77 40 -169 107 81 56 333 -291 426 -20 77 206 -131 54 329 -229 353 59 -105 -91 264 -422 -373 324 175 -78 494 -330 -128 214 -369 404 148 -128 160 -29 67 279 101 100 50 102 166 553 237 305 20 199 -268 -80 -548 259 150 -824 -124 337 -198 -331 -448 -202 159 -74 59 -65 -111 -320 -48 8 -171 180 -189 -157 194 350 92 243 65 144 340 -129 -89 46 -316 257 -58 139 58 152 221 -367 -159 -194 76 294 144 -247 -38 -95 225 -125 82 256 -76 -110 180 -1 104 114 94 134 -123 -34 -345 -64 41 -457 120 -7 116 -146 20 9 333 -364 -32 -194 -43 -126 -79 104 -60 9 -178 -36 224 -202 303 25 -21 79 320 130 171 -33 -269 342 67 378 128 -149 -241 -88 -299 63 -115 -14 -439 68 -131 181 -202 -227 306 7 -265 0 -408 264 13 -224 1 -269 90 -316 33 444 197 84 -523 407 -25 -279 90 387 354.7250000000000000000000000796484457009]
[232 754 -98 256 185 258 818 -12 391 549 -523 -678 -578 861 -768 125 -276 -96 114 19 283 -307 37 -87 118 116 170 77 142 -145 -78 15 117 598 35 -202 269 -42 13 8 42 120 100 -350 -102 -66 -279 250 -160 -444 -398 -45 80 -21 226 140 183 168 -9 374 112 -299 72 -199 83 -163 -50 273 -282 89 -306 37 262 197 9 -512 37 151 29 -150 -119 -275 30 54 -6 -40 -21 147 250 43 15 245 -86 -146 -213 4 -435 -83 -384 47 -60 21 87 129 130 183 -210 475 22 -292 -174 -140 -595 204 -21 100 -141 197 -62 -92 323 -12 144 -21 155 -141 368 212 226 148 -197 312 144 116 19 -169 154 -112 6 -268 -125 -33 102 77 -10 304 -389 -159 -398 249 112 37 -19 -208 16 -78 67 17 263 126 16 250 -172 149 156 58 -85 -236 56 86 277 -5 -25 318 41 -360 -131 -161 364 -16 -25 -122 -15 -74 26 228 -169 143 -85 -109 67 54 -535 70 -43 -171 -184 -17 -422 -156 66 -289 -182 49 -250 34 112 380 -287 57 -300 238 -141.8900000000000000000000012994490435325]
[-43 567 -890 -393 -104 -9 853 -838 356 -33 -668 -500 -718 399 -40 -668 42 231 162 140 187 269 184 -30 -330 -158 -100 183 124 -171 -137 -231 108 398 -279 -219 -223 -131 11 211 -281 -21 148 -161 -411 95 -408 -149 -24 123 45 48 93 195 215 442 -63 85 -50 11 21 -39 -305 -83 -67 -45 227 48 -132 94 -478 -173 213 314 -568 -409 -332 126 -708 -30 -175 262 -59 66 -76 -143 -260 -335 -3 284 126 93 344 120 -204 476 -67 -67 252 -161 -110 -591 218 -152 -116 54 -265 403 285 -83 209 180 -107 259 -36 -165 181 256 -213 117 -289 -82 3 204 -13 -159 -163 142 119 -120 25 456 -120 -225 -200 234 60 -231 -277 -495 -240 128 -6 -74 337 144 -81 -29 173 121 -11 84 -106 176 54 14 -202 143 206 121 311 51 130 276 313 38 332 61 -329 -85 296 8 52 67 277 -105 -57 56 -79 312 -250 -8 85 49 -28 39 -85 88 -67 -59 120 198 -87 -105 260 -121 315 272 59 211 164 233 341 -37 -184 -140 -40 -43 0 179 -99 150 -141.8899999999999999999999998260335774224]
[-888 -938 332 912 -965 -847 -232 962 -863 50 -141 -244 -899 -782 86 706 424 -124 30 -572 5 413 57 22 265 520 -276 -6 257 380 578 217 -25 214 -127 314 -177 221 -29 320 454 271 -340 38 423 -277 -452 342 -160 -96 86 115 189 -100 -190 -16 -32 -88 108 185 154 -19 -7 22 -299 -77 84 38 -51 523 -265 157 127 181 106 -15 30 184 204 276 -63 -37 -201 -214 -16 499 126 186 -99 -192 -286 261 317 -290 38 109 284 -15 148 -38 323 463 -199 203 130 102 311 -274 131 -78 -360 356 -76 35 -111 -15 14 67 53 -251 178 299 -152 143 -45 151 44 -235 275 467 -78 -124 -232 -12 -288 -4 -53 21 142 92 225 305 53 38 275 20 170 -212 -116 214 425 -266 -40 171 -161 -109 2 11 43 -74 -237 194 69 -110 138 -46 -106 -477 -3 -120 13 -186 -72 -77 -566 -18 105 100 422 -58 -182 -484 48 -32 271 102 -44 -125 -14 -29 -29 126 94 88 -80 250 275 -275 -313 -160 145 -185 61 -186 -80 -57 -218 416 128 195 234 45 212.8349999999999999999999998642583690103]
[-488 662 299 190 966 -797 -30 -447 884 -997 563 -190 230 150 856 848 137 -117 -403 -327 -193 -422 -123 -167 -59 -189 173 -137 69 -323 66 -113 -383 263 148 -70 361 -346 100 -512 -157 225 -63 46 3 346 438 22 -307 410 -310 -240 -12 -214 95 288 -65 86 -158 213 -194 -153 265 -163 165 -233 190 190 322 -421 300 399 68 289 343 129 466 -62 -160 -202 45 -187 428 263 -258 -130 -6 -57 -132 264 6 203 -143 -155 -122 -177 97 79 83 101 -223 343 -287 -169 403 196 -74 225 -26 236 255 -77 511 -41 333 -1 -283 -71 178 -279 -55 -24 182 1 -39 62 276 -27 -140 -140 135 -319 327 -92 150 83 88 -410 -244 -82 -123 55 -410 203 278 263 -215 -375 -208 125 -137 275 -398 -286 581 -307 225 -53 -35 -114 -39 -144 -173 -284 -188 28 -18 483 -331 196 -287 30 351 -412 99 19 -170 176 267 363 -138 -75 -357 162 -248 116 -194 421 -434 10 -260 -119 -37 235 132 -219 -366 -170 197 -281 -357 153 -424 210 435 411 62 -138 -76 -54 -457 -227 212.8349999999999999999999988655541521133]
[507 872 176 175 869 -967 -415 944 543 -827 635 -909 -324 -868 -661 -255 190 107 -195 -272 -123 67 -68 191 22 -244 -86 196 -47 -191 -99 6 -45 -311 224 -118 -142 30 585 -207 -39 441 -34 534 -176 -124 78 -184 90 -148 437 -43 -20 99 -1 -92 193 152 -98 89 -240 -254 163 297 54 244 73 -60 156 -201 48 197 380 -517 391 -183 51 -48 57 -279 26 495 -42 97 -482 -230 47 238 28 80 -136 -195 -150 87 -178 23 78 -79 266 4 281 -294 -320 -406 118 -178 72 -324 -38 -107 204 107 94 297 496 116 -99 456 58 243 -49 156 -102 65 167 -137 4 -455 -155 -127 301 14 -76 -92 -115 56 143 -130 -201 181 158 -68 -339 104 88 -22 -116 44 -38 15 223 184 -81 13 -110 -287 149 -165 207 -270 -155 -13 -190 -332 -234 86 -66 126 29 -13 26 -163 372 114 -205 60 -32 -12 -11 -335 92 283 -81 -66 58 8 78 84 118 -166 -171 459 134 -172 140 6 58 198 39 238 -141 222 129 -225 4 285 28 -95 210 -55 149 174 -70.94499999999999999999999961413316894108]
[-46 991 377 471 152 937 249 314 731 789 291 -351 -83 611 -572 358 -39 323 288 338 285 348 -270 -223 -286 192 -294 170 -60 -113 -213 -161 -238 -190 -225 36 324 -215 -372 -305 -89 -266 85 -176 -181 210 -128 -297 203 -251 -116 64 143 -186 178 274 129 -259 -100 -328 -108 222 13 -194 19 -204 190 -72 -71 -59 -81 -224 150 154 189 -135 -509 -37 182 550 -150 330 225 -227 82 -438 -284 -23 15 -181 109 214 -20 282 -256 8 -296 -105 -279 -15 -203 -263 257 354 -360 94 155 198 141 98 -197 376 0 -261 -211 -128 514 -368 84 -297 -49 76 338 -40 -126 47 -33 -136 -48 404 -106 417 -76 -170 -163 150 88 108 110 258 -10 -15 172 -179 97 -127 156 -581 -100 153 -135 144 36 142 178 -202 -399 -95 -72 -58 447 -434 224 73 144 520 -27 42 -12 90 -323 263 -135 324 -81 -151 -131 54 -218 106 -185 -288 -242 322 -227 -562 -118 -402 359 -23 172 90 -74 147 144 175 70 9 270 90 -44 -111 26 -19 323 153 -39 -244 -77 -290 140 -32 -283.7799999999999999999999990724752705609]
[-316 -395 -790 -938 -1008 813 -239 681 -406 -891 974 -799 -817 725 -51 213 -59 -164 209 71 -289 3 76 161 278 68 47 -151 10 268 361 -157 339 -81 92 -267 -238 237 -133 162 -38 -58 -128 -224 339 14 56 -139 143 -213 1 138 -207 168 -90 48 -128 69 -354 -297 -169 -204 -227 -307 165 -98 -81 -378 -256 -259 -291 -73 -135 157 -266 91 -63 -13 173 295 -316 252 -236 60 338 -261 -9 -358 99 58 -136 -45 68 -160 -74 -42 -104 328 64 46 387 -113 19 -45 -83 232 330 52 -61 1 387 476 -242 271 179 222 366 142 -274 134 -245 -85 219 -208 30 210 -393 194 167 -173 -113 94 -2 21 2 54 156 -301 18 149 -176 -6 188 283 91 -239 -61 91 41 237 -78 371 213 -1 -79 -64 -97 330 -17 -354 293 -182 11 138 89 -132 -52 -407 124 -8 -388 -409 213 184 254 -297 71 261 -364 19 -120 -368 -254 235 -169 180 226 -38 303 249 54 -182 -112 -14 101 49 165 -255 278 6 100 355 132 5 -227 35 67 -80 -61 -60 198 -186 -141.8900000000000000000000009367560428609]
[-342 547 897 223 -881 465 328 -837 906 -806 722 407 -287 -482 799 357 -236 -50 31 -339 294 163 -128 -326 -199 -135 397 -108 -219 -196 -136 96 -416 355 -258 -180 11 -556 245 -346 -171 -32 124 355 -290 96 123 -262 401 233 -69 16 -15 -162 -264 -47 74 -336 40 111 -72 -133 134 -42 180 -362 182 211 20 -4 -54 -222 -241 -234 270 253 -249 -382 -17 -108 168 400 -28 -189 34 -156 140 50 62 -54 95 -43 66 56 -231 -143 -166 114 -333 -145 100 -227 117 -263 -24 104 490 190 -143 15 -322 -379 137 -31 -185 -79 341 -126 273 -274 93 14 67 112 18 253 -77 -167 104 -279 160 -94 -149 80 103 314 -176 -156 94 31 -57 -312 265 -24 -297 195 -78 185 137 -218 -472 19 71 50 -14 -200 -53 34 -11 -37 144 116 489 -54 -45 -25 49 192 -143 191 -6 20 -198 94 148 72 -253 44 -114 29 41 -518 222 451 127 120 286 -223 22 42 -157 -32 276 29 75 -28 -103 34 265 165 -199 142 153 -43 -27 -78 155 -209 -27 61 -78 -304 70.94499999999999999999999989393266569211]
[260 -10 -628 773 -216 -426 -392 888 -874 139 -510 662 580 -476 925 -544 84 -144 297 -393 -74 66 -250 33 -1 280 -98 94 56 275 192 144 184 349 -211 29 -140 -147 -183 328 137 28 -53 -122 37 -48 41 30 19 -129 296 -383 276 -135 -63 58 -122 86 223 166 154 -55 -239 58 -274 361 -203 -304 -168 -42 88 -73 -128 -455 342 200 -16 -17 -11 262 -270 401 115 62 328 143 -34 261 -21 42 -59 -60 79 -101 -127 -18 424 -296 99 266 -35 -63 -36 94 -188 -165 9 201 53 -209 -137 114 67 -78 -136 -143 28 -152 152 -279 410 -234 324 -79 -73 -36 250 87 -121 422 247 -77 -267 149 298 -139 141 -318 -82 234 -101 209 262 255 13 322 149 -38 198 -287 -535 -107 136 348 -43 183 44 321 -266 -88 -109 -101 -191 291 -287 212 6 32 251 7 128 -136 214 43 -67 -184 -107 55 -136 175 315 -227 -24 156 -119 8 12 -203 152 -158 -65 61 -42 -72 153 58 125 8 175 77 -154 5 -402 -453 120 -17 329 -221 -140 -55 246 -25 -141.8900000000000000000000001489742993582]
[217 281 -118 -716 235 476 813 53 837 305 246 344 291 -44 893 -321 22 -55 -205 -352 429 -88 66 -469 17 261 307 -248 -42 -239 10 245 205 603 -4 126 -354 -48 368 207 120 203 -181 73 -86 -265 -465 148 140 36 -75 -122 -3 279 -353 314 -31 50 -157 6 -91 -159 -230 -137 -26 346 17 -223 -342 -197 -331 -4 389 320 219 116 180 -174 -6 -307 1 -118 -224 -155 45 -166 30 405 -302 -8 -256 -27 340 -257 -147 -192 285 -200 79 -368 260 -39 -231 8 -223 -248 22 -139 -124 -88 -59 83 -294 105 -132 -30 -150 226 38 -263 -125 14 -167 -252 176 -167 -168 143 -209 -100 355 -150 -35 -151 71 25 263 -439 -357 -152 -210 104 82 102 73 1 -275 212 -124 29 -205 19 -151 485 189 194 162 -131 -66 -14 -154 228 -150 62 -178 136 -65 16 -240 61 -139 -57 261 38 553 79 -224 229 -14 157 -162 -140 228 332 98 18 -166 -198 -27 36 -76 -347 -111 -187 9 -156 20 51 46 -214 59 -327 -18 -413 -67 116 124 156 -39 119 -353 -243 212.8349999999999999999999999252467833148]
[-768 743 63 -81 -123 -444 745 -340 695 706 -651 -34 -61 -83 -904 -418 20 -45 -52 -452 583 -417 241 -40 203 -51 -184 209 34 54 -238 144 -34 -176 -149 134 -195 210 -27 -288 634 -144 -48 -154 157 19 38 -128 -55 244 295 155 198 -58 225 -307 164 308 415 -126 -336 224 420 33 96 206 -32 28 66 -133 33 -84 -118 172 450 -48 -131 -7 202 -277 -147 52 -5 147 7 -468 192 18 -141 -380 98 -112 -421 192 148 -286 -184 13 111 -257 721 126 -61 51 -106 137 47 18 -44 343 243 451 -163 140 176 374 -210 -106 0 207 -188 116 -138 -127 -93 -190 -169 -396 25 -117 39 140 307 -17 -160 -40 221 -84 225 89 311 -4 -410 -160 349 -7 21 2 -63 -51 -13 96 -126 -36 222 349 185 176 -193 -83 -310 -760 174 -410 150 -353 -79 -156 26 -188 25 380 97 398 -387 86 39 223 -124 -373 -232 76 -229 95 -147 109 116 47 186 124 593 103 184 -25 7 250 19 69 97 59 0 180 44 -208 247 147 -158 6 105 -227 -64 129 -141.8900000000000000000000005885907046198]
[-949 224 4 974 793 837 734 565 614 377 -350 775 -863 218 -636 374 30 339 479 -70 15 -287 -61 119 21 -265 30 224 -201 -63 -144 -269 -254 -424 59 -300 116 -218 249 55 -252 154 236 -107 -220 69 420 15 140 -254 315 326 -341 -19 -190 -4 -70 -65 245 -311 -218 398 24 405 74 -479 -123 -104 707 -209 418 58 -19 -327 -86 150 34 -82 84 35 -238 151 130 74 220 -261 -104 -178 399 41 84 69 -596 1 -25 107 -151 -32 23 32 100 76 83 -390 112 -228 -32 -135 -12 83 132 -219 -14 112 108 -53 -220 117 370 455 50 176 -210 208 86 -250 -139 -272 -72 -36 -284 -13 -11 -127 -115 -71 101 -11 -55 231 -11 -50 -23 -147 -192 -107 -160 401 -90 -234 -333 92 78 84 -151 -250 115 77 61 161 34 -297 -82 -190 -152 311 -80 -145 451 -136 43 126 354 16 -213 166 0 -17 -256 -284 269 131 -162 215 -140 -154 424 206 -57 -116 251 142 63 254 -163 -285 19 146 369 157 11 156 -47 -1 -355 -88 -50 70 -146 32 492 -93 -141.8900000000000000000000001394574813976]
[125 -337 -810 18 -758 -885 -690 272 -882 624 -244 -993 786 -446 -102 -555 107 -221 347 -290 426 -53 -265 -337 -187 118 4 -140 -202 -60 -147 -79 52 26 -73 91 -153 -155 -23 -291 172 75 3 -231 -417 -7 225 -30 140 -294 200 120 245 226 8 -203 -94 -278 194 -167 86 26 186 -324 267 238 -185 -207 -68 -354 273 -5 408 168 40 375 -442 -145 21 54 34 -15 54 153 262 -114 300 7 42 146 -156 -239 -201 -78 88 -65 -28 -582 -321 -4 64 -23 -71 243 -295 -120 -437 -204 -201 -42 -338 31 34 -215 34 -58 -211 506 207 238 -155 -252 97 -80 -95 -358 -27 -67 -95 144 -372 -327 -141 144 181 24 216 -232 80 3 -65 -257 96 186 105 -448 52 530 -235 -161 -549 205 -556 97 -163 -84 408 -295 -60 121 83 37 -204 74 232 381 67 101 511 452 -101 -157 -25 226 341 43 49 -322 -51 -219 396 -160 -14 -190 85 -177 -207 -43 122 433 -30 -52 137 -229 -79 -225 -84 233 190 24 525 -284 -21 -135 -296 61 92 109 -141 -23 -511 -195 -354.7250000000000000000000011653229996768]
[169 461 -922 557 -482 -709 938 -899 410 878 -393 963 -692 648 678 706 -113 3 275 -157 75 -429 260 -101 145 -272 -13 -67 26 -116 158 430 -311 -159 -46 -177 59 149 398 44 146 261 11 15 -138 49 -233 -5 213 -311 -110 270 -277 -239 -254 -16 -169 160 -85 -252 -166 355 -217 170 -69 -123 281 -14 364 39 -246 -88 195 214 -98 386 415 29 -170 -81 171 98 -73 -120 -41 -472 195 266 43 -145 -105 172 188 -39 43 -127 131 408 -28 85 -74 -156 -256 261 -323 -48 -228 -394 -74 -6 40 -450 -137 150 -119 -250 -438 -147 65 48 -241 -15 -441 144 -174 444 124 -113 132 -363 8 55 9 -137 -314 -77 154 326 135 216 -151 326 -387 205 -6 -386 -81 213 -38 -39 -238 13 -51 225 -139 20 185 270 34 -76 -153 -143 -82 -181 -175 161 -133 -194 164 172 -75 -152 -19 -103 69 -233 -88 -51 -170 -345 -242 -141 319 -17 236 -179 -120 -78 12 370 480 -70 6 164 -204 -112 -197 -89 -180 -202 296 28 -41 -115 -226 -82 59 248 377 22 229 -373 -70.94499999999999999999999948811737249746]
[978 -893 685 398 -628 404 -807 644 300 504 625 140 -289 690 -960 -685 43 123 -419 -160 482 161 190 -272 235 -135 -447 -159 -216 77 -152 25 -239 -400 -382 -148 -427 426 -99 -39 270 -399 -249 -193 139 65 -517 174 -151 274 -19 -150 63 59 -259 201 -112 186 217 -37 -152 414 -107 147 110 -106 -7 242 -85 194 -271 -233 -358 70 -73 -165 159 29 435 -203 -28 272 -228 -68 194 -86 576 -91 -293 -104 105 192 -277 -103 560 155 -123 29 196 -171 193 -170 -8 220 -303 152 -97 117 -44 -159 155 110 -346 116 -135 340 -135 75 -3 -74 -59 -97 -370 56 -180 14 -172 -86 27 154 -280 -65 -110 -10 -340 -23 74 363 181 -71 126 -76 -140 -84 -5 -65 -34 -215 -111 -23 218 -113 212 -2 110 341 72 -170 -36 372 215 -231 287 36 -80 -354 -217 -419 -190 -380 -158 215 -244 202 -351 -141 322 231 -177 82 -189 -7 217 96 258 235 44 34 -9 57 155 131 71 -42 -204 162 -71 188 -94 -272 -89 -238 57 -50 -156 -35 76 200 -161 -8 323 -221 -212.8349999999999999999999986283342115825]
[459 952 42 -881 -59 -143 -528 692 -741 357 961 -856 -768 -43 -306 -473 -325 115 458 -552 96 -97 -148 209 47 26 359 -12 239 98 -50 -135 -273 46 -65 241 381 -104 -212 145 -161 -169 -2 -256 613 239 -50 133 351 365 -341 -306 -127 -110 -13 78 -10 -148 -26 100 -98 34 -202 -49 52 -10 -56 -43 -147 501 -364 149 -785 248 -194 348 445 178 -202 -154 89 111 50 234 419 174 13 -338 -132 -101 157 81 240 134 91 -497 -403 268 24 94 188 573 -126 74 -57 245 477 346 -24 179 94 121 73 -53 98 485 206 -207 -72 -307 234 46 259 -15 -452 242 -51 -147 415 -114 -71 -328 227 212 288 27 -290 -15 204 346 -226 -167 29 38 -135 360 -2 -118 243 -53 -19 -137 185 65 289 121 -91 243 -72 168 188 141 268 -28 -24 -14 -155 36 -239 99 90 302 -112 15 171 114 42 339 98 450 -46 94 53 411 -106 70 377 -1 -56 -137 188 -297 120 56 71 37 -91 -221 416 -49 -327 139 -398 -228 120 -227 -84 84 196 40 90 -6 -70.94500000000000000000000001964553954813]
[928 -379 663 -755 -327 476 -689 -644 457 -215 477 142 -562 1002 -456 -37 103 130 405 -339 27 110 -43 -44 -95 -32 394 71 565 -144 142 -56 -326 177 -191 539 314 -117 369 392 -253 199 -135 29 148 24 78 -98 264 44 336 72 73 -169 -265 71 -105 -106 -247 -45 164 -93 82 -185 -327 -271 -35 -474 -214 -35 61 92 -95 -285 -154 401 -233 102 -112 390 74 69 -95 -228 -207 145 -202 -196 -161 291 -449 20 426 -170 -207 -162 438 -311 -399 109 146 132 16 16 159 -77 544 219 88 152 -507 35 95 -202 168 282 -38 115 85 -298 349 133 374 85 70 -185 123 102 -251 234 -99 153 -483 79 502 54 -87 -408 94 398 -73 -241 214 385 -515 173 163 -62 -106 -238 -330 -280 204 579 51 -68 30 -34 -249 282 90 332 -115 203 105 469 -157 -78 -166 -96 -125 -185 165 -61 40 21 -200 359 -277 502 67 -439 177 629 128 -148 -62 -166 193 4 -166 -251 71 -383 -26 -267 198 -74 257 205 66 -260 -407 -103 -162 -87 263 -76 -237 159 379 -372 212.8349999999999999999999994797486311439]
[-77 -270 -825 26 -974 356 647 477 -252 400 -259 395 -634 34 863 -381 -703 -230 251 43 265 -67 -48 427 27 16 -21 85 91 -257 -144 111 409 300 369 291 372 -248 -107 -72 194 -212 229 68 -53 -61 -1 113 6 -322 -236 -253 -116 18 307 374 -80 57 -409 52 115 4 136 43 345 -73 -283 -97 -243 -2 -228 182 25 -93 -25 -33 195 145 262 -523 298 62 -213 197 -115 68 -135 -14 -72 42 -668 343 207 -40 -321 -700 -179 200 -51 42 -199 3 -169 118 -412 101 -212 -297 -51 -161 4 -96 -255 113 420 -165 -89 564 -97 -385 -291 214 233 -262 104 290 194 31 -139 -41 535 -17 -39 -124 39 -79 -63 -31 -244 51 -136 -96 -256 111 -56 -400 -234 -423 372 207 158 318 80 8 87 61 149 168 46 -160 23 -28 32 -131 -308 -123 177 293 -192 412 -103 -357 -6 -260 232 -68 -58 205 166 -161 -378 276 -168 -596 162 -311 267 -218 98 109 -16 -14 -39 -83 -127 137 -167 -70 -175 -228 159 386 -479 71 -157 -105 211 -256 -11 41 -214 32 425.670000000000000000000000069405623272]
[-32 482 605 -175 689 -997 -683 -561 101 128 828 828 1012 -153 158 -98 -196 -322 20 137 -2 -340 -42 -402 16 -134 -213 -209 -173 -199 -109 470 374 145 154 -272 -365 49 -273 152 16 -20 -59 180 -72 116 -621 -178 -220 -360 191 141 -111 -438 -442 120 -545 -48 78 -40 13 143 -336 340 -188 242 -132 199 68 -112 -219 294 -17 183 97 148 37 -43 -225 -112 315 84 -207 -239 55 166 143 441 -91 -116 -220 20 -82 -216 61 -195 276 -212 80 93 27 -215 -228 131 -253 -16 -213 -98 13 96 -462 313 -136 261 165 -386 -75 263 -61 -517 -203 14 -406 -219 -28 98 137 228 -540 10 381 229 9 -264 -252 134 25 -2 -120 -289 -176 11 -219 -91 151 -34 11 82 26 102 150 157 98 91 -207 81 -16 61 -152 -135 -348 39 39 -36 -174 371 90 180 -67 50 -527 -402 151 -177 -75 -247 -120 32 -52 22 -107 -52 106 -383 139 -350 -410 -179 -204 79 183 -38 -300 -360 -243 -312 -331 -258 47 -210 -17 -36 -191 -249 -161 337 96 -45 59 -45 70 -91 -70.94500000000000000000000083309366146307]
[410 -368 -499 -306 -721 321 -98 100 730 -116 -163 436 959 576 -92 -280 -253 -297 -55 394 -14 314 -2 103 161 255 -193 143 218 294 146 -25 24 -125 49 -173 -185 197 269 153 366 -114 83 3 227 -174 -305 -193 -253 333 84 -96 -413 201 472 -268 193 -345 -18 -129 239 -53 97 15 15 411 130 534 -169 554 -193 -125 470 219 -144 -176 -63 73 158 48 441 -222 334 120 -80 -49 51 -280 289 102 133 -59 -31 79 109 -57 111 17 -104 -115 258 -97 187 -186 -112 76 220 -78 249 -360 111 -8 -376 -169 -417 472 -82 -114 94 117 8 199 189 57 148 504 112 46 309 232 -231 145 234 183 -310 -204 -159 364 107 -210 -156 257 -46 187 343 195 318 -321 -381 72 750 -264 38 -114 -499 388 -380 350 -297 150 142 209 99 -168 45 11 62 0 -102 -50 39 -92 -186 15 -380 53 -72 43 264 -158 19 -143 -95 143 -51 142 -91 43 248 -357 -257 -96 31 -336 -85 171 192 -210 -164 130 -276 -233 130 79 110 -79 -74 99 -79 194 -318 289 -70.9449999999999999999999996440215309181]
[625 -1009 902 578 654 -555 -18 -883 322 -25 -429 471 -431 -526 -853 384 -267 26 2 -282 -374 315 -159 191 -394 -194 352 133 218 277 287 141 -59 2 -51 238 132 209 230 209 123 87 -323 313 -83 -194 46 60 -60 361 341 -171 -23 93 52 187 -478 -281 155 107 -81 -28 -423 -124 -401 181 59 244 -78 326 -617 20 111 -321 311 190 358 -132 51 -223 -59 -7 -140 -178 136 -83 -22 262 -122 -394 249 -145 256 59 138 307 274 117 169 111 -318 -253 -421 210 354 -201 -14 -16 -268 -17 -280 344 226 -181 69 -29 137 -161 -159 -574 167 25 -28 221 108 96 -201 361 -154 -142 335 185 -91 -320 -54 -332 -41 42 17 413 -16 424 758 192 -441 -182 90 -116 151 -355 -137 -94 -44 -8 369 5 -108 -124 -171 -421 269 207 -87 -65 -323 85 279 -122 -363 -48 -336 270 624 -509 278 39 113 408 134 94 -296 -303 315 29 424 144 154 256 15 -293 -1 -509 -228 42 -88 297 144 -166 339 44 -577 -137 -213 -261 255 -295 90 145 -124 -160 276 58 354.724999999999999999999999250044452447]
[66 -564 -385 -673 233 -320 408 367 81 168 -660 -604 855 993 -672 768 -352 191 -329 242 -58 139 -62 -11 -4 -44 171 97 192 31 -214 -171 -88 359 -255 -285 300 -362 234 -29 -113 -145 33 -237 -120 -55 108 140 -58 36 -347 -37 59 62 464 86 -126 41 -67 229 75 45 87 -202 110 -294 88 151 -200 -52 59 108 389 130 -114 -503 -172 -45 179 -68 -276 -403 215 47 -108 -109 -156 -81 -287 432 -183 235 -256 -114 -211 397 43 9 -109 -192 43 -7 80 -228 146 -14 -288 244 -102 -62 294 -62 -67 143 38 388 144 -80 -139 179 -234 14 -72 2 55 -45 -85 72 126 108 186 49 50 -173 18 -215 291 -591 -304 -356 -75 -364 127 -179 -29 -66 -70 -122 135 21 222 143 -417 -274 -30 279 -8 -102 -91 40 303 90 -167 -111 -156 -28 183 -59 379 90 74 160 54 175 144 144 184 30 -528 339 -231 7 70 -46 152 81 -65 664 45 -218 -191 262 -264 81 -36 107 103 53 282 28 69 -358 -248 143 38 -105 -132 71 -339 69 -390 12 141.8900000000000000000000000295975562929]
[576 546 -708 674 -874 -162 350 114 -396 -457 283 -716 -85 -458 -850 1019 -265 -244 -232 -23 76 35 -45 -115 -39 -504 53 425 304 172 169 100 205 32 368 -507 -120 -198 259 -5 152 -13 111 30 -405 239 102 34 -94 -76 405 -128 -143 48 -168 124 -83 -103 -196 -447 -172 -251 29 162 -326 -210 69 301 220 159 66 -42 198 159 -28 -25 -317 14 217 23 -55 155 -265 -238 38 160 242 51 170 -231 -183 116 170 223 112 101 351 -1 -269 199 -408 -400 -135 227 71 253 22 -4 -113 -201 180 -117 127 -330 -280 -380 -209 169 -191 191 -249 214 -508 -76 301 28 -5 -55 99 96 -288 285 -43 -309 -365 108 370 127 -28 -120 -189 27 -256 -75 -20 -163 -25 -415 -81 266 212 120 81 17 62 223 322 634 393 -241 -11 -279 -203 -176 113 152 1 -253 -202 -76 56 219 572 -301 114 -593 43 73 -75 -290 -73 -430 94 -27 29 286 91 -179 -113 225 4 232 114 250 5 -119 245 -474 -205 26 134 150 -34 48 20 -129 91 71 111 -67 -4 -77 -283.7800000000000000000000010140071087164]
[-926 44 645 -364 -435 -800 251 776 570 265 922 910 -125 -480 -117 -128 -127 109 -56 293 -65 -160 129 -195 168 21 51 18 97 -260 -345 223 68 -23 174 46 -24 -348 -254 -203 -117 -74 245 -365 -74 153 105 -234 37 -108 14 18 220 59 136 115 -27 -33 -172 -47 -11 268 -33 -69 154 -347 -142 66 -21 118 -231 180 -32 118 -361 19 407 421 -37 -248 244 -205 474 133 -171 -209 409 -153 -44 182 -197 523 -272 -249 -343 -25 -425 152 66 207 -281 270 -6 194 -380 33 -221 -50 154 -90 50 -87 -85 -485 -256 -56 -25 -22 -328 -140 -270 -178 123 441 -34 62 307 0 321 -198 241 -54 368 227 246 -24 -211 -84 -363 315 -151 117 -417 -189 31 -144 -121 68 -24 153 -108 5 220 -247 357 126 292 315 -34 278 -276 150 -296 211 -71 -57 -73 177 -176 548 40 -177 -231 166 -115 -395 -75 -432 -131 -48 -249 -83 84 -110 98 -459 -126 113 677 61 -47 170 135 266 72 -73 -173 -224 -66 -173 -213 496 -297 223 -131 302 -72 -399 230 74 -85 -67 -212.835000000000000000000000870365256642]
[-285 109 621 795 -127 -1013 856 802 -397 163 489 717 335 -623 -1009 33 -54 86 -269 323 394 -397 -140 -136 -266 -267 -214 555 148 -113 -224 -282 92 -145 198 -409 -26 -49 130 -58 45 122 102 3 -169 282 151 -116 74 9 200 -7 -326 156 317 0 197 -87 -55 -126 198 -170 70 188 -38 -34 -162 31 282 -201 169 287 -110 -443 296 -44 -388 -47 75 -177 -148 -157 67 -87 -120 -66 -78 -250 478 87 -174 -442 -123 57 -20 -18 219 -180 -361 199 57 -258 337 -236 -238 -27 -5 -68 -5 -325 -346 -264 83 -355 -61 -18 -231 167 -91 -224 -47 121 -456 -130 78 -422 -424 -64 -37 -107 -239 -99 -130 -92 -245 143 -5 121 281 55 -206 -117 -230 -258 226 48 145 20 23 -64 261 -26 -167 -173 -292 245 -43 215 -91 126 2 -111 1 -215 -17 314 -41 246 120 -150 144 463 48 147 71 -38 270 -109 -428 -1 194 -226 273 -275 72 -130 350 159 57 481 -263 291 176 30 51 -38 63 177 317 -179 241 -108 -56 234 3 -214 180 113 -47 -83 -24 470 -141.8899999999999999999999989697723964593]
[-954 680 -747 -388 5 718 383 587 236 -111 -331 -783 -56 -149 744 -90 58 101 -494 -394 166 19 191 -186 -225 96 56 307 100 -370 136 -181 -251 209 20 374 -8 -187 -261 -470 -498 -293 -157 -225 -257 248 -27 296 -305 52 -29 -399 585 -93 168 100 50 -75 164 -238 -94 -163 -34 -209 -316 7 284 33 -386 193 171 -30 -128 209 42 -81 -141 232 -180 -374 -187 -292 193 56 -97 464 -67 -75 -373 -445 335 -158 -173 97 287 109 20 -182 14 21 -224 -74 -207 141 67 83 -126 166 56 106 25 -201 245 -355 -204 76 -360 -70 -92 25 -1 -112 -82 226 -174 -256 166 -78 185 159 31 -247 117 239 16 -16 -329 165 -76 34 -68 -170 214 -182 234 237 124 -349 -457 179 -316 171 -138 -122 490 -302 -73 -304 -175 271 -68 -241 -307 -178 191 -99 -52 70 36 95 193 589 -179 0 266 -84 7 -146 210 37 87 253 -86 34 199 223 -265 302 -42 143 76 154 -20 669 -75 -76 -89 -74 -64 -122 249 -190 -13 139 118 414 -288 289 -34 431 -341 32 -141.8900000000000000000000008729340401849]
[800 -489 190 -712 512 -909 609 492 42 144 -500 -644 -164 702 679 -875 591 -212 198 -512 99 -17 125 -253 -292 -88 284 138 329 -273 -128 -319 -35 25 191 213 -40 267 -87 253 -26 -326 33 -288 28 47 -94 157 -97 -213 -8 66 342 72 -239 181 -125 393 16 91 233 -44 -73 -28 7 -68 -93 -17 -122 -75 -37 203 -63 -232 -311 -190 -171 411 -221 -179 -337 -526 -24 -132 45 209 19 511 -278 21 -136 -110 247 80 -144 -88 543 52 247 511 -128 -58 -25 301 68 -54 -75 39 86 -334 -340 -161 -115 -87 -24 -27 -298 630 -373 120 -45 -45 131 -145 8 -44 221 -151 -72 5 464 -105 -234 -203 229 -78 -268 36 -267 156 82 164 76 -171 -345 -299 -56 235 306 -36 238 165 -180 -67 397 226 375 -190 137 -114 79 163 -253 124 259 127 205 40 -91 -68 -233 31 -91 -292 198 48 14 -181 35 160 -124 229 275 -273 140 -422 115 7 -105 308 -135 -343 -123 -161 -119 -2 -246 423 18 -101 106 253 -262 -350 -121 -63 254 141 41 498 -225 369 70.9450000000000000000000011893306244864]
[-965 398 -958 -67 546 -127 581 634 -290 -662 -261 -818 -827 -936 35 280 -194 187 289 -639 55 224 -370 -41 -328 45 246 71 -38 -157 97 -106 -183 -18 -61 254 201 -243 -174 -60 145 190 -312 171 151 19 -118 -29 -73 103 278 191 397 -98 234 183 -23 -125 7 -156 26 -84 378 -120 274 -307 19 -169 -387 -210 -99 -273 -78 391 111 -67 -184 -127 80 277 59 546 -72 -93 92 347 135 -71 -33 -217 -57 60 -229 247 72 384 -108 87 64 -328 314 177 142 -88 104 59 246 367 6 194 -77 296 30 -39 237 188 107 148 219 -55 441 -165 391 127 109 -161 -316 -240 -66 203 4 138 -132 0 171 133 -138 -89 -86 -268 182 -265 313 83 -63 333 50 -237 -58 278 -152 -156 4 -39 232 -256 -282 -434 70 203 -24 0 147 -252 369 -240 -175 -304 -215 -95 110 -128 103 44 61 -119 -147 -11 274 187 -90 -93 -175 454 116 214 91 -10 -96 -281 -8 -181 -351 20 38 -301 99 -668 -337 -19 256 -234 202 -13 -183 153 15 -363 -337 -21 -181 -223 -141.890000000000000000000001161063908095]
[-305 -96 885 -394 -305 -963 -160 -192 -457 434 756 -218 532 756 -183 387 -309 127 -239 -133 251 408 44 268 -351 -127 -401 360 255 -202 -8 -197 -21 -82 -454 89 316 23 -275 -138 -78 125 -373 0 -350 -59 -2 -22 -262 69 199 -235 -228 -219 126 -82 233 52 95 -76 16 -93 -80 -294 -264 82 236 -66 -107 -218 44 -192 380 312 208 -139 40 259 -164 -192 47 -19 97 -259 -173 63 -68 -79 30 -55 47 -248 120 304 135 0 29 -171 -254 -215 231 -301 74 334 -26 -43 -115 237 162 48 -366 -152 116 -319 46 -145 -284 -228 53 -58 387 -171 -86 -81 -249 -334 307 215 -111 169 -363 311 111 -77 48 314 -362 128 284 111 122 -94 74 57 285 69 96 -306 -276 0 72 -273 -320 119 -19 172 -295 -243 -436 224 483 51 175 -51 56 201 -1 -101 -69 90 146 242 210 7 122 61 432 66 202 195 -165 268 103 162 -16 -127 -540 -317 -240 -37 229 60 -134 140 44 -174 45 250 -53 171 207 -139 -227 -151 -9 27 101 -173 -19 -61 -76 34 -212.8350000000000000000000004741425120548]
[-411 -457 975 -202 632 -62 310 559 -170 650 923 -967 -117 -951 -237 329 32 -519 104 80 -238 34 136 61 97 83 -97 48 -227 219 43 -93 395 533 36 -215 -261 -80 217 207 116 21 -139 -397 16 121 -195 309 194 -199 78 65 -206 181 141 426 -214 -193 -117 -52 121 -219 -12 -77 -221 -164 -57 154 156 39 -337 -57 345 -57 90 119 485 -74 -27 290 -450 54 11 57 -164 115 176 26 324 403 -287 318 447 -829 -255 253 65 -32 -52 -151 -327 -114 -24 -60 -263 24 -406 -82 -254 -137 -230 161 47 172 -43 -317 -95 -178 -141 -304 -260 -193 208 -81 37 17 17 468 129 -15 -69 113 24 -82 189 48 -97 -295 -315 52 -175 343 148 206 -8 -89 101 -181 181 34 -238 -19 -121 1 -202 15 95 142 121 -104 -106 217 -274 351 -47 303 197 -339 88 96 -169 -153 -91 -483 88 -376 73 -91 -140 287 -258 -258 385 -434 -7 31 252 81 83 39 -427 -78 -11 143 296 277 -45 -277 413 -343 266 -91 7 -359 -283 -218 -95 -128 -392 -121 -84 117 -0.7884065213396045026118114096291833448049e-24]
[590 -405 29 -719 589 -284 204 807 -222 -416 -917 -575 495 -373 593 493 53 -560 -181 -211 -184 -149 85 12 29 11 60 -117 339 115 230 -129 75 157 294 197 -136 -74 -74 346 232 -23 -89 -460 453 103 156 -87 -252 -303 220 157 428 -135 91 -237 177 282 -57 -112 42 -240 107 -390 -152 26 -106 -321 48 201 145 105 -199 523 17 74 -184 -59 -600 240 135 -99 -329 99 -36 622 137 -358 -418 28 59 -53 106 -153 346 210 116 -76 120 -34 208 130 -246 125 -239 450 71 137 77 516 -112 557 44 -262 160 167 -238 -509 -334 403 -246 -281 -23 -44 50 -211 285 230 300 55 -434 -89 73 -86 108 75 40 125 -84 -45 96 -21 11 -25 -127 167 444 36 -125 330 65 -213 50 81 444 135 58 -152 -251 -84 -484 203 -71 95 472 -137 -334 -330 -153 -12 212 -103 -46 -137 -188 -355 170 -283 -56 176 -142 -169 -28 -1 205 187 -256 45 35 -42 191 -79 288 -130 67 78 1 -185 -266 -122 569 -162 60 45 113 -7 -214 -23 -42 283 -361 26 -141.8900000000000000000000003648318865756]
[889 173 282 -506 731 853 218 -389 766 -799 -52 -149 -12 -125 -230 811 -375 -214 696 -586 317 -83 -489 100 -231 -250 265 -30 387 300 -317 -115 -50 149 -236 362 357 136 507 -93 374 -53 66 -242 -296 287 -16 -133 307 12 137 207 175 -106 -233 -118 90 -67 -72 113 -399 41 203 -359 418 -16 -128 -100 -105 -215 35 -529 138 102 1 -270 -20 17 -203 132 -71 285 57 -48 -5 -60 450 39 -108 11 -22 -193 -59 244 161 128 -56 -186 -165 -185 82 -214 -66 242 61 34 214 298 -469 -30 166 278 385 -287 310 349 -368 -110 70 450 29 124 -37 37 -104 77 22 -374 -27 -103 -75 351 -94 41 -32 -54 338 -83 162 114 -39 -218 13 389 -279 -279 347 -361 -15 -256 -387 -28 -63 188 398 84 -219 16 -240 -307 512 -451 -83 -259 177 321 34 -229 267 -187 -39 82 -133 400 -133 -65 166 445 101 68 24 -142 -217 473 -17 203 186 185 170 46 126 110 24 135 -239 -118 -205 -138 -42 141 -329 -164 -269 78 141 -23 22 57 -64 -168 9 -158 -70.9450000000000000000000000487261079582]
[798 -490 -226 201 98 -687 -180 628 -604 965 -164 291 429 370 -461 247 -264 -30 512 419 25 -266 188 281 413 -165 -105 -47 74 61 -180 -30 -23 -294 -174 384 275 -355 -3 -116 -207 497 414 394 -232 -168 245 27 174 348 171 -164 -121 103 62 -233 229 -368 -36 -60 244 -126 146 136 24 321 -94 -149 335 85 7 195 244 -122 186 87 53 95 190 -232 6 -121 30 169 16 6 -48 -157 62 19 -167 -78 -243 218 -26 213 -75 -46 -315 -22 225 10 284 -404 -72 -315 72 90 -473 66 155 -114 -180 -191 -136 480 68 57 329 160 16 26 -127 -2 84 342 43 -331 483 -306 -310 -511 -49 497 282 -394 -106 -142 377 -173 -12 -183 132 531 189 -287 -150 139 -412 277 164 94 -439 -40 -455 -392 -53 117 -298 100 -153 -121 -130 -121 103 102 -25 -215 -50 500 374 -92 -138 87 78 193 368 172 -140 -282 206 -387 -160 78 90 -42 53 313 305 47 194 -24 165 -63 -202 -447 214 -102 65 106 -24 -196 -6 -181 221 -115 -101 348 353 -49 -127 -24 141.8900000000000000000000012081683704676]
[-789 -346 721 208 778 271 990 -528 -319 562 -392 533 -635 -754 225 -343 -341 -101 -67 377 -369 398 160 81 26 -173 -304 27 -64 265 144 174 79 -323 -268 147 -373 257 40 86 225 -24 -36 388 140 -150 -135 -66 169 84 293 -82 -435 218 231 7 -65 82 2 -253 38 131 -22 193 -203 204 -112 -42 -133 -109 -193 -230 -22 -449 -133 -159 355 36 332 77 86 569 241 185 -294 284 -72 56 63 -149 -181 -106 143 379 -307 -175 153 189 38 -15 -100 -164 29 -71 -203 -223 8 -220 -94 -327 244 234 -344 -240 -322 293 227 -169 -62 -82 194 -215 24 -186 119 166 -7 169 -91 -27 74 -37 -218 121 -56 -405 -216 268 250 403 130 56 -23 253 9 -43 54 -346 249 61 234 -150 218 -247 -567 156 -140 191 -34 -265 -144 24 99 75 -614 -185 115 -71 -416 76 -47 -291 58 -282 -142 -163 -178 116 -78 -150 200 -31 133 32 41 -284 141 -115 283 -22 -196 -211 177 2 -82 -202 505 -20 108 -4 -170 -52 275 -106 -114 -102 227 -369 242 141 230 202 0.5230463345977396674601925079250985817225e-24]
[593 -12 983 -629 445 -617 461 318 -585 642 -906 -572 811 -961 -556 -460 81 262 -244 98 172 -261 103 -336 -283 137 107 275 -199 -260 -131 -103 92 -271 73 -141 -309 221 11 186 -26 210 4 -73 -335 121 -246 -221 132 -258 259 171 -132 109 -320 306 79 407 205 -101 -213 -73 -226 309 -131 -344 221 -8 376 38 151 160 313 26 -25 -68 122 268 -335 55 -126 -204 -348 -136 -363 -120 -164 165 182 39 118 147 -122 64 -216 168 -80 -233 -15 -267 200 15 63 40 410 -44 -51 241 216 103 -13 49 -255 301 63 -192 193 -18 135 215 181 236 -122 112 -186 -485 -105 -244 20 210 -28 484 -32 -254 -323 158 -60 -172 -213 369 218 66 -13 -382 84 158 -386 284 10 299 -7 0 29 204 175 -350 109 -2 113 342 -106 239 -145 37 135 307 53 122 15 -315 21 9 507 241 -140 43 86 -84 -129 -116 -213 382 63 152 3 -139 -118 -287 -112 -295 234 502 -10 77 -4 -234 142 257 -127 100 489 80 61 -216 -312 485 13 122 23 232 91 69 70.94499999999999999999999997908546724529]
[865 -867 161 -282 -940 431 720 302 725 51 33 -743 105 -547 -634 518 70 480 -104 -261 394 -159 268 58 263 -466 -253 305 -42 -562 -89 -215 -344 229 -259 10 -218 -233 114 -64 -446 -34 27 -49 -38 -64 -143 84 312 -114 -423 0 -446 -442 0 208 434 209 -53 -16 -148 424 -214 -48 -59 -582 122 -8 -180 -207 -254 -252 -402 108 -231 -131 81 322 107 44 -234 456 134 -7 -377 4 30 -223 -28 145 -250 186 9 3 -437 -603 -496 -27 142 104 262 -45 519 -392 -569 -11 292 348 334 188 -237 -296 -618 9 147 269 298 80 140 90 -100 -167 300 139 14 -173 81 -163 221 -92 -4 83 257 -40 138 114 -67 -417 236 -174 -43 133 -568 14 439 133 -452 -49 -289 384 116 373 253 214 -217 27 -234 -47 -164 35 -129 -4 210 187 -121 196 -166 423 -229 16 -1 -81 -391 45 126 -9 -234 -15 -305 246 -134 134 10 311 -289 -210 94 -157 101 257 39 26 47 -258 162 -292 -291 58 194 1 308 294 -50 -234 36 248 293 -346 8 452 1 -156 70.94500000000000000000000014243016172397]
[-546 558 -656 -886 608 -628 501 -208 -989 518 -635 174 -644 649 850 355 -143 -129 336 -315 -133 6 84 329 77 71 167 190 289 81 304 42 202 328 134 127 72 100 69 240 108 32 57 7 255 -144 -152 -75 169 -207 -70 -62 -127 -174 -107 163 -168 -127 -237 41 31 -2 -13 -58 78 -163 -7 233 -327 224 -473 199 69 517 -1 -159 410 16 -163 -17 -51 -14 -445 -453 -545 143 226 -174 -186 202 19 167 297 -381 -95 206 -41 166 -55 -41 -168 -162 -404 131 202 178 170 419 -231 -232 -113 75 -5 10 259 -149 -52 70 -240 -102 64 24 62 -180 179 425 136 357 155 477 -70 408 -581 118 -22 -26 -244 -188 274 -7 -156 -54 -59 -66 -146 4 -27 -102 90 99 320 -207 278 20 -52 -247 118 -73 -10 110 166 552 -168 -85 67 145 70 -69 -64 -161 -308 -576 -55 -241 27 -236 -163 80 339 272 -496 -59 -24 -90 -18 125 -233 271 138 -10 -59 238 -198 -86 110 -162 138 26 183 -308 59 115 -77 -143 -165 157 -27 259 -455 327 88 -125 141.8899999999999999999999986951225836976]
[264 767 1004 278 469 675 746 -169 -334 367 445 269 -374 401 303 199 -397 -151 39 -280 -354 367 68 590 268 252 -176 286 305 315 216 37 -161 26 -103 -145 242 -115 117 -249 128 49 -239 -182 -235 169 396 272 92 -232 107 -223 284 -55 437 -306 140 79 -63 308 -261 -279 -92 -296 -305 1 -114 -383 443 -223 374 -115 245 485 148 128 170 -162 -32 450 118 -272 168 -132 -31 12 -2 -110 -139 -156 187 222 158 -59 -4 94 -164 -43 -30 -164 -184 228 -166 232 120 196 -5 -46 -25 21 -169 264 178 -233 -124 -263 11 -266 -364 311 3 124 81 97 481 -225 404 29 117 302 -263 -85 142 -31 247 -272 273 247 158 459 11 231 133 -62 225 41 171 -661 -87 21 8 -559 308 8 28 -36 -224 176 214 -434 -143 315 -229 56 -129 -77 -439 -106 269 -55 46 -258 354 114 -353 -130 202 -262 78 -52 -397 514 -255 -163 -231 318 -301 145 -231 -36 268 -244 -82 360 1 391 184 -3 -258 -113 120 -110 -271 73 496 -135 30 416 -145 -152 324 26 141.8899999999999999999999995832537452316]
[-610 202 -276 -631 -392 112 742 991 -274 795 43 546 -874 51 210 19 437 -235 -313 -866 -87 346 -34 112 80 187 332 -70 179 -157 241 -59 -64 246 56 -175 -351 -125 177 -62 241 122 -423 -163 -317 195 196 161 -424 26 23 -58 294 417 -378 158 -138 12 -256 261 -75 -276 -206 -206 -45 -298 172 -151 -39 71 179 99 132 82 -308 -188 -65 -84 -10 -174 -114 -132 397 55 -2 333 51 -99 -22 3 51 273 182 -172 -112 298 244 36 280 -294 17 149 -115 454 230 243 -50 -273 142 -105 21 147 24 80 27 -208 -250 110 -223 166 -284 15 -194 323 188 -24 -97 -126 145 113 220 -131 279 -446 16 44 385 -104 -610 -107 53 273 337 -93 -68 -75 -92 -139 49 -111 -49 227 30 -195 552 80 400 108 321 -105 155 346 -215 -124 0 -296 -224 30 -178 162 19 -181 286 -148 -166 -30 9 -297 330 131 -116 -40 -75 121 408 392 185 -41 -171 -235 -150 -140 274 183 -62 57 -108 -509 -125 105 -81 -221 -231 271 -227 -68 31 -44 36 -29 -124 -175 70.94500000000000000000000164896516407885]
[-327 286 -703 -161 180 453 494 49 -428 759 -206 773 -935 633 888 -904 -211 -258 -57 -317 -127 -381 -356 -305 -24 72 150 220 -31 -48 -7 29 -96 -17 -228 -349 170 28 254 177 -266 116 -66 -179 16 484 -324 196 46 -13 -230 -241 -228 -7 263 173 -360 -92 -411 -46 -117 95 34 97 -52 125 -32 -48 321 -130 -17 147 -86 497 283 -44 257 -133 93 379 -450 499 -11 -374 310 -200 -41 232 76 -87 -182 156 25 -20 -118 15 -41 165 128 9 -83 103 37 263 -575 -276 -325 -42 -71 48 7 244 -80 188 -163 314 290 -291 -352 -127 40 -66 225 -186 -105 228 -313 -41 -71 89 58 150 -173 -277 50 36 184 -120 -55 194 -245 134 -81 33 310 -43 383 -688 234 -34 233 20 -94 36 -229 115 -7 267 237 -300 -49 -264 -7 -254 -208 426 -301 -140 247 51 -99 213 20 -59 295 -44 147 -7 -462 203 -50 236 -57 187 -296 -98 199 392 88 -145 -69 -336 -375 119 -5 31 56 -485 300 -393 99 -230 -136 -412 376 3 123 -57 53 -201 -190 96 0.5068904632588133456853603069081071197388e-24]
[159 -533 46 868 -66 -371 -921 893 667 51 225 -442 136 524 274 -83 122 -203 119 337 417 191 461 366 444 198 -445 -151 -116 -33 324 -81 219 185 -141 355 -494 310 -449 39 -170 -262 -71 -284 -54 -514 -216 78 -256 4 -72 -52 364 380 -220 69 304 -282 426 -9 -24 541 -512 -46 -10 174 -166 22 -156 226 -301 -162 -75 -18 -841 -309 271 303 273 -61 8 -370 14 333 422 -3 436 -129 -476 -100 39 377 21 171 -112 -12 -197 -177 140 -141 420 74 46 -180 -137 -68 -145 -167 29 32 7 -77 -355 69 -269 81 72 380 179 179 -350 -214 -69 184 -285 -253 120 94 229 118 154 -291 123 63 183 -74 92 -122 -82 0 -2 344 116 69 223 -101 -5 349 -263 7 -57 74 280 65 -151 148 -13 76 -123 61 146 -130 -26 630 -30 -449 255 -73 -67 -114 233 -239 -276 107 -320 136 181 187 58 -425 -9 101 -51 -292 110 -78 -192 -61 27 156 292 -155 128 -105 -108 288 146 412 -378 392 -114 295 -291 -399 19 -19 -2 115 257 327 -64 -10 -283.7799999999999999999999995777501466858]
[342 -28 221 -627 -337 -881 248 -428 819 -545 874 699 -995 357 -116 794 340 -40 -94 313 70 -55 -13 -111 -31 -54 14 -94 83 178 309 162 -145 151 -16 -150 -32 195 274 -93 270 65 -134 265 97 -98 135 -140 -135 478 436 -79 285 -37 -410 9 -217 -177 343 68 -165 -186 -172 -125 -77 508 -206 -153 98 190 -197 288 -459 -138 89 336 -11 -364 61 -350 -201 30 4 -72 -17 -240 62 -71 -188 -42 -25 -601 168 113 345 196 256 -300 -76 -132 363 -134 -268 -74 156 -123 136 -148 -197 324 -116 48 359 -44 257 -164 -406 144 -26 -404 68 -105 -240 -36 -294 109 41 47 -140 -470 15 -241 307 61 -175 209 -47 211 667 -112 20 -117 39 203 65 149 93 315 -130 -188 -124 8 0 -20 207 65 245 37 -96 23 -78 -67 -48 -291 -30 -529 -20 -180 -402 -222 236 628 163 -111 -227 -79 -52 209 122 43 298 -476 167 46 463 335 34 -80 -69 255 42 -611 98 -256 -10 -238 104 -127 118 97 -142 -55 126 206 186 -338 -3 3 -100 143 160 -19 -212.8349999999999999999999994983278831837]
[60 639 -966 -542 631 -439 91 218 647 -508 -839 -421 820 148 102 309 408 -4 -201 2 -308 176 -19 56 1 -677 51 -499 115 67 -20 -250 381 -92 -4 -296 -64 -282 -28 252 160 41 -355 185 -21 260 232 -359 -164 -180 351 144 165 -355 -30 213 138 -75 -300 100 -17 149 -308 102 59 71 -438 -78 -176 -361 -73 -3 -12 47 26 271 127 -254 -160 218 272 -22 -91 -415 -38 -51 273 132 -178 423 -334 -64 94 -265 54 306 211 -329 192 77 -316 -83 -49 154 -140 220 -350 23 -266 112 400 200 401 -52 76 -430 95 -223 34 118 -216 -318 -263 118 -161 182 -213 280 -158 -36 -80 404 92 -368 -141 -159 -18 11 -148 -266 18 -22 -213 -28 -167 -324 2 134 -18 -9 -230 192 -155 84 72 -149 -248 -49 -241 -102 -21 292 29 -94 -147 -181 -135 175 -341 -425 -308 8 216 12 219 -155 121 192 -286 34 -96 -33 151 38 17 206 -248 -3 -14 173 26 292 246 -470 45 40 25 -292 225 149 -83 76 -59 365 41 139 145 -246 -353 -116 246 -549 -283.7799999999999999999999993273341409325]
[523 450 -783 -667 -114 -393 77 -677 972 -487 167 804 784 -347 78 59 -234 -308 -194 349 141 -619 -87 265 -200 151 -65 224 175 -126 -61 -110 546 110 402 192 148 -111 404 74 -17 259 96 -33 116 124 -157 -271 -33 -103 266 171 76 248 250 332 184 -51 -451 -251 -51 -203 449 -122 91 187 2 -331 -136 10 29 383 424 34 284 -94 -169 200 -200 -114 -20 -327 68 86 -495 -260 -308 93 -76 61 -170 -22 373 174 -376 59 39 -265 -164 -159 157 -54 -408 -30 39 -62 -246 -311 107 -202 27 149 -57 -259 212 -274 -356 233 47 64 -459 119 -173 -372 -192 54 -118 9 -16 -261 54 -99 -152 -69 -107 50 104 22 -98 41 -148 118 -321 -108 -304 -329 292 137 -284 -23 129 168 -167 -142 124 147 317 -162 137 -39 -272 -153 -332 -346 250 114 -84 440 -333 -118 342 -157 127 -306 162 -143 299 -151 -255 -197 462 107 -201 -298 -116 -9 -74 239 340 182 -167 6 207 -96 -114 66 -179 -130 -34 135 -46 67 46 -190 -205 129 -156 405 24 -146 -381 149 141.8899999999999999999999988168406659296]
[-899 392 -767 1004 716 884 -249 484 -288 -906 -786 593 393 99 919 -523 353 122 318 -682 -108 178 -172 -107 -245 46 -25 -338 164 76 78 -167 55 -7 -108 59 29 180 211 -71 154 40 -182 -193 396 -274 105 -40 -348 47 257 94 262 -114 -248 -53 40 -120 58 150 -265 341 -15 225 -112 334 29 73 -426 132 -403 347 -97 -214 -250 -450 108 -57 295 233 184 160 684 235 -18 34 -26 271 -1 414 -25 569 233 9 -138 -164 -168 73 -11 -48 578 160 -94 66 135 -105 5 39 289 -164 -92 353 -76 228 26 459 192 52 276 -318 43 181 232 51 -328 63 -295 -251 -207 386 -21 211 404 92 -166 75 85 -356 -204 -14 -33 -24 -102 232 252 86 222 -163 -82 -344 109 315 -24 505 -468 -148 -124 -7 -229 192 14 -134 144 25 2 114 -75 53 357 -121 -147 -8 -60 63 -194 26 -150 52 38 -45 120 -141 -184 305 -246 -46 88 9 372 -43 446 123 8 -393 -115 147 -48 -14 297 76 -567 -139 -421 -23 57 298 35 -287 -345 -14 182 -170 -425.6699999999999999999999985426757817435]
[507 -991 101 -589 -734 472 -168 69 229 -192 728 108 -699 -195 -727 898 48 488 23 -406 -365 309 34 -168 -284 -340 271 -149 -278 -206 -164 -202 -577 -161 92 -50 -122 -58 100 -221 -86 9 -127 -245 46 47 -7 136 198 43 -65 87 -425 -124 82 323 -201 228 80 -204 58 68 139 187 29 -755 130 -200 36 -112 30 30 33 200 2 258 -141 110 -196 -252 -262 -120 -126 97 -13 -582 223 156 176 310 -46 -95 -17 -282 -197 -112 -83 174 247 49 -364 0 -100 105 -419 76 -454 66 48 146 -43 -119 274 146 287 -356 123 -98 -163 119 128 73 246 205 19 266 -267 -35 -121 -170 78 -481 25 -351 -12 45 134 -409 -247 210 268 1 71 77 -56 -228 -300 667 203 12 -505 -103 -548 270 512 33 355 -331 156 -59 -96 298 139 -142 136 56 -23 -144 200 314 -167 305 250 87 376 127 67 250 -165 376 -254 3 206 -145 85 -417 182 55 -180 -33 -491 -381 206 247 -59 143 -9 248 326 -74 237 250 151 102 -232 -106 -291 50 -147 194 -248 -316 496.6150000000000000000000002393007662722]
[-376 663 -542 601 -374 -705 -860 406 -306 928 -829 -887 -931 579 -922 775 -170 -364 251 -296 -356 152 243 106 383 251 41 -64 267 -66 188 -139 141 498 120 -296 -203 406 2 120 -72 -126 -238 -79 174 -234 -3 -184 105 -199 -148 -128 137 -152 -289 -330 -236 22 57 583 67 168 -422 -180 -66 654 -323 -234 -369 45 -63 344 115 83 -207 201 136 66 -13 -17 27 -801 132 142 303 -13 221 230 -424 49 142 -18 -228 -290 -188 -104 232 -150 -84 -95 -117 -14 314 -110 -80 239 172 -273 -216 -199 67 47 -211 240 219 284 319 288 -203 32 327 -340 -354 -134 242 9 168 170 105 39 147 44 373 346 389 -229 194 295 -116 168 -137 -24 1 212 -122 49 -189 -24 -104 187 348 -475 41 179 -464 87 53 178 -152 -271 -5 427 -12 -187 -27 -85 284 -27 218 -45 -77 -508 163 161 32 218 65 -37 -151 0 -132 164 52 -415 67 29 -409 -141 -3 -32 46 -165 -492 -221 -83 -148 193 -109 -311 195 -21 -525 -476 -117 153 -164 -9 344 -80 31 5 -65 -141.8899999999999999999999983897766153919]
[-893 709 833 -651 -142 -786 69 -457 -292 965 994 891 983 -602 -554 -484 -511 -34 386 -425 235 1 -377 -141 -641 -125 257 205 -103 113 -170 156 139 388 -103 -24 264 -370 147 137 461 100 62 114 -439 -26 -366 -104 -15 -368 -132 -326 411 -50 9 -319 -328 -68 100 317 -248 306 -135 203 24 -4 -253 499 -389 118 42 -89 97 341 108 -185 142 -308 -322 -90 191 311 203 123 157 172 -245 143 174 -126 -3 62 22 -65 288 144 -310 221 -98 -60 -545 23 -63 515 -151 87 -176 342 -429 -54 -76 123 147 166 18 64 -40 180 72 -26 221 -50 34 54 -27 -52 -12 199 -204 246 -233 381 -538 234 213 -159 54 182 290 -143 -279 -575 355 290 -388 -152 -203 -672 271 -345 -136 -165 45 193 127 -65 -48 234 -7 -102 144 -238 350 -183 -241 40 197 -46 357 333 248 150 54 519 143 -58 -198 77 164 46 -143 148 -90 -56 178 276 -65 141 36 -481 1 358 -305 116 67 -256 192 33 277 -135 -184 -317 -159 147 81 -101 2 -111 -128 -560 -152 -134 -354.7250000000000000000000007654651840383]
[989 24 598 -830 -921 -334 -210 -72 -995 -246 -36 -349 -976 -450 684 869 -493 -9 319 161 384 -329 -52 130 -307 -324 -175 186 -5 163 -94 -142 299 305 223 258 133 236 -247 136 205 -199 145 -567 -69 83 -234 175 575 173 25 196 -5 30 71 70 316 36 126 -13 -237 -160 -320 -387 280 28 -375 24 -348 92 -99 -387 37 181 -37 166 -160 542 -40 -396 152 121 -611 -28 409 38 547 -120 234 121 -258 -297 103 44 -52 73 -160 -334 -441 171 -69 -158 -140 449 -12 357 255 399 -449 -74 122 -167 131 30 -80 628 77 191 -17 361 -102 203 -157 333 -31 -94 32 150 278 166 -136 -437 -316 149 127 70 323 115 408 -109 65 -290 86 213 377 -12 81 247 35 29 326 23 -128 -167 1 -43 -131 -19 253 284 348 -62 -267 157 -71 -104 -4 -95 -190 -406 258 413 -277 654 139 50 -82 24 221 -9 -331 -141 381 -328 -138 66 2 -236 -104 338 302 286 -82 306 -66 316 184 341 53 -174 136 137 -5 113 -56 222 81 423 104 -151 334 104 -212.8350000000000000000000017213757794199]
[10 -267 -622 542 864 925 300 812 -882 501 -943 -932 594 20 594 -725 358 488 -122 39 -342 422 -390 -249 -228 193 221 156 103 389 213 -240 251 -115 216 26 -141 114 -11 324 149 285 -26 -6 -16 151 -219 41 7 -109 262 -98 162 -143 170 177 59 122 -42 -64 -54 -156 -213 -135 -315 153 -198 -69 -6 202 -283 -74 -90 129 420 138 -23 25 -302 -92 -198 -278 -40 -13 180 303 160 164 127 -118 56 -217 172 23 95 362 33 153 486 122 27 205 -542 7 -129 -87 273 254 -224 75 -128 484 224 -77 318 -81 352 118 35 106 205 -50 211 -26 -69 -254 64 -97 -11 -17 -42 84 151 2 -153 139 31 3 -236 146 14 99 -111 -328 51 77 40 -92 238 106 216 -340 16 -159 566 -22 139 164 -293 -129 -325 195 7 100 64 161 182 -192 161 -41 82 248 449 -42 -12 -1 27 275 164 124 -173 185 176 139 -346 -12 253 -49 -116 -316 -220 57 -352 14 439 534 167 119 -14 -104 237 201 192 -232 216 252 -181 -63 1 368 104 236 141.889999999999999999999997515743975956]
[-437 604 -284 -384 548 -307 -749 344 509 -146 -467 594 -269 -871 871 -334 511 221 332 -29 51 -19 -111 11 -247 172 99 70 -532 -153 199 44 -279 179 -313 107 -123 -206 65 -68 327 137 118 -227 -199 -61 -59 177 -178 17 -169 243 260 -3 -129 -3 -371 48 309 -92 -115 231 42 -94 100 -527 103 506 284 144 422 103 158 266 -107 148 -108 -212 -67 -126 -128 -215 425 126 289 62 -89 108 328 173 384 313 -446 39 261 582 -347 177 189 222 -239 352 171 186 -104 152 -298 7 -523 365 -161 -468 233 265 -89 -492 123 -160 162 150 65 -197 274 -75 -86 -212 237 -58 -40 111 -430 158 -224 52 -139 59 -175 19 186 -466 33 -332 -3 219 -132 -298 -212 181 84 175 -111 267 -329 -352 21 2 248 193 136 131 108 -511 135 -189 340 -169 163 -332 181 200 -1 346 98 114 -56 21 99 -97 150 -107 378 -222 289 -96 119 -286 160 223 277 28 16 -174 164 -19 151 -142 -100 -79 79 -75 69 -12 395 215 -342 -108 -175 -162 -136 -85 -398 -195 -283.7800000000000000000000003528280741708]
[-739 -842 -208 -888 -904 -345 970 650 -865 90 -295 -370 638 -272 546 -118 162 -136 -123 31 66 396 -299 -74 88 547 -332 -174 80 351 -19 -24 238 -186 -145 105 71 140 1 -82 262 -11 -30 137 -46 20 5 72 -77 -115 226 -498 170 418 343 219 -36 -191 -20 242 10 9 -97 192 349 303 -141 -22 21 -390 68 -88 325 -441 202 -88 308 -175 245 365 -188 21 366 283 117 176 4 -109 -397 -308 -188 -87 3 -43 -129 -113 121 -107 435 -193 -65 190 -292 18 242 -207 -146 -445 248 -272 411 381 33 -172 -54 50 -602 248 341 -59 13 -213 206 41 -58 -102 -13 -318 -301 399 372 -377 33 100 100 -89 51 10 -438 409 -73 424 19 57 186 -125 36 -280 404 -70 -302 -199 204 95 556 131 -2 -145 161 -187 -16 -21 -208 1 -268 -163 477 -77 234 198 -83 -180 388 93 18 -22 43 195 288 -107 270 136 -150 -96 -313 139 378 64 -20 94 -320 -103 -113 166 7 26 218 183 -45 -3 -176 55 -199 -109 283 -28 -118 -53 -64 69 -107 276 212.834999999999999999999999598494285485]
[-285 847 -864 -275 827 -943 224 508 -229 175 -683 505 96 -275 -40 -379 -121 -271 -6 160 55 -360 -21 118 400 -63 0 39 138 -25 145 -46 -240 40 -275 -314 -142 76 171 105 54 -130 4 13 172 203 244 84 -44 60 -121 155 -117 24 161 -283 251 -63 238 1 129 -113 216 -203 67 32 154 -183 162 -162 144 -175 -76 -354 200 -21 -326 -19 -125 -29 -65 201 -145 -65 -170 21 -368 -153 -100 -144 57 -545 -251 367 188 -379 218 -2 -21 279 476 -151 -18 -120 17 26 124 128 -81 107 -17 34 -20 208 116 149 -435 -190 117 65 -18 73 -191 -344 111 139 72 -153 -36 -203 -107 28 38 -77 5 -144 -25 159 228 -155 180 -163 36 66 90 164 203 -100 -564 121 5 -37 -98 -422 -193 -345 -288 458 -634 46 110 -157 135 -95 -39 9 -14 163 61 -59 58 157 237 -61 -258 -40 -91 186 -445 -56 254 -21 -280 639 -27 328 -60 153 -323 -156 120 182 -6 -89 -183 4 -173 -222 -108 278 40 -130 157 63 -8 6 39 140 131 150 -11 287 70.94500000000000000000000093083668306358]
[-329 -813 -767 372 25 -321 -136 230 914 293 -905 -25 780 95 228 291 -209 -218 104 -311 -267 -342 -54 1 498 -149 -67 -387 -7 -371 75 160 -417 15 94 -104 437 -126 62 -258 -256 -333 -4 -57 372 -39 114 119 154 189 -278 -89 278 -89 -50 128 -56 -190 -60 319 189 -180 202 -52 424 -29 168 88 242 6 -251 113 -174 154 33 87 308 -122 165 -248 140 0 -136 -52 -60 -261 -94 -294 -566 -267 114 280 -275 -314 -21 -172 113 127 0 -30 201 35 -335 -347 99 188 272 213 53 94 95 -157 -51 137 263 365 -41 -286 108 -289 -260 -62 -251 -308 -11 293 314 -345 285 -247 127 -235 210 106 -6 -96 -83 -176 5 -89 46 -88 -248 -332 -125 282 96 -184 -140 134 247 -53 -7 28 -138 -515 55 -266 -81 62 70 109 -56 -228 -126 -295 -343 161 -547 -38 -24 149 -13 -116 45 -210 -156 199 -232 107 -381 -43 -237 218 328 75 -358 273 -580 -133 284 212 186 -5 176 347 -476 -343 -252 -259 -187 250 -194 -210 19 100 -7 329 -3 26 210 -6 0.6911241945077493267684370429585101469616e-24]
[-377 349 570 215 -986 80 501 -559 -473 300 -951 797 964 -916 570 -506 361 56 -66 347 -310 296 7 -400 124 343 48 -275 235 133 -122 11 -14 96 -238 219 189 86 -379 37 10 325 -310 -162 436 73 -176 56 -10 -201 83 226 334 -36 -72 190 3 11 33 219 7 -56 80 -472 -372 56 -51 -340 -93 40 -253 48 -507 5 21 76 -104 80 -386 423 -301 113 12 -219 -88 21 300 176 -7 240 159 -2 -15 -41 -23 148 -234 3 -94 234 448 40 -139 311 -148 91 33 251 58 174 -281 597 217 -231 -38 134 121 -285 -338 -551 455 -200 194 28 -215 165 0 453 -328 133 -131 212 161 303 33 27 130 95 123 274 200 33 196 -53 -274 292 419 57 -9 36 -437 -369 155 180 191 -177 5 112 -105 119 -219 -55 70 -75 407 380 -184 -415 274 -23 -132 -120 -489 -25 -191 -390 -29 -93 -153 485 160 -236 7 94 -52 -472 -245 136 282 -187 -280 -96 -217 -102 -86 -154 -90 -421 254 -10 -122 -47 -64 73 -191 166 -128 -68 -178 182 218 -155 -141.8900000000000000000000006085835954017]
[317 544 -301 -647 -505 94 759 219 14 -544 -867 -1000 167 847 499 352 -202 -199 -162 340 408 22 -107 -205 -165 160 410 195 -168 -175 51 131 300 543 -113 -84 185 -61 -329 15 236 -507 -4 -296 144 285 -97 152 -136 128 -28 -637 235 148 -277 277 -20 -152 194 -145 126 -258 8 -263 166 140 36 337 -242 69 -186 260 -126 424 178 -201 -494 39 424 -214 -68 202 -374 -164 640 245 -337 282 -405 -170 -27 -196 67 66 -314 211 -110 -87 -343 6 -137 -208 107 462 -87 123 31 28 160 -49 -119 14 -56 -6 -317 -88 179 -502 -532 -613 -233 -98 162 -88 -12 -181 139 71 17 -170 336 -427 368 -83 263 205 -129 -7 76 -136 -37 -219 580 10 -69 183 -26 158 -66 323 218 439 58 -355 346 105 276 -60 2 205 284 -142 1 218 51 106 76 -306 -144 248 21 573 120 354 217 -184 -33 236 155 48 62 -320 -54 51 254 -178 223 -295 1 -355 -205 -149 -151 363 2 -264 -59 -311 42 102 -120 29 -233 -13 448 46 111 -309 230 -58 -300 182 -0.8696655054646104866636627456818325887511e-24]
[385 -837 -538 -420 -558 -368 123 -505 452 -467 -805 -722 187 972 -894 669 -155 -270 261 576 -98 -155 95 179 315 -87 -5 -304 128 145 -83 283 103 -200 288 -238 181 -131 588 335 129 39 392 39 280 -32 135 -450 95 -342 -195 105 -246 -53 -220 98 28 -51 -210 -48 -192 150 307 21 126 47 -27 -210 123 -69 -63 287 -87 364 -331 100 -3 -77 -68 154 461 3 -111 -42 -114 -661 -93 -133 -168 139 -287 130 186 -96 75 40 -146 196 -278 42 158 -3 -53 -115 101 -4 252 -210 -30 39 98 -20 -17 -101 177 -71 -77 -180 -414 50 -379 315 -55 -18 253 181 147 -6 -186 -12 -28 -147 -43 42 59 -46 292 -53 350 345 -330 -4 -222 78 -18 125 19 -14 47 -48 -98 -184 373 45 -248 59 93 523 228 -28 -24 -119 120 -44 -21 204 -303 -95 -65 -127 30 -135 -375 194 -268 -230 -284 294 -41 -301 29 -190 -458 83 -115 -64 -121 145 58 -79 -41 50 121 -307 -59 -253 14 -127 80 -53 -86 352 -73 156 64 -258 19 -11 94 -94 447 -134 0.2067951531382569187178521730174907133915e-24]
[-143 -148 -429 95 -161 -45 -8 377 629 -145 -645 -703 367 -63 -515 -215 -232 237 1 7 343 -222 -243 6 38 16 61 151 79 206 -250 -99 -105 99 -263 10 -82 360 249 130 81 351 -43 -17 97 -127 -356 358 340 243 -440 -63 -44 257 175 183 60 22 -225 125 -41 -12 -214 -328 67 -174 76 230 -74 436 -255 105 145 3 -340 -293 93 253 140 -175 -63 194 249 357 -23 20 69 -203 -61 191 251 5 -324 64 -35 82 -217 -17 220 -95 43 141 78 -30 99 -134 117 86 -131 -259 55 191 -381 190 74 518 94 109 -302 -7 206 -82 -71 256 64 87 -377 -149 226 187 12 114 230 90 18 -227 304 -289 -189 -192 -116 -46 46 -265 85 161 225 -87 -244 -355 272 -67 -180 -292 3 57 125 108 -15 129 265 -150 11 -272 -16 171 -152 -150 86 -107 -98 34 -453 560 -223 134 116 223 -81 281 23 -88 304 349 76 84 85 481 238 -405 -153 420 -37 -73 -109 30 -23 -350 194 -87 -319 -347 44 -116 33 -5 -290 169 394 -142 53 118 -70.94500000000000000000000039284616747733]
[400 -702 549 113 130 -108 392 -749 975 -282 -553 468 696 78 190 931 -251 -36 -283 -90 -181 -217 -134 171 -149 -163 110 -21 -125 204 286 -72 41 246 -85 -410 14 155 201 267 -329 280 -99 -88 74 39 93 110 278 79 -12 210 49 318 175 175 234 127 -271 46 26 -290 86 -198 22 -149 34 -78 -253 -60 71 -288 -178 -353 -296 -251 -200 85 213 107 -76 366 -279 182 -188 289 167 -18 -232 478 177 -203 -229 345 -65 105 199 132 -64 111 109 -350 -99 -246 355 -86 8 -54 -35 -33 -93 -236 83 284 -67 15 56 -340 122 163 462 -209 32 -80 47 200 -45 337 -78 -66 88 -196 -329 76 161 71 162 -89 -206 66 139 -192 -160 -198 -228 310 232 365 -87 -295 -366 -164 21 -175 -311 -60 -60 40 137 -162 -38 411 -240 256 -123 -231 -129 14 -77 -147 144 -26 85 -196 243 -86 58 -328 -378 250 618 -129 308 19 49 275 0 323 55 139 -415 48 147 -76 -222 -73 4 -268 223 351 -61 32 117 -180 -430 -95 126 -174 -395 195 -27 33 -70.94499999999999999999999976276718525921]
[-396 644 -957 -752 190 -344 627 -431 -888 325 -796 -734 379 -368 -427 46 442 439 86 -24 208 -160 -247 -286 -270 410 -17 122 -124 85 329 -326 -261 -531 288 6 -179 258 -107 215 121 -193 -124 -395 -56 384 351 257 -604 161 192 -42 94 69 -291 65 -116 274 -90 -258 -110 -70 131 49 81 118 -203 23 76 -129 53 -187 -122 157 331 123 64 108 170 -36 -203 107 -299 30 431 306 -225 -229 -98 -202 23 -203 -14 57 208 39 336 -107 294 -55 -350 -11 -167 -94 270 191 -15 -154 197 158 165 388 132 -70 22 -91 -195 106 301 28 -195 147 -9 47 169 -2 -346 81 -12 -189 -367 -492 13 -320 -157 -8 -81 148 -434 10 21 216 245 -102 100 69 -69 62 -204 -167 162 15 6 230 646 -99 252 -31 -93 194 211 -133 -186 114 -93 48 -182 46 -247 -86 -174 325 748 -228 -45 153 -84 269 249 438 53 -273 -282 346 -284 113 56 62 -379 -151 68 46 -102 466 74 -31 204 238 35 -92 -242 34 42 -105 441 153 -169 103 -84 109 -143 344 283.7799999999999999999999989810936233001]
[-221 -78 628 -65 390 -61 862 809 -183 -229 405 -279 -532 -908 398 38 -484 -300 -304 161 -180 -131 36 317 86 -218 41 27 -101 -91 94 149 -168 -64 4 19 226 -25 181 -100 -346 282 -35 290 117 -295 -74 -265 12 312 -121 137 25 -30 235 -146 -2 -89 -203 -140 -191 353 496 21 153 148 460 244 -36 238 26 146 2 229 -135 -171 65 114 145 -227 422 59 -361 151 -169 -232 217 -110 -79 -218 178 81 -153 222 216 251 -265 122 -27 -116 148 421 -103 -100 361 60 323 -210 -64 211 -234 -571 103 -230 -171 -68 -174 -104 -152 120 109 6 -273 -113 -22 -55 -212 -174 9 -15 -68 -168 242 -30 212 -73 -37 391 -255 -57 333 -68 -52 -233 -62 -58 132 -179 -199 -3 278 19 73 -252 192 148 402 -285 670 115 -56 -144 241 -180 184 -403 -64 233 -290 -210 135 417 -205 -143 -42 621 338 -235 -213 -324 37 -51 1 38 53 177 268 -146 -139 177 71 -125 -3 -5 3 -84 -48 -245 -273 204 -290 -180 41 154 -152 6 -333 318 240 -275 93 -26 212.834999999999999999999999361766594159]
[880 714 765 343 -496 162 845 -787 -202 927 503 244 578 405 -774 -589 -155 262 -45 174 100 208 -447 -51 -359 1 117 -74 -391 -84 349 -199 55 -644 56 202 -75 289 -110 16 -155 0 -230 150 127 30 9 171 -234 10 -139 -81 87 140 79 218 133 -275 -64 -407 -25 100 -283 -270 -112 -406 131 131 -82 426 -323 -314 -67 -88 -173 -167 -14 198 184 -200 -302 -229 -141 -62 187 149 13 -19 144 41 330 405 157 189 -58 -163 -357 301 79 -83 305 160 -48 135 -250 -18 -94 233 -183 76 -366 3 -197 198 -160 244 428 284 267 -29 -56 103 602 -8 -504 -206 -268 35 91 -123 -238 24 191 -98 17 32 -124 164 -163 98 -32 -48 -200 -102 -5 -15 93 -296 87 8 162 54 -259 138 -343 138 48 -34 -520 154 120 -8 225 120 137 396 -132 77 -118 -72 -434 373 -12 -456 50 -501 131 344 41 -128 -200 202 106 476 65 -17 97 66 58 -241 38 -333 -293 -271 83 555 -391 -75 -9 -116 104 177 -222 -230 -66 475 116 -16 -4 -73 -220 -38 -70.94500000000000000000000023613421548975]
[518 968 856 981 -496 957 638 -503 525 -1002 644 594 931 794 193 -166 281 -187 294 78 173 -40 447 55 404 -38 -115 247 -97 -88 -174 -30 -180 61 -237 -222 -75 -42 397 141 -247 674 181 277 -78 -129 43 -61 250 70 -313 -53 -487 -212 -109 -195 15 -286 301 -98 -138 71 -49 14 -67 56 31 175 481 95 271 158 -21 227 4 302 169 -161 -269 -189 231 126 169 -57 235 -221 114 -129 268 210 62 -187 -131 240 -9 -51 -121 -118 -182 -82 -218 148 96 -311 17 -64 57 -14 -236 159 -517 -118 126 -141 -193 -107 -212 62 -59 114 481 221 -374 90 139 -108 33 71 -97 -221 -591 359 -59 130 186 -129 -223 77 606 61 12 -246 18 -89 313 273 -39 62 -351 -32 145 -219 -228 -76 -403 -132 200 382 197 141 48 192 253 -213 -56 391 -112 -4 109 -98 29 391 -223 -58 -119 277 172 -27 163 -165 507 -241 165 61 43 104 104 -39 -38 4 184 161 150 -164 311 -505 9 367 61 -74 115 -199 133 -476 -243 -471 -168 321 284 52 53 -78 -354.7249999999999999999999998324446815536]
[161 -199 -252 -232 -901 -849 -600 613 460 -771 -913 299 787 305 283 195 -83 -466 43 -625 -30 -364 28 -2 207 -210 67 -158 571 -333 -9 167 -231 278 26 -309 381 17 112 92 -307 -73 72 251 175 -22 -178 -283 -170 141 -430 48 33 -356 -146 259 -46 105 66 418 -70 -53 -116 54 85 -40 284 -190 170 173 -278 188 -349 12 69 380 100 -115 -310 85 -506 237 -230 3 -14 -502 393 -132 -30 150 336 390 146 -90 -40 -412 177 327 251 -196 89 -161 332 82 -66 328 210 124 285 -292 290 -121 -49 0 182 326 -437 -113 -15 -297 233 85 -267 200 -302 410 103 -99 204 41 73 465 7 108 79 224 208 175 26 -314 -169 218 -233 105 -15 284 -179 -248 375 -124 -97 -234 315 484 140 20 153 360 -219 61 88 -13 183 79 -19 -23 -77 -173 -83 -253 -31 -103 -158 -298 102 -133 44 304 19 37 -347 -71 -7 318 -222 448 68 163 -7 124 194 198 -184 -309 -16 139 -367 -214 -392 -188 -55 147 -186 -126 53 -179 293 168 -132 85 112 -216 -70.94500000000000000000000034228333889629]
[-535 -202 -454 15 778 552 504 196 241 129 -979 -493 -781 385 706 298 313 59 244 -606 91 -294 -220 59 -131 -91 467 141 -274 -121 333 -305 -170 -33 241 58 -62 10 213 55 91 134 224 303 -15 -33 -227 272 -56 31 121 -123 42 216 -193 337 276 86 -35 -356 54 64 -17 199 120 -165 85 -18 451 249 -297 260 -120 -28 480 362 407 180 48 -122 -238 31 -388 -175 -37 249 -47 -85 -106 152 -55 27 267 -119 -117 99 -207 -104 316 -85 212 55 -311 -130 -184 98 150 20 -320 114 -27 131 6 8 135 -287 -166 462 142 -108 89 -45 266 -27 29 -226 -227 -103 86 -6 -13 -31 -305 -170 31 50 -536 94 -42 -97 -9 186 15 81 -66 -375 -176 106 -246 25 19 -288 -10 255 107 -451 361 -259 -254 214 -263 144 47 173 -155 586 -241 93 -274 -241 -100 -95 175 -631 -193 -404 159 336 252 276 -194 35 189 324 167 92 167 187 -151 -120 -19 -50 -185 -142 19 -89 -298 -49 52 -157 -44 -31 -54 -509 -66 34 -178 -281 -269 319 -140 153 212.834999999999999999999998985177019781]
[1009 302 778 -429 372 414 -777 -1004 -373 -795 454 781 214 291 -348 340 504 360 -362 281 -217 37 -240 -315 -453 -182 110 -55 -137 -458 -199 -556 -60 218 -111 -101 367 -290 -202 -104 -441 110 140 -59 -290 -49 -48 36 -360 -276 -157 217 407 86 -243 99 -436 69 -451 169 -64 325 -60 176 224 -422 441 311 296 -223 -22 469 201 30 -144 -350 -8 10 -297 206 -284 -33 -87 113 -19 35 -338 176 77 339 199 384 -612 -241 -405 378 -281 -52 474 -157 -325 -13 133 -224 234 -101 -93 63 268 415 270 -183 221 75 -33 -175 298 22 216 102 -289 1 -114 -23 -280 -178 -422 -222 71 71 -5 226 21 55 126 258 42 -60 -389 -205 7 8 -63 -69 120 -64 -108 -73 78 225 89 372 -141 56 -124 -685 73 -247 6 355 356 -239 70 133 72 76 260 163 436 33 -99 -104 123 257 -44 176 285 187 -315 340 -109 -157 -117 265 8 -109 -277 206 -70 -144 -136 482 -214 76 3 -45 221 -2 173 93 -110 148 288 382 -69 120 -144 -298 -48 104 -157 -37 -283.7799999999999999999999997675816349182]
[-780 -905 -516 657 -79 187 571 680 -915 -496 -408 645 -227 406 -543 566 -655 -96 167 15 288 -125 -265 -407 -135 -511 101 -14 84 29 32 82 91 210 -350 -331 215 -470 -51 -258 307 -260 60 49 -333 285 -46 204 97 -304 -187 -194 -398 -213 366 -31 202 -9 256 -155 -10 -28 144 177 -204 -144 -31 487 -184 2 10 -35 367 -26 192 96 -187 108 109 -191 -233 -74 385 235 -162 102 338 369 329 336 -90 -6 -456 3 -247 -41 -212 16 -169 236 438 343 304 -11 -337 49 -367 338 -321 -198 -147 -310 -223 101 109 -36 -244 69 67 280 219 -127 -38 -209 -436 -223 208 29 397 -130 -167 197 88 89 -84 28 4 31 303 -220 -45 -283 -555 207 98 -178 -41 -63 41 395 227 70 -626 -252 -165 381 130 -18 -428 -159 -118 -111 133 -173 13 235 178 -207 306 63 234 113 209 132 140 28 -10 72 135 -434 251 -272 293 141 -88 -227 234 92 348 261 -186 -141 -182 -226 131 -556 -126 223 216 168 179 -144 -45 67 -60 270 17 -132 -101 -143 -573 16 -212.8350000000000000000000015536513291955]
[-466 -197 185 -58 294 24 157 58 67 929 -268 890 -328 -550 -783 -325 38 -119 -329 272 228 -781 178 -157 -15 241 82 -27 -313 14 -2 -117 -151 -54 -193 -181 -236 -43 397 480 60 -124 29 -166 14 336 -5 22 246 -14 -196 270 -394 56 276 -151 51 107 -184 -133 236 50 -13 118 249 54 -249 -71 63 -368 197 401 155 229 -60 479 147 -361 -37 263 -181 -240 -170 118 135 152 10 -185 -157 138 -139 -63 -246 -290 266 152 105 -245 247 213 41 295 371 -370 96 -272 -104 -245 59 55 322 -57 -186 384 213 402 -117 -58 -216 132 -344 -445 145 -313 -201 -128 -93 175 163 -169 139 150 -301 -192 181 114 -211 -26 -245 -133 -216 -341 105 40 -108 99 111 381 177 48 35 249 -50 -154 -56 1 -306 6 65 70 -10 -84 75 64 -123 -32 156 58 -57 -13 -14 -171 360 16 272 189 151 -176 -457 -46 102 355 -9 -108 -241 -4 278 470 244 -198 -332 -299 -175 -412 165 -192 -154 -30 333 -314 392 -100 177 128 14 -185 -150 -84 -287 -30 -414 21 212.8349999999999999999999999765416748159]
[855 -529 707 1013 127 -459 684 -660 -386 836 403 376 798 317 771 -468 -64 4 -261 286 77 -272 -149 -173 -49 -162 247 -51 -178 22 12 41 -96 58 -197 -374 -45 -566 -5 -27 -226 -43 429 207 -234 -20 613 -283 87 -91 150 -119 -180 -164 -82 -106 247 -386 469 -2 19 -282 -74 113 -205 38 143 170 237 -15 312 19 -20 8 286 242 -334 -361 -128 -54 -40 -14 210 26 -182 136 -84 28 58 121 783 -135 -95 -18 19 74 207 -25 -314 154 -120 -338 76 -346 296 -190 155 455 243 118 -172 -200 232 -13 -119 -65 -34 -572 199 33 297 -119 -264 -100 -101 -34 243 131 248 -142 -49 343 107 339 -51 403 -17 10 268 26 -102 -225 -16 -233 -261 426 -123 452 262 168 -269 117 -13 -273 -117 -343 -243 112 -137 33 -157 151 -152 92 -14 -24 215 190 -111 -67 398 263 54 -207 363 -74 -319 -169 226 -233 266 -208 39 418 -220 33 -84 67 -19 -220 -93 267 -35 -224 291 -433 -149 25 -37 31 58 228 317 82 326 107 124 -216 -112 152 -207 -121 -141.8899999999999999999999993332795015852]
[-278 599 -821 -701 134 324 687 328 -938 158 841 -848 -443 -600 -1011 797 69 114 457 11 255 13 1 64 -225 -20 13 -65 -426 37 47 -79 -74 88 -262 -77 10 -302 292 -64 -74 15 462 -140 -189 -49 17 -56 258 324 -163 127 155 137 225 25 -34 -149 -69 202 -239 261 -132 -23 181 172 -36 381 -394 -36 -78 -161 72 111 -509 132 -80 -145 298 23 357 279 769 638 -22 331 192 -115 12 265 237 272 -157 77 -38 100 -404 78 371 326 -260 119 -258 28 -113 -235 51 -35 -213 193 20 -400 -67 -152 -352 -9 143 -19 44 142 3 68 77 32 -70 78 -50 137 -32 431 -143 -3 407 356 -56 202 25 -224 75 -162 -185 -108 -560 35 99 -76 138 126 209 -212 -102 256 47 -268 -137 192 89 450 167 226 287 -202 67 122 -73 -216 139 154 83 183 -48 32 -204 174 280 288 -189 -15 24 -88 312 -176 -52 306 -370 -101 78 451 368 108 115 80 383 -271 88 -182 4 -70 367 -118 -339 213 221 89 -368 335 -186 -645 -249 184 -41 -313 -212.8350000000000000000000005227363438164]
[539 -4 -140 700 874 608 540 379 -662 201 -297 920 967 -478 936 -581 368 61 -53 156 48 218 332 540 459 -43 32 -20 74 29 130 12 515 67 -182 -75 86 73 -30 133 412 156 -182 -71 -368 -30 315 480 -427 -513 -115 -730 -186 135 -194 -209 -12 244 40 318 -208 -524 -4 201 63 34 -328 511 559 -450 -29 -63 302 -7 406 -210 646 -69 65 -128 -146 -15 -65 -169 -6 -45 92 328 68 184 38 -250 -255 -240 -372 -183 -345 133 64 -323 449 -18 -56 -146 -51 -29 -512 5 -42 141 129 -15 49 39 267 -461 35 -313 -288 -134 219 -56 184 -204 54 -44 39 -132 113 -399 -50 126 45 58 380 -154 8 63 173 308 245 85 -27 -48 -97 -161 -419 371 -33 464 -30 22 36 15 -12 -306 15 75 -138 -304 -283 185 -129 98 -287 -397 -154 -397 335 45 60 -181 444 81 -34 -157 337 441 242 -377 144 174 57 93 -23 371 71 162 160 -66 -31 7 -145 3 186 60 98 9 -153 406 -159 387 149 -76 111 -213 257 -91 -20 -40 -207 -68 -141.8899999999999999999999989551500707202]
[644 284 -788 -669 498 595 -202 -140 -165 855 -239 871 825 688 -591 -794 332 -242 74 -50 -311 109 -56 45 198 -126 82 -252 175 276 264 -213 82 -59 -96 -238 -439 190 249 -35 -94 -9 -209 266 307 330 -178 -123 -67 174 450 -19 -256 -53 -325 64 -27 -38 -109 -232 353 -128 -117 -201 -222 124 -59 -130 141 -323 -26 -234 -9 -118 288 192 45 -100 -59 182 247 -127 -196 -305 60 180 -493 -66 -24 -37 -223 -534 -59 81 122 344 337 -149 133 -27 183 -145 -137 -183 48 55 319 148 -373 254 44 329 167 -44 64 44 277 18 9 -6 186 -66 -104 -340 74 -43 -173 320 -114 -107 -329 282 -67 -393 -164 17 -121 77 87 -138 -50 -36 236 22 -101 6 287 119 -192 -82 137 -208 -60 -96 6 -213 -178 46 -266 -364 142 -125 271 -211 -120 -52 29 -437 -526 -258 -188 -31 346 -250 -162 18 97 358 -217 224 66 -313 126 582 -50 -151 -168 -233 -238 70 152 -43 195 164 81 -9 156 35 219 155 -145 91 220 111 -63 -69 123 -252 -258 423 265 -113 -70.94499999999999999999999927809104509142]
[-787 362 919 576 -363 113 653 -474 709 545 -535 -117 -398 990 -242 382 -468 -71 -496 -110 -404 -158 299 53 -54 -721 -158 193 379 -197 -81 53 -81 -617 29 -112 311 367 -302 119 -326 -222 -233 -19 111 139 160 -251 -141 126 124 -87 -321 -225 418 161 86 82 -161 20 56 32 10 148 -325 -366 171 13 -112 76 -288 93 82 -528 -184 -61 238 297 98 -25 -58 235 -106 286 -167 -16 366 -117 -175 -168 -189 321 9 -101 -267 -679 389 349 49 130 315 -5 149 87 -64 33 -66 -123 478 -56 -134 263 -177 -457 248 304 -461 206 41 -203 62 191 -236 172 -187 154 -129 -175 -155 57 452 -393 115 -74 188 102 281 -73 -401 529 -4 578 -201 -112 241 -119 255 -246 376 -63 110 134 104 164 66 408 126 -170 148 64 -59 237 -129 197 -48 -69 332 292 -303 4 -419 -216 334 -283 127 -15 274 10 -101 -53 -552 -304 22 -82 30 -178 474 170 145 424 327 -126 -6 -1 18 132 43 -69 94 64 -57 181 -365 -53 -62 155 142 1 68 -28 128 18 425.6700000000000000000000001081797144855]
[-937 -519 62 -691 -580 -72 -428 879 -261 659 788 642 -1005 441 228 -103 70 302 64 -61 -130 257 -5 -172 -12 2 -159 -92 10 -76 -45 114 -207 -370 50 289 -165 -31 -675 -184 -29 -608 -262 25 270 370 -42 -75 60 -149 69 -135 37 -134 -725 427 -269 -38 239 -198 -7 266 145 270 -130 -256 -111 -476 15 -164 217 -289 -675 -345 29 13 -372 -20 -8 140 -217 409 -213 -117 61 77 54 43 -25 7 -139 -2 18 -175 -14 -221 300 93 -190 93 -472 -91 52 343 -130 508 -39 52 -12 213 -69 160 413 -79 412 -683 51 66 69 -91 212 185 -137 -238 46 59 -612 182 -269 -260 220 309 -204 -135 -137 -43 100 250 204 166 131 -30 88 -129 -301 208 -18 -197 192 369 -276 -91 105 96 432 -97 -31 -56 -389 -163 255 -108 6 92 57 227 -41 -72 -39 -354 -338 75 141 -269 -51 30 -455 232 233 652 -3 56 -318 -124 82 -188 -55 -350 -222 212 -393 -258 -84 330 -256 -407 73 46 -71 31 198 -280 -85 326 -31 -82 217 -281 29 -174 155 -146 0.5149683989282765065727764074166028507307e-24]
[929 106 -965 -948 778 132 -267 544 601 -917 389 147 77 779 -386 203 57 -46 -216 -444 57 61 -319 -200 -405 -77 163 -186 -155 268 -12 -154 -337 -5 -12 -439 44 40 156 113 44 254 74 -22 -228 -259 247 269 -255 168 103 -165 352 112 -194 158 174 -396 180 65 229 -148 203 -58 148 -325 -88 64 -52 101 32 32 71 216 268 245 -398 -374 490 -2 -373 -23 -137 -301 109 -181 -30 -80 -69 446 14 177 -99 -82 82 71 165 -410 -475 163 -257 113 -126 151 6 -187 -150 200 -209 9 -153 271 89 -201 -149 -309 -30 6 -42 -149 -127 87 -37 -191 -28 -10 -136 110 -291 224 -368 -66 -131 -192 -10 142 154 -467 249 -85 -95 -224 401 -158 -329 -172 -23 55 34 -377 -204 97 -163 266 -4 -39 357 55 47 103 186 459 -72 157 -168 475 -172 -150 -16 -76 -381 257 540 -9 -87 -436 -124 77 12 26 -14 -485 -90 78 411 23 31 73 19 -147 -309 57 -3 -112 8 53 -46 -136 312 -139 27 -366 -160 -258 -355 -205 112 -127 -488 -41 18 -108 141.8899999999999999999999985779925164904]
[-969 -567 -737 -656 879 -725 132 -301 723 640 783 667 -318 520 -230 574 -65 -108 -297 54 -533 -190 22 -5 163 -458 -34 -358 -173 -181 -245 -183 -468 -66 -237 -94 56 8 89 -228 -247 75 -123 -290 -22 -157 -196 347 -12 172 -67 -355 -396 -24 12 351 -264 -160 -173 67 -53 159 166 147 -89 -244 92 531 738 174 -243 45 -34 -86 -50 101 422 309 293 4 -376 -187 22 153 92 -366 508 355 29 29 33 478 -230 -353 -252 -205 -171 353 -36 138 183 262 -143 -226 -251 -73 -218 86 -79 137 -263 -291 -11 111 147 102 90 14 290 -266 -261 4 -79 -376 -447 730 3 -103 98 -394 -88 -158 168 82 -38 27 107 111 -268 -79 446 529 -57 -99 -91 -185 60 -173 -115 389 -164 -7 -288 215 35 -24 326 -244 92 -227 -42 139 -26 -75 84 -33 -207 -54 60 -120 -188 -47 -47 -632 90 -106 420 66 -289 82 -157 -197 414 -212 -144 -244 131 89 -53 217 -140 -567 -318 -40 137 210 -322 -185 141 -97 -78 128 -26 -331 -147 -171 -161 338 38 170 -133 -235 212.8350000000000000000000010121330276411]
[-897 68 -54 10 -94 953 -944 731 241 -92 901 -534 -248 -135 -556 -541 369 287 243 -319 207 -117 263 224 341 102 39 -20 -71 -240 -45 368 11 -265 117 -62 75 99 599 18 60 -108 118 -42 -107 -89 178 236 43 -103 -288 -115 67 78 -232 -226 204 220 53 33 -69 -231 46 -21 -173 508 -38 -402 89 -19 155 -219 -44 -243 106 9 -252 -26 148 -215 65 -123 -45 -300 -81 -127 -56 125 -304 12 -140 -381 -62 95 297 -39 184 -116 47 69 -159 -648 -133 74 -55 -37 -352 -253 -304 -112 79 -159 -91 168 -2 43 -71 -132 -84 78 90 -65 115 128 570 174 53 -103 -36 -43 7 -349 -96 -40 -200 -529 402 -171 -98 -184 120 -110 10 77 249 -23 85 446 -9 -421 -325 37 -120 233 -82 -206 96 -136 -217 18 -7 -207 -240 10 -107 107 -269 73 378 208 171 362 -415 187 110 188 -92 42 -162 -91 125 200 -99 -280 -120 249 -361 312 -257 -190 222 291 204 43 -290 392 -144 318 -105 61 150 -138 -24 129 241 -22 -66 246 -47 -138 148 -1 70.94500000000000000000000112995779731585]
[-902 -525 349 -819 87 -350 -959 -773 -367 343 991 -874 817 873 -81 623 13 -185 109 169 -643 227 371 105 33 11 32 -76 -314 23 98 -18 -147 -150 -139 45 -60 51 -485 40 -161 224 -275 -1 0 62 246 5 -47 47 312 199 145 -26 11 -70 -18 131 355 -21 -292 -356 -18 2 -329 -83 -49 118 406 218 244 -294 110 478 -461 214 -45 69 -506 257 286 -147 18 270 95 52 29 -77 152 46 531 58 -279 61 42 -80 167 25 -15 62 25 -56 -159 -122 588 261 128 435 -181 387 -66 570 196 143 -12 -31 414 -188 -19 192 127 298 72 139 5 78 376 269 -395 153 -327 124 259 207 82 -144 -30 -92 -13 132 159 -160 499 216 -34 394 -45 -23 -61 97 -155 -116 17 200 30 -264 -274 135 209 -90 -203 318 -35 -75 311 -71 -58 -406 -71 -139 -287 -201 317 -79 -462 -275 -394 -30 165 131 -216 60 -296 337 -12 -279 -173 -124 -72 -295 585 -172 -96 -31 384 -157 273 87 139 149 -354 145 -70 -103 -51 262 -269 -16 -64 10 258 -214 -283.7799999999999999999999996552983291127]
[-157 -331 236 -493 -541 641 -845 -794 469 -74 686 267 -655 -5 741 -887 720 -122 -354 -346 7 148 214 -328 56 173 -259 151 -243 -51 74 68 74 -4 348 -100 -875 257 -163 -262 441 -127 -280 -91 222 20 40 -143 -438 161 139 -395 50 461 -307 -261 -55 112 109 131 -178 -304 177 275 -273 469 56 370 80 296 -66 23 -286 203 80 -323 263 -112 -106 -233 41 -416 -146 -210 -200 247 -98 338 -80 -92 228 -338 -222 -231 376 270 330 123 162 -226 -6 -520 46 -363 188 267 51 89 52 -119 237 339 25 171 -36 41 350 22 -248 -341 -280 19 44 -39 214 44 -18 82 73 120 299 -354 -63 3 -102 -165 -266 -325 -158 -323 -218 -206 73 -61 154 253 137 229 -32 97 284 22 -10 64 -342 -114 -46 294 -272 -220 -367 82 -83 -185 36 -283 28 249 -67 -114 -165 38 -191 -264 -220 -70 -196 72 10 294 -277 259 -289 -141 -108 227 -292 173 -235 -412 -162 106 170 -208 -234 89 108 124 169 -185 -240 239 14 -26 314 363 -126 -234 -155 309 -269 -97 -70.94500000000000000000000143813104310587]
[-225 825 -546 -152 865 175 458 -631 -394 390 58 -499 282 895 161 -76 340 -14 -256 15 -177 -470 -177 -86 -323 -127 22 104 344 -119 114 -513 118 273 130 -72 48 -7 210 39 240 188 -110 56 -447 -58 -34 -137 -248 -102 62 -190 -129 -64 109 264 302 259 -208 82 77 -344 -174 -226 -133 21 -182 -11 249 -346 -20 239 259 -226 291 80 44 134 -131 192 -481 -498 352 45 42 -25 -76 65 71 154 150 -185 133 114 -240 100 227 -320 339 19 49 7 219 -301 96 -87 -47 133 228 -151 147 173 221 -146 -33 -18 -182 205 53 -29 -90 -161 -247 -282 -380 135 -123 -142 22 -159 282 -10 116 -36 77 22 190 -97 -217 -328 -157 332 259 -2 268 -132 -104 -90 130 29 65 94 -333 270 283 -59 53 -64 10 -151 140 58 34 -380 46 194 153 137 63 -402 240 224 169 74 38 -58 495 -4 -109 326 134 -139 249 -151 -272 -68 276 103 -31 217 -145 -206 -160 -129 261 -62 -238 278 189 -49 -13 72 -34 -126 456 -193 -152 240 -4 317 -286 158 141.8900000000000000000000005223516321302]
[-114 -16 -734 428 700 -873 390 -921 -704 -654 449 782 132 -106 -905 799 -206 126 298 233 340 354 -37 75 205 476 -52 -117 -59 102 121 129 -53 71 -109 27 -213 17 -290 -160 -213 -534 -27 -18 221 -71 16 174 -7 323 241 -315 138 160 -65 249 -164 -175 335 34 72 129 -556 0 -83 52 -1 -71 -405 69 -252 -7 -118 -460 75 380 -271 -55 427 -216 -139 -323 -102 166 203 -349 523 -75 99 33 285 242 -123 -54 222 -83 -149 -130 172 26 278 -32 -132 92 -421 12 292 196 -7 -273 -216 -43 -37 262 12 175 258 377 131 -217 -61 295 291 -250 -243 -68 89 162 -76 351 40 -206 -135 47 118 117 161 -195 161 61 -186 35 105 165 -15 16 -321 -98 320 -61 130 136 294 308 -169 416 -61 -84 -177 382 169 196 46 197 -123 -303 -11 -468 -28 -96 -76 22 384 28 130 -178 269 161 -262 -128 -227 -134 107 134 -222 92 28 -26 182 -119 232 -530 5 -304 -23 309 26 507 157 -145 -249 248 -135 -29 -29 22 148 294 -490 87 501 -151 141.8899999999999999999999997993763897132]
[346 636 -211 435 206 -862 215 -715 453 99 517 900 -219 -193 398 827 171 -51 -306 -110 42 -46 316 -307 183 -382 47 -344 -217 64 34 277 -320 -297 -18 -204 -304 -114 169 140 -131 32 -96 -49 -152 267 -155 361 -188 -107 422 -324 -28 -83 -41 19 -94 117 137 -123 58 -576 -125 230 -323 -174 10 369 549 -17 279 -25 361 -274 501 147 75 -371 -121 -430 -324 -83 -83 -430 -68 -239 -304 8 -98 -521 -140 -300 218 -144 185 -110 380 -201 -13 437 -1 -99 -276 276 -76 75 -22 -281 -184 11 46 -164 -106 294 61 -303 -182 -95 -88 -132 -218 -208 1 29 381 257 232 -137 27 -309 513 11 11 -391 -77 -11 -182 -39 92 27 83 27 -67 -538 -134 -35 78 253 -456 -31 -384 248 -133 -243 338 210 31 -143 -50 -339 -364 49 -249 -271 -343 -349 22 -11 -239 210 -524 404 185 -257 266 -124 -340 314 -45 -227 -254 266 402 -18 81 271 -284 120 -197 13 111 -304 111 104 -348 50 55 129 139 117 169 239 116 -211 98 339 -23 191 -249 96 -140 61 354.72499999999999999999999784308893988]
[-276 -355 -231 858 -617 148 217 372 191 813 640 566 -51 884 782 229 316 75 -151 -715 324 279 -245 -107 295 143 -20 -266 188 213 -158 124 -165 -143 -237 76 -183 -124 1 -307 266 170 -208 20 474 -349 217 216 -94 122 348 -397 90 33 -20 -13 -28 -12 6 136 -212 327 1 -383 69 317 -103 -13 -5 -308 2 -354 -278 76 217 170 113 -396 451 -74 -95 330 387 269 107 -212 233 143 -311 -336 137 97 -360 130 29 -322 -97 128 70 -142 214 616 -12 206 -513 -208 296 -82 -10 143 -57 145 -111 -308 -111 206 51 -415 -157 -138 165 -254 230 -293 -172 35 -2 -66 7 -178 -58 -21 535 246 44 -94 145 -366 189 273 68 -73 -347 -25 283 252 283 -462 133 14 -415 6 -55 290 14 514 35 32 -484 -273 -121 -184 55 53 -142 -172 -244 -268 296 273 -58 14 85 332 195 12 39 160 26 -24 26 26 -21 359 -124 12 104 -10 444 -119 38 -246 366 -119 -43 -118 -175 -126 74 58 193 -126 89 -103 110 41 64 -391 -169 -11 26 -323 -141.8900000000000000000000010926538903943]
[-710 -163 -636 -915 791 816 -530 757 846 615 288 652 -9 -858 -731 475 506 259 88 -621 18 -332 111 -492 -300 -210 -189 78 248 -156 -143 -196 -240 46 -2 -69 -404 285 190 -224 393 -89 -328 -362 7 103 104 -97 64 324 -235 188 -184 -36 18 -127 237 4 -2 -87 -22 -157 -1 -103 5 337 -293 43 -127 -277 -305 100 -175 323 -43 -274 -195 -92 -43 -29 -392 -295 256 -305 -58 53 487 31 150 29 9 -527 -137 -160 206 118 146 69 -122 -61 572 -122 506 -117 -3 -51 -105 183 -50 -78 49 50 -167 31 -204 726 -23 -417 -316 232 -50 -355 -296 259 88 187 -311 25 317 -294 -437 -513 -113 -256 -347 -55 207 -102 106 -407 220 35 -91 -98 408 147 77 376 -401 217 359 -110 -525 -130 -43 30 -97 4 -398 -203 -46 -218 64 -357 278 -82 -364 -203 42 -262 197 536 -401 255 224 -5 -338 -141 -102 23 341 -413 149 -54 48 286 -121 407 70 226 -233 -181 120 -129 -59 -262 -94 -72 237 -298 -64 -130 136 223 312 236 83 258 154 144 -161 177 70.94499999999999999999999979346334080317]
[118 -301 414 -540 -960 581 -327 -932 872 -916 -747 146 308 -651 151 46 190 477 143 94 403 331 43 30 -32 -17 22 66 286 -383 -157 -72 -203 -65 -275 186 -128 -207 -163 238 -548 -211 -244 -12 -278 -55 -23 379 28 342 225 233 -49 -16 -234 127 -46 60 123 -82 413 301 -53 -197 -93 -207 -56 -241 -185 -242 -33 -326 222 -381 -304 -322 -262 327 370 -149 -127 -234 116 -84 31 223 91 -293 -64 -55 -433 -38 -41 178 -137 -116 186 -368 -89 14 82 53 279 -199 142 -134 -199 116 18 -356 -255 -479 -335 -201 -93 -55 -208 610 263 270 146 -266 -384 73 123 -180 -295 -149 157 -66 80 -164 315 -110 259 -130 -106 -198 -178 -218 85 -137 207 -147 -31 39 -88 263 -486 -309 -42 190 -162 -106 -10 240 157 -323 -350 672 350 43 -187 60 -14 -143 173 256 -16 138 -130 -43 197 -127 119 275 -157 -53 -340 165 29 -85 327 231 123 -136 -296 -153 -3 225 85 27 -34 -10 -43 -237 365 202 0 350 -25 -148 -96 -63 -200 -20 283 83 -31 187 38 -164 0.1043669288494640386654160185697648444147e-23]
[324 -226 577 820 282 -491 -185 523 -417 680 -132 676 -338 -602 872 396 -132 -250 -27 -337 -19 484 213 151 268 175 -144 -47 -55 -208 306 -221 -212 -60 223 10 -28 -163 -300 -225 -738 337 -206 118 34 169 -235 621 -236 80 518 -88 210 97 -143 -15 -148 118 -550 -261 -19 -83 -132 -1 -242 -149 130 -90 27 -60 -145 -283 -81 -30 89 -45 165 252 -172 -104 103 314 -150 63 371 -39 -289 31 84 -361 -192 -35 302 -249 -80 -246 -181 203 72 178 156 120 -534 169 -248 290 213 -300 -29 84 245 154 141 38 -100 -98 108 421 -27 -282 -96 125 161 256 259 40 180 156 -59 -2 245 -151 -11 -39 376 358 -503 325 -203 267 -264 -252 -223 356 35 -157 177 -310 -680 0 -337 209 113 175 93 -441 -107 -31 59 -219 -49 -205 -173 -18 -17 -265 -235 -191 -9 260 -459 -475 40 -145 -16 -79 -210 292 -87 13 -297 22 107 369 -263 -129 -165 -283 147 508 159 -38 -97 643 -303 157 463 -107 47 85 -56 376 -96 -123 -160 426 25 8 131 48 269 -73 -0.1207651382584742552668707026020111783282e-23]
[842 734 -544 423 514 781 216 -133 911 265 272 -707 632 -892 866 497 187 -16 -539 329 -48 -217 -297 -79 -104 171 43 53 191 100 -233 -124 238 75 -189 228 278 -129 328 112 164 422 -101 -36 117 32 165 -6 80 -112 -55 388 -84 200 508 118 130 149 -404 186 7 -229 298 -403 63 -204 -42 -178 262 -334 18 311 368 3 128 -95 218 60 63 249 -110 -166 162 -94 -201 -232 -267 226 45 -20 -521 137 100 -167 -115 81 33 35 -156 -132 322 197 -43 -69 631 -315 -157 -187 -90 166 16 394 -40 118 23 166 -302 -357 288 -73 -285 148 185 255 7 -298 -23 -175 4 224 195 -663 11 -127 -219 39 264 -435 -280 165 90 275 58 189 245 -55 119 11 111 -56 -323 287 -219 -417 139 -104 -247 -189 239 -91 -63 -67 -251 78 107 -120 55 -17 92 -52 -51 77 -180 14 104 106 42 -188 68 -7 217 -77 -90 7 -126 115 201 163 -4 67 -237 132 62 143 71 181 236 -121 376 -156 -126 -71 115 273 129 -27 260 84 130 -200 40 194 283.7800000000000000000000000539507652879]
[283 876 746 -469 826 317 615 75 -312 -330 -256 -990 -313 -223 -846 -410 504 271 282 -671 -185 156 269 -306 -129 -352 375 -500 341 94 -291 -52 -122 -134 329 -247 181 -170 485 -150 -165 278 272 -107 -303 97 210 -133 -43 -123 -27 -86 16 91 62 -127 257 30 -428 115 -59 -378 51 142 186 268 -126 -32 -33 71 -437 -53 84 243 2 7 89 -458 -307 -51 59 -82 -167 -40 214 -405 398 338 -76 308 -270 150 167 100 -75 111 -189 -98 305 -97 9 33 -46 11 -234 -155 -400 243 41 80 688 338 -99 49 -87 137 398 55 -257 212 172 62 169 407 71 380 -110 -206 549 -295 28 97 -411 -174 -84 104 378 -160 -296 16 -294 109 -247 82 254 -219 -148 409 113 -97 -307 193 -346 451 93 -441 285 166 416 -263 -157 258 233 111 219 -51 112 -245 -53 166 369 -171 -137 161 280 34 -13 82 290 -167 95 -12 45 184 -133 552 -9 154 228 -55 141 -37 268 -335 92 -13 479 163 -39 287 43 348 55 240 5 1 -139 114 -92 177 -339 -533 -141.890000000000000000000000038369689559]
[-623 -558 -209 -172 282 655 340 813 -539 697 642 -338 133 -470 -256 -491 394 -183 198 -84 -459 -422 -30 32 47 28 391 33 -98 -95 305 14 148 312 372 -194 -315 75 361 187 -27 144 353 -218 94 -115 319 -164 -72 -313 -155 34 161 88 -225 -62 52 149 -390 -271 -335 -201 -81 -196 199 164 93 261 165 12 -168 77 -67 204 -579 -22 299 286 -81 -35 54 -259 221 -77 -39 -48 -316 38 327 204 51 39 304 -269 -77 -263 -10 373 238 296 -207 -16 -205 -22 101 46 131 -175 70 -174 105 -212 17 143 -343 102 -217 -126 -286 209 -495 37 33 40 196 245 254 107 360 -306 -102 329 96 239 172 -218 9 62 -122 -164 -366 -3 -263 -29 -146 -395 -56 -26 107 218 288 325 339 -16 -169 -31 412 667 74 22 -34 153 -328 -284 74 37 -574 140 239 -2 -133 243 -310 -113 124 -412 -221 -156 56 -84 -55 121 -72 -46 132 37 66 242 394 77 130 192 111 -136 86 4 -263 -123 10 -422 -136 488 -233 -157 102 399 82 -51 153 377 77 -58 70.94499999999999999999999981931273494545]
[-161 -547 81 -1004 64 257 669 686 -12 113 528 474 94 -573 625 -345 171 -195 -133 438 526 -19 487 302 720 127 -612 21 95 -67 35 98 561 151 -72 150 -420 -17 -249 6 -73 93 13 104 11 -71 -283 -202 -176 -381 -66 320 -307 -385 156 48 219 334 -54 -430 -32 543 -138 -250 -531 321 159 -313 -259 -170 -240 79 -148 -155 -116 156 -214 405 142 221 128 -196 24 -93 -228 -80 -214 122 154 -387 -361 213 569 110 285 -233 -254 -96 414 90 -16 -89 -24 119 -458 -69 -63 -392 3 -72 30 132 -255 -63 -300 -149 -98 -117 114 -7 -370 -2 -238 -140 6 -424 165 270 258 -79 -330 -175 83 -170 -79 -361 -13 245 -55 -310 -45 196 -261 39 207 -480 -212 -180 -162 149 17 299 95 196 -27 366 -234 -120 -155 167 -337 -222 182 221 17 6 -251 154 -82 62 -102 119 -178 11 -167 70 219 -7 -76 -292 -322 131 -39 -105 -366 -240 -75 -403 133 582 289 160 118 -108 -122 70 102 467 165 166 316 -66 129 4 25 256 -35 301 52 76 245 -162 141.8900000000000000000000019230656772151]
[783 -247 218 309 878 72 464 -217 -503 981 738 -169 12 -786 30 -638 -546 -301 -57 -14 -306 -134 146 294 219 41 69 -138 81 -76 312 135 -215 335 -170 -2 1 35 -429 33 -143 -213 -417 6 323 457 265 155 -68 -176 -267 -115 -145 -241 105 88 -26 -24 61 -4 -98 207 -121 -225 -45 -603 309 -129 109 150 157 -173 -277 161 -297 -62 320 124 -663 -182 96 -92 -138 -103 -135 -77 -93 -248 356 -17 577 108 -152 -315 -309 -478 57 395 -6 37 60 202 -20 -145 -28 584 -104 332 142 36 -32 -29 287 12 3 119 82 -81 72 51 149 101 -83 24 -84 27 151 405 -262 -398 -97 163 -60 99 457 -240 -332 481 95 161 -173 10 -36 -26 -29 276 61 -323 -64 215 215 -189 32 176 -31 -9 -221 472 -106 10 -1 7 134 -282 -42 28 -199 213 -243 -466 -299 -130 59 -315 -289 -427 -274 144 69 274 -199 155 -392 120 -34 -284 -4 86 -36 220 -38 -126 -168 238 163 10 -351 -38 -18 -194 -194 96 -542 105 -14 -45 20 180 92 257 -133 64 -70.94499999999999999999999988878298170283]
[667 667 811 -683 540 492 -854 -360 926 448 -639 817 -438 -977 -803 832 426 -66 -194 110 -167 119 -2 -109 298 4 -20 126 258 -24 215 508 79 -47 204 -37 -198 -13 315 -58 71 -41 133 124 -137 1 98 -11 -192 153 254 -202 -79 -96 -56 -334 -218 -249 -69 -97 406 -93 -62 132 -362 348 164 449 -155 380 -572 91 -71 -30 -200 58 212 84 210 -240 204 42 -63 -331 -156 -289 -80 90 458 114 -41 -156 365 -338 588 54 82 86 98 254 306 -423 -282 155 -175 -490 97 -14 -170 -225 113 -155 -56 65 -112 9 -12 -177 -219 -336 -64 73 236 177 -97 38 245 226 394 2 80 126 -190 56 39 33 -204 -25 175 -200 -272 170 -23 231 -136 44 21 183 45 -282 66 381 316 -36 -150 82 191 195 -36 287 -210 20 -316 -7 -102 -53 -411 70 10 96 -153 -66 -43 -116 -105 -164 -184 -106 384 -222 -138 -361 47 187 201 105 -24 -9 492 42 -182 21 115 -279 81 -17 -77 -417 252 -250 -360 344 205 135 238 16 328 -142 -92 -114 6 -172 0.8441442774589003127349825031378038886487e-24]
[-472 -90 651 -351 -391 -935 -564 979 -791 162 280 -111 -343 -11 -113 -43 480 377 -18 -196 -148 198 181 -193 91 -14 -23 69 98 -135 139 -430 -82 33 -62 66 -147 55 -195 55 -242 74 -112 -406 -323 214 -87 249 -152 -236 -27 -264 -118 -168 -77 -161 -131 74 -13 -302 105 186 -196 -144 -160 -98 -187 -168 -155 36 -141 227 -241 553 -275 47 -189 118 -57 169 -408 -224 72 -123 223 19 -182 -428 -264 288 356 173 -49 -19 57 122 -311 -285 630 144 -102 -191 17 4 -292 77 -120 153 87 -150 359 63 -1 275 -4 -46 64 335 -220 473 -145 -303 -22 61 -30 -98 -283 -205 259 -15 -66 140 -224 69 215 -120 -182 196 -267 -292 -250 -52 75 -164 193 -16 -113 168 -418 145 8 -174 70 160 -227 -450 18 -145 -362 356 -145 116 19 34 142 355 -222 248 522 43 -105 -170 -48 292 119 108 105 -94 -3 329 -64 615 89 156 -183 -85 -95 130 -47 128 -162 387 -356 -65 87 -107 320 -59 182 -76 298 241 77 -223 264 30 -180 348 -92 267 -206 -157 -283.7800000000000000000000004065463463727]
[-441 -453 -788 163 -741 925 -123 266 813 -865 -530 209 371 -630 -338 -668 -121 -102 137 302 342 272 62 287 -33 499 201 -32 116 95 325 84 325 407 51 195 -28 136 216 259 39 352 151 233 108 -400 -74 56 260 135 178 51 389 315 148 -133 209 18 -84 -43 191 -216 -38 -245 4 211 -21 -261 -329 199 -217 218 271 172 148 -107 -456 -214 -170 -172 -129 -25 36 144 -117 80 -251 -97 10 -98 230 -91 506 323 -107 297 -83 45 -217 -131 187 -67 -252 -159 -142 -8 300 -152 201 -135 104 341 -55 246 85 -207 -24 61 -148 -298 -217 -42 64 -214 15 -163 -46 30 -261 259 98 165 34 147 -97 399 -22 19 253 -324 65 -404 -111 -430 -170 151 55 78 -154 -73 -97 -62 130 -59 30 131 172 169 53 150 50 144 74 -75 215 -98 141 80 33 128 -37 -219 -297 -82 121 126 -83 -29 -49 -227 46 0 -142 -112 -78 81 -164 -122 366 -115 -121 78 143 -153 241 356 142 9 33 -156 53 128 342 -119 -209 -219 -234 141 29 -1 -20 279 141.8900000000000000000000005061957607912]
[-303 -1012 -583 -207 137 389 819 697 -857 -721 862 247 -260 87 -904 -1042 -94 78 -298 545 -52 19 154 -38 284 -118 -164 0 117 46 348 99 -20 -97 -18 288 114 92 -95 18 46 250 94 238 -153 120 -677 168 -279 -320 75 6 -209 104 323 95 -158 112 -423 -137 -39 -150 0 179 -404 -208 444 -123 120 149 -380 -161 -86 -11 9 -127 135 44 -86 -82 179 230 -211 -314 -262 274 -268 -23 39 -279 -4 212 150 -204 -138 2 65 157 226 -211 197 -105 -546 -178 -381 -33 -13 -191 121 274 -46 78 -320 -258 2 55 -155 -59 54 -200 1 40 -529 -236 8 -5 -173 161 -71 -94 39 64 -225 188 -32 -99 -2 416 -43 246 135 457 -266 25 -185 -133 373 -318 94 208 327 -155 440 196 -172 -294 -149 102 195 -24 -432 180 52 79 -218 95 -301 21 -242 -151 -44 -171 187 -77 -117 -337 65 262 -108 90 -310 -139 -45 174 117 -545 108 -142 2 281 71 -141 -113 81 151 91 43 45 -69 -104 -54 72 294 -53 -133 20 54 75 57 268 101 241 70.94499999999999999999999819080090398167]
[-901 -182 -860 -324 295 83 -948 -205 84 -45 -974 -803 -964 -921 -121 -762 347 376 175 232 -70 8 52 -31 249 -96 209 -68 70 219 -303 -92 127 -160 227 -335 374 76 69 -320 -136 206 470 -107 -296 -87 206 -67 278 -322 -188 -455 -202 73 81 -30 -134 128 -399 109 -55 -305 -328 -75 285 11 -352 119 457 -128 -12 110 77 276 38 48 44 -312 50 10 -89 -213 55 -99 90 -667 81 -70 -34 90 -112 93 -136 -163 -95 41 -269 -96 143 -182 -29 -209 -18 -211 -342 85 -168 70 -233 98 348 -155 196 188 302 -96 131 -335 -392 -243 -218 15 -23 53 -69 74 -169 -277 -75 -32 -108 109 87 52 -273 8 212 -276 -204 84 -55 24 -353 -411 314 48 -53 -47 261 -23 -333 62 -184 437 -16 -321 276 336 165 -41 -97 160 -116 -187 -44 -75 -150 -169 584 414 6 89 -12 479 491 -285 167 396 -218 -191 -384 324 95 -47 2 35 -4 112 83 -104 411 574 -32 48 474 276 -36 -155 52 8 2 316 81 144 45 37 -191 103 154 -62 167 -137 0.2051593711651906286381504126645203278656e-23]
[-392 -428 -644 888 -885 0 -412 -737 358 -328 800 -80 -794 511 496 -593 181 62 -144 191 -138 301 194 -115 -19 -30 -5 -80 433 -114 -324 226 -26 168 -97 -51 144 -21 -249 -107 -213 -223 -204 68 -281 173 186 -1 46 -239 -44 147 -3 -155 -7 -382 -266 -133 116 245 121 -35 -48 -70 -214 101 -92 -23 -103 -291 75 30 84 269 -279 -331 -370 -10 -64 59 -36 -58 56 -158 113 111 -322 285 305 -132 4 -24 181 98 -53 -34 -31 -263 -303 7 -181 5 -20 303 235 -127 -189 -101 -40 -414 -113 -256 -18 -56 106 113 42 -34 65 147 23 -31 -382 102 46 -393 -81 294 116 206 -160 434 40 -182 32 -66 -27 65 137 5 133 -295 40 -546 -138 300 -17 12 -364 -102 -19 62 134 -349 -257 -237 -82 -55 -127 -145 387 90 -194 -171 -55 76 -105 280 196 -182 -141 -311 118 99 304 244 -357 -216 109 -231 195 498 -302 -3 -45 -79 -618 -213 -20 -69 -1 -14 -167 -63 -97 -284 324 -23 48 -34 -51 -42 -41 184 -28 127 301 227 295 -510 -21 71 -141.8900000000000000000000015289760125156]
[-999 -240 372 844 -71 -95 525 234 916 -610 -971 -916 137 585 270 11 -602 -169 44 50 -193 -287 -146 354 -180 -27 23 -36 214 -50 316 336 -217 38 332 -154 377 488 196 338 -37 -15 179 160 -43 -159 154 275 51 117 -399 -30 -240 -221 -116 -95 98 -121 -216 407 244 -202 -258 -76 321 -102 62 15 -339 339 95 -170 183 4 55 -110 213 -66 -152 -349 396 33 -239 -195 53 -28 110 -224 -33 91 -219 -173 -38 95 216 -19 467 99 -107 160 -85 -99 81 258 -84 162 33 -256 -52 -24 -135 -478 -451 211 25 6 -485 -246 -235 117 225 -65 -268 272 68 278 21 195 -31 107 362 384 44 -155 317 190 127 199 69 -174 -310 -3 -160 351 -55 252 70 -63 -208 -340 333 -203 107 53 39 -12 167 414 -95 70 124 327 -215 -40 -393 -38 -94 -39 -29 93 167 -143 214 51 274 61 -217 74 -111 94 -116 -34 437 -107 155 491 -203 -410 -32 -150 415 -206 1 -153 -320 75 -347 -347 -746 -221 253 -162 -205 -65 3 -344 253 -258 68 -254 -197 -42 -0.1553551112306051809105641767325307889269e-24]
[130 22 -708 -245 -810 -483 -18 -115 -879 551 -397 836 432 -642 531 -59 665 233 188 -80 -398 -196 -52 -256 -44 61 140 99 254 87 243 43 195 -61 -168 -44 273 92 191 -278 87 120 61 252 250 -142 426 -450 49 -10 114 -397 141 91 -220 -191 94 -157 244 20 -118 -126 -96 -71 -21 360 -311 49 -13 -345 132 306 -136 -425 31 397 -216 -72 -78 218 -304 -228 311 66 -82 -359 487 123 -206 141 -23 -185 -299 -3 -89 -30 457 -144 107 95 438 70 87 -227 380 -26 147 24 59 -224 -47 -119 470 107 208 169 -362 272 -45 125 183 -238 212 -137 -497 180 -171 -135 -321 154 144 -84 -191 190 -68 16 132 -480 121 -13 168 -111 -81 -89 276 104 198 311 132 -189 -223 22 -258 397 -344 57 439 70 -215 -3 -71 196 -123 -203 112 68 182 322 541 -169 45 284 -159 -79 339 175 199 74 -185 -133 376 -174 -16 -165 -148 -23 -18 215 83 113 -57 120 219 -630 265 -174 -65 487 390 155 -126 490 -51 -144 230 -88 -36 142 97 -139 -78 -119 -425.6700000000000000000000013394590589034]
[-313 -725 274 -949 282 -544 368 752 -306 -158 440 540 928 -560 789 833 133 296 -2 -161 -425 310 379 117 -104 -28 -226 -112 272 76 -266 463 177 43 8 184 -111 532 160 -139 120 -209 -93 -408 -115 -177 393 89 -83 -142 -107 56 -121 304 103 -541 -242 196 98 67 -39 -63 -57 -138 -205 573 51 -255 -226 -154 -283 -284 -12 333 -157 -398 33 261 148 -288 79 -227 103 -97 50 -77 147 210 -331 -256 98 -102 156 -187 120 -361 52 154 70 -238 45 -513 -404 130 -189 -62 -286 1 -122 -152 271 484 -190 146 -44 213 160 -202 -203 -23 -402 -80 -199 -76 235 175 -201 178 -126 291 -33 -110 206 78 -480 -260 386 -500 -93 183 51 407 25 18 253 -400 61 299 133 -519 -407 308 -11 335 -318 129 105 -6 -161 -284 109 -70 -190 117 -113 -88 -39 -91 247 58 -167 -260 -258 -32 415 86 -43 61 -197 -92 -195 368 -279 -286 -82 -33 -538 122 -46 229 200 37 256 -79 25 790 231 113 264 -348 -152 359 -26 12 -93 -22 168 142 258 -237 11 -88 -283.7799999999999999999999995834047016544]
[-226 -17 10 -542 -35 627 -725 -279 986 877 685 -220 -333 -575 217 -391 42 445 142 136 135 227 -112 -520 -104 60 417 -24 -98 -50 -148 332 294 -48 -28 70 210 -83 -198 7 379 -281 -27 -55 178 -76 140 -176 239 -243 37 105 417 9 -55 64 -225 189 176 232 172 259 -74 -68 31 -116 -256 192 -166 61 -221 124 9 154 -118 -79 -129 -296 -107 -217 72 -446 -194 -409 92 103 162 501 -232 -96 226 305 -212 -67 -129 393 -12 436 101 115 -36 34 -55 -7 -48 -2 101 254 16 -435 -202 22 155 22 180 -227 164 265 -243 -125 -202 -10 62 -43 -176 -191 21 -18 -180 40 370 0 -68 369 -198 -144 -57 -148 -202 84 -231 -244 -177 -602 -410 282 58 -8 481 -240 -292 4 -76 -105 -134 261 4 -90 -455 -100 210 152 -140 -106 118 -61 271 -55 482 35 -234 0 -124 106 278 -249 115 -216 -214 -109 -174 233 126 -3 256 -322 -164 112 207 -317 -161 69 -274 -29 142 276 -329 510 -33 -423 -98 176 67 117 -29 246 114 85 -86 65 225 -160 -141.8899999999999999999999993954796062401]
[43 -168 -142 666 937 -870 812 -41 -677 -313 1008 -904 -78 -435 867 -620 -58 124 30 -470 -118 -258 -108 -46 -194 81 211 -125 -73 35 -159 -172 -269 168 -119 142 -36 113 103 -274 97 -91 129 -380 -482 115 248 -91 -125 429 -553 -136 229 -29 87 -14 412 -206 98 71 -164 -188 49 -131 634 -101 -450 110 -199 -237 109 -142 -302 111 -119 -232 -21 -58 297 -195 252 91 389 183 204 -66 557 -332 -210 435 -39 19 -318 -87 -76 61 58 -221 -123 -87 -30 27 458 -251 228 -3 -119 201 58 35 132 -404 -133 -113 -189 70 65 -121 -133 406 376 -217 284 575 456 81 -168 -53 2 -204 95 -102 -120 -157 68 -167 -200 -179 -231 -285 235 -42 188 388 230 304 -160 263 -201 144 177 -232 153 154 152 -41 -40 15 241 169 -82 135 -33 253 -59 -221 -337 317 -448 115 231 -56 124 528 -107 92 -439 -146 396 249 114 -75 -31 -101 227 358 236 291 -166 92 -38 148 43 -168 0 -157 -208 -148 -369 176 -280 -176 -280 292 302 -92 -11 -300 -206 -170 -416 122 141.8900000000000000000000004367255140339]
[841 15 -379 781 -2 -821 -470 -250 -604 852 345 -825 -23 -536 -138 -155 190 92 229 -492 -3 -115 64 170 -193 117 218 130 96 119 257 -400 -366 -40 230 154 319 -9 26 -191 -72 40 125 -188 208 -556 214 210 -165 5 -321 -417 219 -31 54 -196 158 250 -437 12 -110 184 11 282 180 34 -3 153 -35 263 124 283 -615 229 -15 -59 279 -247 -223 207 -102 -20 327 229 246 41 -55 223 -207 17 -47 411 237 61 67 230 -69 126 112 223 -122 450 160 100 116 175 139 58 232 261 436 -166 82 -70 -232 -136 -33 -99 -337 -224 63 -332 516 -150 -337 400 44 17 41 187 150 235 -2 137 -29 114 -355 60 -38 -120 -178 68 -35 292 48 94 137 -297 152 -108 -38 -78 28 415 60 -118 -55 243 106 -201 65 -322 31 155 24 -140 -151 -106 129 -35 308 250 -348 46 60 66 -97 58 -52 249 44 164 26 -275 -334 38 110 -46 97 -138 101 -268 11 30 417 221 -365 10 -336 -40 -116 233 -252 -72 329 -266 -29 -311 -42 201 -148 153 -283.7799999999999999999999993968043876898]
[696 -124 587 -797 144 -398 -735 704 -823 387 343 4 -352 452 723 -44 -103 -496 412 -804 133 -320 -426 250 -175 443 16 65 129 74 0 -102 -100 461 -95 -152 -69 -295 -23 -102 62 544 330 86 -187 212 126 -68 167 510 -71 214 288 -125 270 -271 166 -38 106 177 -229 -13 354 -86 282 184 132 -166 97 -248 435 -59 110 223 466 -185 -87 -76 -374 -114 189 205 486 225 28 270 94 -397 -27 -121 212 -214 -65 168 28 79 16 85 51 -445 -138 420 -96 -55 197 -40 87 -62 11 -136 14 -211 300 14 -108 133 -327 -329 163 231 251 208 -409 264 247 28 -18 -266 88 266 -176 -248 83 47 -2 160 51 240 -27 -185 -186 -50 -175 311 489 125 203 -309 -287 -183 50 -246 -184 -70 -31 -289 -36 72 118 210 -42 -166 207 -342 278 -167 -277 286 189 103 511 -96 70 155 -162 437 98 -294 195 49 141 -269 -237 303 -291 389 142 284 -313 255 61 414 67 176 -138 -141 142 57 165 76 -333 -273 -67 -19 358 -52 -330 365 206 -234 -300 237 0.5703779889110003757848962218420657555029e-24]
[600 -731 -1004 180 267 836 432 801 844 -278 -554 968 -386 -923 -162 -148 318 41 -153 201 -398 -190 146 -75 164 -159 -224 6 -278 235 -27 253 171 -347 399 -311 -312 214 432 -379 308 190 286 18 74 -217 -293 -77 -23 50 338 -207 -67 321 -123 67 208 -176 -2 -24 14 -16 -29 176 -81 431 -325 233 384 104 -159 -157 -94 -58 -188 438 367 64 627 -194 391 -81 22 -136 -276 -75 221 302 28 267 -474 85 -164 -381 -15 110 237 27 148 34 -142 -152 -375 -195 -52 -53 -176 -366 -93 -44 105 -56 -122 87 222 16 172 52 -116 -243 -341 68 -116 118 243 422 140 164 64 -367 200 -134 -30 71 -289 -188 1 -50 154 -78 18 306 -228 158 214 -95 -51 332 249 -44 -32 -102 103 86 -373 -139 297 182 73 22 -599 461 -414 408 -282 51 -329 -9 -143 200 250 -317 -45 -161 -233 -370 42 -22 44 173 -445 31 229 -477 168 13 -90 144 -30 -41 37 44 133 -263 37 124 58 -93 -118 -169 277 53 -117 132 -171 -99 -112 -440 -160 159 104 -238 -0.1481165235642971765841061554174959424834e-23]
[416 -547 -172 -889 616 -39 816 128 695 -504 725 125 -816 273 743 477 -347 -247 381 178 -337 -128 56 443 65 70 -155 -233 74 -35 137 108 12 134 -88 127 51 -190 12 122 -288 356 153 298 -21 -184 -137 -28 -293 -19 -87 473 50 -130 79 263 -46 -207 328 161 -303 121 146 410 86 54 248 -95 312 251 -15 73 101 26 -115 178 381 23 -413 109 159 1 150 203 -238 158 247 25 25 101 224 172 -88 -119 151 354 140 80 -33 -242 -96 181 93 -445 402 -81 -241 -205 63 195 143 45 -126 72 60 -73 -69 -212 385 105 517 26 -258 357 264 -45 44 -17 56 80 -87 315 -100 141 23 118 -59 157 -116 -419 -2 -24 -125 383 -12 137 -221 154 -199 126 32 -524 148 199 -68 -325 -186 92 156 402 -286 56 -173 374 72 -120 95 -57 -171 -107 303 -171 282 -431 -310 179 83 56 183 36 238 -251 -42 -117 -161 108 -319 163 -238 -193 170 34 55 -196 -168 -372 206 -171 -578 229 -122 -258 208 -45 0 -164 -239 109 -211 15 -4 -90 -70.94500000000000000000000082057286117541]
[-761 -131 -432 -408 -261 -1001 -448 750 -395 -57 484 -456 -545 -416 -171 -542 128 -131 -301 567 -74 294 33 -197 234 204 -109 -129 166 556 193 531 373 -36 -94 37 -604 155 -8 -213 633 -33 -315 23 0 -386 -195 -156 -286 -47 500 -383 -67 388 -333 -442 -183 -147 53 -16 -58 109 -226 46 -363 319 189 304 -24 -7 -76 -110 118 38 -33 -374 144 100 93 163 247 -107 206 61 -368 271 122 189 -13 -85 235 -348 -119 -236 391 362 -47 148 101 -225 441 -192 -222 190 -25 -189 216 79 -232 143 -352 52 224 -226 -287 -325 -113 -372 -217 -301 214 -103 88 -253 92 -257 12 233 -176 416 -61 79 120 409 -102 3 93 107 -24 68 280 124 1 119 165 127 351 168 -125 121 -187 -198 246 -17 77 209 -192 64 -268 -107 -440 -253 -131 53 238 -436 100 -615 353 -64 -103 -51 -141 291 -336 5 124 9 162 -6 131 -284 172 -80 119 -147 -208 -156 158 -97 -215 16 157 256 -213 -254 257 -195 -129 52 -95 -153 398 518 233 237 -338 -368 -119 197 -126 128 -212.8349999999999999999999998973779052551]
[642 623 -788 -1009 136 96 -232 -730 760 513 -421 804 75 73 -739 529 296 -388 84 -98 -37 -76 -171 -37 102 86 -62 77 -449 -376 115 39 190 -381 158 -121 -434 -27 -3 -202 -390 -166 334 381 107 116 -66 -131 -271 118 97 -192 169 201 -364 -270 -271 -113 -56 291 207 3 66 224 14 512 110 350 360 -109 278 107 255 -123 205 -150 -36 -162 -119 -170 314 2 33 -294 17 75 -299 250 163 -256 268 -419 -335 -217 511 115 429 99 3 -11 -171 -298 -58 -87 -5 -69 -302 -236 -73 145 268 -100 -69 306 -35 89 205 252 -135 -155 192 333 -74 135 397 -8 -144 -210 -148 215 537 -65 -67 143 192 36 47 -100 -125 -430 -125 -103 -108 91 -13 277 193 8 -233 -266 -43 191 -221 -125 -380 -122 126 -63 114 271 -92 -186 -125 -233 -29 124 -60 188 284 -26 -302 -186 -253 -142 -260 74 -4 -48 216 -123 -28 -17 -164 -200 52 115 -346 409 -383 -352 -65 198 -114 43 -305 -47 -151 -271 -33 38 -283 -464 302 55 -57 190 -102 -56 12 -132 -203 -25 -212.8349999999999999999999980269319009909]
[-687 -681 333 -36 378 73 -53 -706 724 542 160 730 -60 880 -273 940 146 -132 632 727 201 -415 77 -70 47 -12 67 -211 -37 -347 -54 -160 153 -12 -195 3 -6 -249 -227 217 26 -349 160 -65 -285 304 -159 -331 -258 117 380 88 -107 -387 56 217 -141 68 312 -389 79 103 74 -136 -109 -64 -302 32 225 -472 -10 -50 85 -229 -256 363 -80 145 -51 -60 -131 -412 -67 60 -91 -184 637 -53 28 351 -112 -43 -89 -365 -26 53 75 -436 30 -212 451 185 81 -325 75 -78 -288 545 7 13 -188 -293 -13 13 -132 -73 -111 360 -157 341 -64 47 4 -237 -256 -197 65 312 277 -87 -301 372 -169 152 -56 25 -81 -63 114 -81 -78 163 -283 246 156 -183 95 360 110 299 -41 161 -232 149 -232 286 95 -121 -252 553 19 -231 207 127 282 75 -60 -249 12 -411 113 29 203 34 -244 -170 434 243 -288 103 128 -195 98 187 -134 -20 13 384 -118 305 203 -90 -196 -431 276 -435 45 428 253 348 200 246 -11 -89 21 325 63 105 -389 285 73 -132 -141.8900000000000000000000016484158644533]
[450 420 233 423 810 953 -628 -384 617 -17 -514 -463 -162 -913 -235 -461 472 110 -623 -194 -664 -188 34 -411 -208 -136 471 -304 166 141 -131 -55 -267 3 200 -28 -369 -265 72 44 -4 200 -325 -215 435 153 -74 -301 34 -321 256 40 244 -239 -101 109 10 261 -60 32 -116 -95 -29 47 -94 -298 -123 -138 56 67 173 219 -371 209 10 110 142 -245 -303 -205 -151 -443 -159 -155 -344 -190 221 5 -239 455 41 204 -5 -399 -22 169 -177 126 78 277 376 522 -143 -323 -55 186 198 398 -61 152 137 -100 465 230 326 -120 73 -310 -245 303 8 -329 130 -85 -224 140 77 59 -135 -102 248 47 51 209 60 182 -253 -156 -230 243 155 -250 -414 -300 -84 530 -10 236 -46 464 -196 -220 207 -90 135 8 8 87 -319 148 -746 167 -189 -123 84 -318 -255 148 176 -183 -124 -35 184 12 193 -274 -1 -179 -317 278 175 287 122 2 75 -260 -154 116 287 -26 -415 63 -61 -548 247 -154 -33 -80 267 -65 15 329 -99 33 69 332 -17 -138 -42 465 -140 -160 -0.1143173047635597931741573980008157968014e-23]
[-270 -284 241 382 433 253 -886 -560 534 -53 49 779 -378 603 -255 -310 -324 -128 86 589 -604 -89 -198 -84 27 -423 59 102 3 412 -140 124 -19 -473 238 -458 169 142 56 -127 115 232 11 307 -314 352 -67 91 141 -180 266 -3 -239 -44 228 -134 -55 -30 -326 -154 44 -392 19 185 138 -115 50 285 397 -50 256 -249 451 57 29 534 152 -243 -192 254 362 48 58 50 -79 -312 115 -159 376 -2 97 -259 -536 -56 -77 19 324 85 -252 -25 -373 -183 109 -231 100 121 23 -36 -124 65 166 -224 301 117 171 -29 -122 -516 -147 183 -131 -8 -82 38 68 515 59 -138 37 -471 42 40 17 22 16 36 57 528 171 -58 -76 66 51 -63 10 195 223 -271 -33 133 85 -453 60 58 -287 -141 -365 186 281 3 -315 130 -324 -208 -33 -212 -88 -224 138 -85 225 -3 370 208 -77 -509 -224 177 -135 -198 -42 -118 291 -5 253 82 -81 -26 -132 -226 -138 311 -230 -51 373 56 -19 -540 -246 306 -59 -110 312 115 242 -167 -250 -24 52 -322 33 175 -212.8349999999999999999999993820056095434]
[-139 354 -405 328 82 517 -159 654 372 -940 -23 -71 327 -520 376 462 72 -284 -107 -348 -619 -227 8 270 -23 -108 19 -79 21 135 435 -112 -170 -229 275 -115 215 77 69 -35 -258 112 -1 -240 -5 -398 635 -91 -518 231 83 -183 464 -87 29 -198 72 77 -342 22 16 -1 124 -94 59 31 -152 -20 -145 -27 82 659 29 21 -90 157 -105 27 472 -152 154 -286 389 616 384 -215 -192 -322 -153 -8 230 565 337 -366 -142 -189 1 -107 -129 177 -345 655 -34 413 199 277 304 -441 -10 -97 281 -225 113 -377 -187 -499 -536 -282 -17 175 -367 -220 -11 1 69 208 -35 -76 118 211 -116 -568 557 153 329 102 24 226 -142 131 -12 184 -97 -96 35 -74 -56 -272 -398 -403 -152 56 67 4 290 461 764 10 40 94 69 124 -349 115 -180 -415 -183 506 -175 35 -304 10 148 -47 -91 104 -97 17 355 -324 -17 -599 -30 -90 166 211 220 -64 331 392 136 -268 209 -28 281 18 8 -252 -37 38 -461 -91 -228 311 221 132 -264 104 -134 -584 -150 -28 212.8350000000000000000000011526891082897]
[539 135 -338 -900 -911 -50 738 -200 -396 -716 -990 -369 273 746 -471 -384 344 -245 18 68 -43 2 -512 -321 -179 225 411 -40 -266 -153 504 -96 -18 308 -15 -459 -169 -427 101 39 -205 237 175 342 189 -5 76 49 -134 -495 -206 -85 144 -13 64 -85 -2 -188 -50 -10 160 -29 120 84 100 224 11 -63 139 43 69 422 -163 -72 108 43 -154 -612 -213 209 -81 384 76 -111 82 -302 -744 279 167 -350 145 -425 219 -116 61 -68 -181 106 -20 180 121 214 -340 -392 -358 -217 -171 -331 -180 164 -129 -52 73 328 -89 -338 148 -267 270 10 108 -137 -203 -263 -212 119 -295 -302 -242 -14 17 -243 -64 -86 -21 70 -96 2 299 -207 -230 -294 -71 -198 -300 -72 98 407 -155 55 -159 107 84 -24 -255 -184 217 236 167 -7 -226 223 332 -455 16 -44 -425 200 385 42 -70 227 -64 58 178 -106 -291 49 -42 -219 375 -268 -223 136 233 -151 205 318 -47 31 -247 44 132 -192 96 -105 59 -251 167 51 38 -208 503 -179 -40 -182 -85 72 64 378 -359 195 141.8900000000000000000000008438534717748]
[110 -504 563 33 691 988 -75 122 -37 209 983 -728 -763 527 100 871 103 11 204 86 53 -307 -140 -140 -381 -496 295 -25 21 140 -191 -4 246 422 10 -158 56 -434 141 400 -325 171 166 45 14 55 -308 -136 119 -429 -396 408 53 -355 -26 143 -22 217 -178 125 24 -72 44 249 38 -126 37 244 -37 150 -7 177 230 -117 -209 -280 227 57 -238 4 168 259 -109 -93 -327 21 -104 326 208 239 78 -40 24 -215 -277 -31 -28 82 44 238 -278 -12 -31 -390 133 -151 -441 98 -25 -236 -92 -631 24 415 -213 -2 -224 139 205 271 102 -118 -273 133 232 311 -249 -104 -63 36 -85 365 -89 222 99 -174 104 -4 -371 -210 93 -342 -272 -343 -250 57 -303 166 -142 -242 -96 32 -45 -93 30 -213 141 147 156 87 93 -76 -4 -77 -72 35 157 462 266 -124 20 279 -298 -123 398 150 -83 -42 -187 -191 323 140 279 -48 79 48 -95 286 47 -79 -126 724 -135 -187 -15 45 79 171 119 -37 -396 -53 163 -179 -239 106 -91 251 178 -54 -45 221 70.94500000000000000000000011092621261307]
[628 -214 353 -290 -855 561 -722 486 125 -166 -955 803 -231 -634 756 1 3 40 125 399 111 -42 34 89 92 221 -278 410 165 139 -105 -257 -178 -221 -61 -458 251 -338 242 -196 -460 284 304 -187 -118 42 408 -239 -7 -172 106 5 -118 -159 364 -199 47 135 -113 -91 -111 133 -1 67 -152 126 -158 -333 105 -109 341 87 -139 -20 164 626 -296 -111 84 344 -191 -162 62 -33 -22 -762 49 -401 56 275 14 62 -2 35 -26 124 -80 -173 -217 121 -329 -28 -67 96 -83 -156 115 148 66 -82 -87 -154 175 -82 -43 -199 34 69 93 228 -32 273 343 -83 -148 9 155 -84 180 219 -364 -28 -240 118 -64 161 2 -245 51 182 -414 41 -73 114 402 -91 12 -21 129 -385 -249 27 101 310 -268 -3 24 259 97 118 12 -21 -121 409 19 116 -243 -1 149 64 342 -105 256 204 72 -36 437 -177 -390 -92 -90 -108 -137 342 -603 355 -61 127 -190 106 115 208 -10 -20 -15 163 228 76 167 139 132 161 -33 151 -23 -132 -210 452 -337 -400 390 -207 -212.8350000000000000000000002043394606947]
[294 694 -85 -82 932 -806 -635 304 216 495 428 -694 253 -942 821 283 271 79 -258 -873 -45 479 -86 53 -48 367 76 -164 223 89 83 213 -20 123 -18 30 -303 48 -137 -126 157 18 -152 197 -272 96 398 177 -133 -119 473 -110 287 292 -211 -338 -106 234 -92 185 -30 -24 183 416 -200 109 -28 -278 -246 -189 218 -212 121 -27 3 -581 67 135 -187 173 -106 49 6 51 -181 477 -287 281 -125 31 61 -173 44 -13 -33 -203 111 145 93 -180 118 0 -39 115 41 -119 80 -311 68 -100 332 316 296 -163 -219 -593 73 -519 33 275 65 -41 164 12 240 -178 247 -101 -48 235 288 3 -31 -147 212 55 15 215 -341 528 56 -6 -458 -232 -152 188 -210 -40 235 -154 -543 26 260 264 59 32 -26 141 -94 -458 -456 159 -359 -36 -208 -441 -41 32 3 243 -115 -511 378 -167 17 112 -408 -273 109 -178 234 378 -195 251 -264 59 -289 -349 291 1 -411 -3 388 180 -217 -98 331 -236 -175 97 -197 116 87 255 63 82 116 -284 207 10 175 -51 141.890000000000000000000001893985108805]
[192 -976 -638 616 -943 -230 1006 -659 -228 613 -999 -464 -712 -187 -429 -474 306 544 -190 595 -225 128 11 272 31 166 179 -223 73 17 -202 -87 175 -296 197 470 362 -181 243 144 -295 120 117 -177 381 -73 280 141 -5 -112 -237 277 -93 -61 263 185 43 196 -317 -232 141 -75 87 -50 75 -227 -435 -254 -240 -33 67 51 -138 -145 -69 -71 -156 -254 282 100 -208 125 60 92 -193 -161 -574 -178 -148 390 -257 408 254 -117 -249 64 -178 60 -120 151 -631 -116 -11 -149 203 1 -467 -191 183 -230 379 140 66 78 248 -155 219 -124 -8 114 -133 -46 488 21 244 61 -351 146 141 -330 68 323 -39 -174 -155 -274 -145 -480 -283 101 -24 -238 -48 -56 -230 -41 -138 93 197 -267 -416 378 162 -94 85 -205 -200 -80 28 -88 173 -100 -149 283 -39 213 -21 305 -37 305 -102 1 -21 100 414 -127 -281 -110 47 101 275 408 -246 119 -149 -23 139 282 93 -192 -246 122 104 -86 124 316 91 38 103 -66 -106 250 157 303 23 -126 0 -208 10 -430 174 102 212.8350000000000000000000004337528337075]
[-988 266 -321 -710 -198 -181 536 -1007 666 525 -90 548 580 -718 -915 -57 -604 -98 -60 -136 77 592 137 496 -144 -50 -142 -50 73 148 -38 -170 216 53 95 371 275 14 -412 -60 -465 -233 -21 141 -116 -271 -51 408 163 61 -552 133 289 115 560 87 -183 -15 -258 -288 99 189 7 -166 -65 -165 245 -183 -272 349 -37 -415 177 225 -57 -263 -117 219 -68 -188 170 -108 147 181 -111 106 184 -107 112 144 43 127 419 51 -32 151 -127 162 129 -594 -140 140 -114 -6 -207 -47 -469 55 -63 63 226 -116 10 -326 -365 90 125 224 -1 80 166 136 -31 85 -81 -20 -234 118 -49 335 -138 -43 197 7 330 -166 35 175 -280 -19 70 -109 -98 -119 -174 -171 -146 -546 33 -337 155 25 -309 -12 -121 -8 -23 -165 28 399 292 154 67 -47 -60 -62 -141 -10 64 -146 50 160 -647 -413 172 455 83 -86 50 37 -264 400 29 -27 48 170 -174 45 -82 265 104 61 -91 183 -81 494 16 -71 -34 -122 -27 -430 -206 -155 -364 -220 120 292 15 -173 -11 -49 0.1403945219352697362232918268376558046384e-23]
[-839 172 -349 -379 -891 -794 1010 -342 -599 393 815 -531 579 438 -977 754 -151 -287 380 56 -299 -252 57 -146 -447 -168 210 -215 1 382 -455 31 52 -352 -145 42 -41 42 -112 150 -506 3 220 -136 123 81 33 -163 306 -10 445 -18 -96 12 240 -309 326 -149 285 -270 -30 -425 82 93 -19 367 -403 -278 330 -430 31 -541 -145 175 309 323 -28 -285 -167 8 -460 349 77 11 -66 -384 169 -170 442 -143 260 -404 26 -204 -66 -338 -23 31 -385 152 228 -139 -227 -236 -25 -387 -267 450 -54 -135 98 147 212 51 251 627 -79 -118 -13 449 -38 -18 147 -225 44 150 -251 228 127 -197 -196 468 93 227 -301 173 -146 -277 290 392 106 0 129 -167 13 98 164 221 171 -198 -530 9 182 321 -26 -270 -438 -40 -61 -212 -64 -186 -259 188 91 -59 -103 -294 -5 -144 104 98 207 39 478 -221 -178 -139 -105 -355 41 261 -111 111 -294 -37 -22 165 13 25 97 52 -15 -17 452 235 321 395 300 -231 -94 410 112 -310 -61 121 205 -9 274 -315 35 332 -283.7800000000000000000000009001082157769]
[472 -946 -134 66 -921 249 -992 378 -492 -453 -250 -767 -35 374 847 -1072 63 -90 -27 337 17 -279 -199 -224 -110 -231 57 11 -269 9 129 87 470 -221 100 312 45 -116 -484 -75 222 -200 288 81 380 121 11 -299 -82 -101 -196 14 76 -170 12 83 22 174 -59 -397 72 34 237 -101 -31 -130 -116 203 174 75 292 -36 -392 -73 -287 -117 -269 256 339 31 116 57 -82 -128 -39 200 -110 237 -102 -92 133 -46 -153 427 -207 -133 -67 270 12 373 -301 -166 289 17 69 -53 -126 80 -87 74 -200 -181 -18 17 -193 273 322 -191 -149 186 -202 -82 146 -13 -128 247 84 -75 117 -265 91 -360 137 144 157 -174 -110 -54 -88 -21 364 -143 -161 -165 258 -32 -35 217 157 214 93 447 -220 -272 -40 12 139 126 -99 -78 -340 -289 104 106 85 214 -93 216 -165 84 -143 348 -592 -199 -28 -237 2 -46 254 -114 298 -99 -180 -157 111 -573 166 49 0 23 -188 142 54 15 -114 -260 -325 30 -98 35 -8 559 -103 -148 402 374 -55 -291 473 89 -264 156 70.94499999999999999999999923608577961021]
[217 -226 -686 742 -1009 -769 490 -564 570 466 605 346 895 -568 545 -566 201 415 -467 412 -373 339 -134 -43 222 105 -412 102 -334 28 65 86 69 -165 82 -146 -24 -217 -247 11 155 -111 -47 -164 365 84 168 640 -25 -248 -117 -238 -130 91 -122 115 -216 68 -174 76 203 -133 -187 140 -387 -100 132 -7 230 103 209 -151 -276 468 121 221 -310 -317 -54 -37 -56 -250 -282 -136 42 -108 -229 -81 102 -115 143 -125 -368 -122 -183 -1 21 52 30 -226 -392 -504 -143 338 -492 278 -197 -30 -78 132 -266 150 -115 5 243 -47 531 -653 -16 -134 -216 127 64 -77 -125 244 18 39 52 -395 -92 -192 260 141 89 -282 33 -186 195 -164 -44 -97 353 22 142 96 84 291 89 129 142 243 -217 101 -262 -256 -128 -17 -508 -222 -298 186 -35 -145 -215 47 -322 -242 302 266 41 -30 -92 129 195 -317 -275 92 13 275 -367 100 -271 127 -78 30 -264 135 -370 -477 -231 105 -119 299 -204 257 -123 -293 -60 -177 465 -53 246 176 126 -81 36 -5 -125 201 -117 -147 -212.835000000000000000000000050050889408]
[499 -855 359 -346 -805 -927 -120 786 -739 -338 -26 -764 -975 -487 -253 -93 353 134 90 -206 293 -184 -50 -327 -149 -4 -83 -60 -33 -159 -66 -160 426 315 149 -214 -114 -172 240 -308 230 169 216 178 -168 -75 -402 -322 182 -174 -123 205 -41 48 -25 205 84 -232 -383 -521 -145 -123 -103 -1 337 207 -129 -35 280 -243 -291 -46 60 -3 618 -129 71 -389 272 261 -56 88 -55 -589 -72 -506 10 423 185 -186 -323 -85 343 103 -102 178 -218 -136 296 -287 44 -88 -17 -160 -381 -354 -92 -62 -116 -38 207 59 78 45 -296 -105 102 291 149 -259 -326 -69 -193 -78 18 110 -268 102 -73 39 -44 294 -555 -177 -333 162 56 -6 -129 -144 -42 122 -451 3 450 -338 -153 -132 -222 170 40 114 -136 400 -306 -387 -140 163 -85 -297 93 -115 174 -138 -167 347 -383 -15 162 -54 -116 125 -325 -285 235 -164 195 64 -268 -220 13 73 -58 -212 -152 186 -65 -136 -38 356 95 307 68 -95 143 62 -204 108 77 -59 229 160 272 -285 -57 311 86 246 40 -21 128 -233 -0.3699694536614127686436574032891044794269e-24]
[-528 -269 -997 -239 -434 -182 -614 709 -136 -1004 719 -47 -352 -665 -179 -957 222 -434 -380 -187 188 -138 112 -176 -146 -116 179 77 168 -192 182 -69 395 101 257 -77 -123 -140 -52 -1 92 242 -42 209 -210 -23 156 -42 -273 -442 318 -98 199 386 -190 -196 66 61 4 56 231 -76 24 50 -300 -30 -156 -35 -63 -160 -44 85 -46 -425 242 -85 -77 -147 -280 -285 -382 -259 -34 -58 -353 269 144 223 41 -91 121 -573 -199 -96 64 -44 291 223 191 -10 219 -131 -111 198 -450 -314 -261 -273 270 -96 -436 105 104 -176 13 -321 -727 229 -154 -130 125 109 -115 -96 -104 -97 -96 65 -68 13 332 -3 -395 -31 103 256 -98 123 101 -84 -107 132 -81 -389 25 -361 203 294 9 -176 -298 -8 -130 127 150 -16 208 -95 -479 -33 -212 314 -16 27 95 -144 85 -46 388 143 105 114 -85 -342 199 98 509 -221 -147 -271 90 162 34 -257 65 13 38 128 160 121 -359 -38 115 -79 -319 -129 -88 11 180 -2 168 242 114 187 -198 177 -226 -9 -281 224 -284 104 141.890000000000000000000000081700241361]
]
