[[2027 0 0 0 0 0 0 0 0 0 0 0 0 0 0 0 0 0 0 0 0 0 0 0 0 0 0 0 0 0 0 0 0 0 0 0 0 0 0 0 0 0 0 0 0 0 0 0 0 0 0 0 0 0 0 0 0 0 0 0 0 0 0 0 0 0 0 0 0 0 0 0 0 0 0 0 0 0 0 0 0 0 0 0 0 0 0 0 0 0 0 0 0 0 0 0 0 0 0 0 0 0 0 0 0 0 0 0 0 0 0 0 0 0 0 0 0 0 0 0 0 0 0 0 0 0 0 0 0 0 0 0 0 0 0 0 0 0 0 0 0 0 0 0 0 0 0 0 0 0 0 0 0 0 0 0 0 0 0 0 0 0 0 0 0 0 0 0 0 0 0 0 0 0 0 0 0 0 0 0 0 0 0 0 0 0 0 0 0 0 0 0 0 0 0 0 0 0 0 0 0 0 0 0 0 0 0 0 0 0 0 0 0]
[0 2027 0 0 0 0 0 0 0 0 0 0 0 0 0 0 0 0 0 0 0 0 0 0 0 0 0 0 0 0 0 0 0 0 0 0 0 0 0 0 0 0 0 0 0 0 0 0 0 0 0 0 0 0 0 0 0 0 0 0 0 0 0 0 0 0 0 0 0 0 0 0 0 0 0 0 0 0 0 0 0 0 0 0 0 0 0 0 0 0 0 0 0 0 0 0 0 0 0 0 0 0 0 0 0 0 0 0 0 0 0 0 0 0 0 0 0 0 0 0 0 0 0 0 0 0 0 0 0 0 0 0 0 0 0 0 0 0 0 0 0 0 0 0 0 0 0 0 0 0 0 0 0 0 0 0 0 0 0 0 0 0 0 0 0 0 0 0 0 0 0 0 0 0 0 0 0 0 0 0 0 0 0 0 0 0 0 0 0 0 0 0 0 0 0 0 0 0 0 0 0 0 0 0 0 0 0 0 0 0 0 0 0]
[0 0 2027 0 0 0 0 0 0 0 0 0 0 0 0 0 0 0 0 0 0 0 0 0 0 0 0 0 0 0 0 0 0 0 0 0 0 0 0 0 0 0 0 0 0 0 0 0 0 0 0 0 0 0 0 0 0 0 0 0 0 0 0 0 0 0 0 0 0 0 0 0 0 0 0 0 0 0 0 0 0 0 0 0 0 0 0 0 0 0 0 0 0 0 0 0 0 0 0 0 0 0 0 0 0 0 0 0 0 0 0 0 0 0 0 0 0 0 0 0 0 0 0 0 0 0 0 0 0 0 0 0 0 0 0 0 0 0 0 0 0 0 0 0 0 0 0 0 0 0 0 0 0 0 0 0 0 0 0 0 0 0 0 0 0 0 0 0 0 0 0 0 0 0 0 0 0 0 0 0 0 0 0 0 0 0 0 0 0 0 0 0 0 0 0 0 0 0 0 0 0 0 0 0 0 0 0 0 0 0 0 0 0]
[0 0 0 2027 0 0 0 0 0 0 0 0 0 0 0 0 0 0 0 0 0 0 0 0 0 0 0 0 0 0 0 0 0 0 0 0 0 0 0 0 0 0 0 0 0 0 0 0 0 0 0 0 0 0 0 0 0 0 0 0 0 0 0 0 0 0 0 0 0 0 0 0 0 0 0 0 0 0 0 0 0 0 0 0 0 0 0 0 0 0 0 0 0 0 0 0 0 0 0 0 0 0 0 0 0 0 0 0 0 0 0 0 0 0 0 0 0 0 0 0 0 0 0 0 0 0 0 0 0 0 0 0 0 0 0 0 0 0 0 0 0 0 0 0 0 0 0 0 0 0 0 0 0 0 0 0 0 0 0 0 0 0 0 0 0 0 0 0 0 0 0 0 0 0 0 0 0 0 0 0 0 0 0 0 0 0 0 0 0 0 0 0 0 0 0 0 0 0 0 0 0 0 0 0 0 0 0 0 0 0 0 0 0]
[0 0 0 0 2027 0 0 0 0 0 0 0 0 0 0 0 0 0 0 0 0 0 0 0 0 0 0 0 0 0 0 0 0 0 0 0 0 0 0 0 0 0 0 0 0 0 0 0 0 0 0 0 0 0 0 0 0 0 0 0 0 0 0 0 0 0 0 0 0 0 0 0 0 0 0 0 0 0 0 0 0 0 0 0 0 0 0 0 0 0 0 0 0 0 0 0 0 0 0 0 0 0 0 0 0 0 0 0 0 0 0 0 0 0 0 0 0 0 0 0 0 0 0 0 0 0 0 0 0 0 0 0 0 0 0 0 0 0 0 0 0 0 0 0 0 0 0 0 0 0 0 0 0 0 0 0 0 0 0 0 0 0 0 0 0 0 0 0 0 0 0 0 0 0 0 0 0 0 0 0 0 0 0 0 0 0 0 0 0 0 0 0 0 0 0 0 0 0 0 0 0 0 0 0 0 0 0 0 0 0 0 0 0]
[0 0 0 0 0 2027 0 0 0 0 0 0 0 0 0 0 0 0 0 0 0 0 0 0 0 0 0 0 0 0 0 0 0 0 0 0 0 0 0 0 0 0 0 0 0 0 0 0 0 0 0 0 0 0 0 0 0 0 0 0 0 0 0 0 0 0 0 0 0 0 0 0 0 0 0 0 0 0 0 0 0 0 0 0 0 0 0 0 0 0 0 0 0 0 0 0 0 0 0 0 0 0 0 0 0 0 0 0 0 0 0 0 0 0 0 0 0 0 0 0 0 0 0 0 0 0 0 0 0 0 0 0 0 0 0 0 0 0 0 0 0 0 0 0 0 0 0 0 0 0 0 0 0 0 0 0 0 0 0 0 0 0 0 0 0 0 0 0 0 0 0 0 0 0 0 0 0 0 0 0 0 0 0 0 0 0 0 0 0 0 0 0 0 0 0 0 0 0 0 0 0 0 0 0 0 0 0 0 0 0 0 0 0]
[-968 465 213 318 -211 -910 1 -160 196 535 41 -56 -7 -98 51 31 80 -154 -148 25 -122 78 125 -16 0 -57 116 177 -24 -93 201 -308 -134 -66 174 164 35 -133 143 120 55 253 72 -218 20 -388 32 74 -146 -241 -60 147 -248 120 225 -327 -88 11 179 97 -236 -103 267 159 -9 -33 188 104 -71 -27 -163 -248 167 40 -72 -114 10 138 137 43 13 -294 29 -78 -28 174 16 -182 18 -164 -351 -74 141 -89 52 0 128 110 34 -84 136 65 7 -43 -107 -9 143 -52 135 91 219 -2 70 -35 -62 114 18 -49 -19 133 63 -132 359 59 121 85 128 -85 39 27 -149 128 250 190 -207 -110 247 92 -24 105 99 -226 -31 -64 27 7 238 30 -216 -64 6 -181 96 92 -90 -3 44 -163 49 60 86 -187 -132 41 -55 16 176 -123 -54 393 163 31 29 -39 73 170 -49 10 -60 189 59 17 68 185 17 -40 187 -96 -37 6 -219 137 206 -101 45 -209 9 -112 70 -146 -45 -51 84 -71 -222 -71 -76 128 78 46 -330 -17 141.8899999999999999999990806714717524039]
[442 -438 -239 293 794 422 -291 19 92 -357 74 141 -315 -60 -125 -5 286 89 234 44 -321 96 -96 118 13 -194 -90 108 -122 23 132 92 -52 -88 -2 131 105 -97 -160 -96 -120 -93 161 -67 111 -46 96 1 57 -38 -135 1 -20 -109 67 -254 9 -70 105 -89 18 249 -178 -294 -35 129 13 203 -5 -300 -118 159 28 -42 -54 115 -81 31 -132 27 88 10 -96 -281 -117 -148 198 133 7 174 -11 25 -199 -119 -122 307 -3 -70 -3 -151 71 52 42 -90 -12 -156 85 -93 133 -108 -229 -123 -71 -23 -31 -3 163 -124 -122 -5 -40 157 26 17 -30 -71 70 -153 110 -117 -37 65 -125 226 -82 -90 -194 16 -3 -176 162 -20 -5 -82 -291 -14 -42 -121 66 235 -87 -7 -105 109 -210 -143 59 30 57 -109 47 -338 -253 116 79 232 58 -28 13 -22 -11 41 -114 142 -78 58 -62 214 -149 -134 21 48 -58 -88 36 65 -86 -107 244 129 -150 251 -68 296 -93 -24 -86 -10 249 -48 101 2 -74 -81 135 203 -1 -155 -65 -110 84 -8 141.889999999999999999998905158174981241]
[802 532 -367 463 616 513 150 115 -384 88 -30 0 357 263 131 57 -56 254 148 -216 345 -7 34 -164 97 124 16 -212 122 -219 -270 -170 16 41 -151 43 -38 -31 -46 116 43 -32 -255 68 103 33 -65 -163 124 157 251 -13 50 -300 -66 191 -93 -45 86 -109 67 -99 107 112 -271 163 -48 -71 194 203 26 174 -107 342 82 -75 -84 -230 9 -49 242 -23 182 96 15 -34 -275 135 -114 275 168 189 96 -110 -134 -273 248 -11 -59 95 48 -147 29 -136 152 77 -126 75 -95 -4 76 -10 127 415 45 22 -139 121 102 -161 63 19 -307 -137 -180 -268 -90 12 174 -66 1 -91 -66 -17 67 184 -19 10 12 69 -278 121 178 44 236 273 -91 93 243 -53 -34 -80 -270 104 139 62 -211 355 -188 19 293 350 -5 1 -81 -131 78 -56 -116 -17 94 -264 118 -143 100 -90 -28 -97 161 -192 -29 -96 114 -51 -80 330 -193 382 213 38 56 -97 -283 -106 -74 122 136 -29 -342 104 -55 -155 31 -103 205 -37 -119 -147 64 21 58 -201 -141.8899999999999999999989315112031689651]
[759 44 739 725 -368 -775 40 -532 349 306 44 215 441 -34 -101 -105 9 -100 -34 28 -55 2 -110 -88 134 49 -184 -218 -68 -89 87 55 -20 107 258 67 236 58 -30 59 -112 147 -87 -11 -90 37 158 88 161 -106 196 -7 -233 -150 30 -184 -93 -86 214 63 -1 -230 -45 36 -86 76 314 142 -164 294 -154 -191 197 172 -94 -76 -32 -59 -17 98 130 -71 32 14 -66 40 -190 -159 -47 -48 -138 26 53 -369 -96 284 84 -10 38 -41 160 151 -79 213 41 63 -80 1 -78 44 359 63 175 86 -47 97 -229 -116 -29 -54 211 -95 187 -57 113 68 -62 -98 298 203 22 120 256 30 -89 -59 75 276 -246 138 -5 -65 261 -166 89 5 134 -98 68 131 218 -235 -270 -224 6 48 -30 232 -89 -221 111 114 -281 110 -211 96 214 -207 -317 80 234 20 178 149 -115 136 -147 -84 170 -2 88 152 60 20 -10 140 -123 33 -118 147 -209 152 14 -131 -42 -262 -151 86 -124 6 -74 -151 166 -76 -27 -11 -272 100 124 -209 -175 -297 141.8899999999999999999994737273121474568]
[227 -414 -899 144 -425 -488 -373 141 -17 -369 -146 -31 -434 -142 -341 48 -81 -159 -101 95 2 -6 -229 61 -153 -25 -70 291 -100 384 151 -47 317 -131 -15 89 -200 -127 -214 -253 -33 -116 92 311 20 88 46 93 -9 -95 -80 1 165 104 225 -34 -271 -1 -316 144 -66 -60 188 -178 84 9 -222 110 -270 -101 78 113 -98 -292 -122 194 213 24 -31 -331 -123 -70 215 -76 19 -251 112 188 46 -4 -191 -145 -293 184 183 -14 -200 -60 -71 -201 -473 -91 -104 -259 100 -206 -179 -308 66 73 -237 -104 -258 -36 -50 -53 201 160 154 -105 -28 218 -122 253 64 194 70 185 -114 -71 15 -203 9 -8 -91 53 -109 -153 256 -136 -4 56 -230 53 -49 -181 -143 -7 116 -69 -94 199 -59 169 170 61 271 -160 161 -37 -208 -274 312 -92 16 136 -190 173 71 -251 -150 -62 -168 59 113 -254 -36 11 -69 -105 87 24 -124 -137 56 -236 35 -38 39 257 31 -89 -56 370 217 109 -210 101 143 -7 -28 135 131 139 -95 24 95 99 -330 202 329 242 0.1343420377581481814678353301005346576158e-20]
[-654 213 79 936 -524 82 83 -330 430 325 -121 -92 -222 71 -127 -32 -156 -106 -317 -79 -246 103 -28 50 14 -24 224 117 -121 115 97 72 291 -97 -1 160 -35 -27 -75 -84 261 -109 58 -44 -192 -76 76 246 43 -206 -105 -50 27 35 208 -24 -163 67 -176 101 -28 -317 -69 -156 125 -114 -104 239 128 189 7 28 120 -242 -355 181 -162 65 -70 -244 -311 123 14 216 -164 -104 194 -94 58 59 84 12 -435 150 189 -30 -161 60 -117 -22 -6 -117 -60 -265 -156 -196 41 -103 -4 108 179 97 -152 -84 -116 -7 -105 294 -81 82 -43 252 135 62 88 104 99 -177 144 121 45 154 98 93 -61 -161 -9 -172 101 -219 99 -158 -143 196 102 -230 58 126 -248 74 -279 -1 175 38 -150 102 -19 -485 81 -136 33 63 52 -235 -45 37 -73 25 96 -195 -203 24 31 52 101 -110 7 49 -113 429 -7 44 -111 46 -46 -245 39 -17 -58 26 -95 58 81 -4 281 -236 -45 75 56 -95 -5 -21 74 37 66 85 73 217 93 89 -109 130 141.8899999999999999999994456153260894815]
[-993 342 498 367 -313 -349 -341 56 -86 263 -20 -97 -216 -14 -171 -85 108 -8 126 249 101 121 -143 -107 -46 -15 -227 398 130 -194 66 -213 -129 -41 83 230 -245 -261 -100 -11 -98 336 69 -52 320 -368 -127 25 127 -283 243 20 -38 64 47 -282 -92 -43 53 -1 -75 209 238 198 222 69 134 142 -96 -97 -219 -133 -440 165 234 -342 105 179 79 225 167 -493 23 28 -11 -177 -122 127 89 -5 -325 -44 196 -72 152 44 269 -9 -307 -205 20 262 60 20 -6 55 -75 -282 324 100 -224 -62 12 140 37 114 -82 -128 35 -42 -75 38 42 54 53 -34 44 93 -6 -301 -329 -12 263 -1 -172 116 151 247 221 273 -56 9 162 -164 271 250 69 121 310 -54 160 -332 -517 140 -38 -68 39 57 -239 85 277 -300 78 35 148 106 98 2 -320 106 189 -80 -79 110 286 -66 -289 -76 93 -8 323 87 175 196 -197 253 -124 135 356 -13 -274 24 -189 510 51 -159 -131 -211 -130 -108 55 -20 14 -47 100 -145 -233 -53 -158 197 -128 -135 -0.7474955637061186535737148368507658247051e-22]
[408 -334 358 -114 -276 -831 -72 -165 67 -15 149 49 161 97 -36 38 76 121 64 69 -62 -145 -245 -13 -96 43 -116 -273 56 51 -134 8 130 -40 110 -103 150 21 -106 -19 -30 -21 -234 53 33 143 -104 31 421 435 0 -122 18 -280 0 -69 -106 -382 -34 -376 60 42 -68 -178 -138 283 -49 241 -94 45 116 397 213 -38 140 -2 213 21 -1 -138 36 31 256 -181 -123 87 -16 222 -139 -17 -189 208 -157 -151 -91 271 -304 20 -75 -338 -154 -59 157 -18 211 -201 -287 -246 -203 11 -111 43 -19 -99 -131 93 -225 11 -142 -370 129 28 -88 11 -200 -126 -145 58 280 79 -35 -125 141 79 -64 -47 -9 127 177 -34 -212 37 -20 -69 -155 22 81 185 238 321 -12 -37 -341 145 299 -227 260 267 53 -147 -4 -203 -15 51 -61 273 117 -137 49 -162 91 -170 134 184 -175 31 -298 -148 84 -365 85 176 19 -162 18 123 -286 77 -12 171 -188 27 -183 314 -179 -37 -200 302 42 257 -280 -45 32 -108 112 8 -141 -222 4 -259 147 -104 -70.94500000000000000000051709315450328674]
[731 -987 -297 -969 -793 413 245 326 -174 -391 -78 141 108 -127 -25 -90 38 -9 176 289 329 -5 82 77 121 259 -1 -60 -84 299 3 -15 228 49 -54 -257 -43 -124 -15 164 -212 -201 -213 96 -47 57 -42 -383 -419 147 52 119 -21 134 -350 365 172 282 -82 156 110 -149 124 54 -128 -14 -156 -204 7 14 176 -126 -143 -84 62 266 96 50 221 158 85 -58 126 -147 152 -107 53 167 -164 154 7 58 -15 261 -36 -304 -221 62 210 140 -207 -126 11 -23 -132 140 21 157 147 110 30 103 2 -105 35 -114 109 37 58 344 133 -186 -188 89 159 199 149 283 -176 211 88 -185 28 -280 12 186 -131 -27 -51 -58 -321 240 46 -87 48 -19 -62 -93 -172 -282 -181 252 413 56 63 169 -22 -83 61 -1 -383 211 152 96 -34 -303 -231 159 151 120 292 98 -22 53 107 -119 178 11 -7 -190 -90 -267 24 197 221 -236 162 -39 3 -144 259 -312 9 -241 301 75 168 -127 214 211 -259 0 115 258 -137 -88 141 108 -37 57 121 30 -70.94499999999999999999827688045276298259]
[-860 996 823 622 107 -491 -279 329 -236 79 -275 82 105 -47 366 156 252 -155 -66 -65 43 86 252 77 27 -191 280 -2 24 51 208 -101 -168 6 -131 -80 146 -157 196 137 -145 51 34 -227 78 -132 -86 -56 -331 311 -132 -11 -252 214 -264 104 176 -76 395 -108 -197 156 80 -33 -104 -232 -93 -110 -155 -195 -206 -191 101 -24 42 -162 -77 -38 -67 150 81 -67 -278 -27 197 48 -25 -20 -129 -85 183 22 -4 -40 73 -397 193 -33 249 51 207 -256 24 -282 -178 14 150 379 120 -17 140 -125 -24 -64 21 -269 290 -2 -200 132 -65 -20 110 18 121 -28 167 103 -144 35 16 141 -45 126 39 -8 362 -143 -157 -67 -58 46 -21 -84 24 216 144 36 -66 -191 80 -25 419 125 -294 71 -185 -167 129 -72 -168 6 -158 7 -152 -218 -34 -220 182 379 145 266 101 -277 129 31 -105 84 -136 71 -63 -263 33 -184 185 -170 131 -315 225 173 103 40 267 -172 50 225 289 -266 279 -86 -26 90 65 -45 11 30 288 -71 -225 21 -14 68 70.94499999999999999999977644823560295012]
[-958 -935 -123 -543 -238 968 -80 -186 519 130 259 10 -367 -39 113 -316 246 335 214 239 -266 -48 139 22 -155 55 97 26 46 -106 -47 95 -130 101 242 135 56 -144 -152 -23 52 -157 -11 -181 386 -357 -238 8 42 126 -210 -189 -179 49 -256 5 177 55 -180 -213 146 121 -211 -106 -45 93 139 -79 404 -43 -12 -114 -57 -118 87 217 -209 480 245 239 -246 -2 25 49 -124 199 124 -39 -60 -142 -372 154 5 -61 -138 287 -315 52 -299 -174 339 261 367 238 -232 180 413 8 169 251 -129 389 127 -218 126 111 -197 13 -251 187 -19 -205 184 -19 97 -50 34 5 2 -91 -352 20 382 -58 -200 -110 22 277 237 -23 -17 -12 270 -150 -150 -31 401 355 51 210 -222 -151 46 175 -139 -297 74 -320 168 -20 -55 -289 -9 148 288 13 40 108 -9 -12 157 97 14 324 -175 190 -249 165 -248 309 -13 -117 136 415 14 70 129 29 -92 -322 -90 -186 277 185 45 -437 -39 -76 164 -12 -28 -21 -155 4 -68 102 -115 11 250 15 -119 -24 -0.4980731945272025689977234478005713169679e-21]
[-736 336 916 34 1002 -239 415 151 -555 -99 -125 -110 303 -108 95 31 -344 71 -142 -264 119 102 90 -3 120 115 -102 -177 -126 -41 -234 -66 -173 -76 -124 -211 -9 60 369 105 -93 -4 -192 -119 -47 73 -72 -84 -161 89 15 173 294 288 -148 43 138 40 89 3 -94 -180 15 -138 138 14 -233 -330 -102 -16 -58 108 246 113 -8 -106 -49 -30 -55 -144 45 -53 75 -354 12 137 107 -214 -246 277 -30 54 10 141 -109 55 159 237 75 -79 -57 -175 -173 -87 -109 322 223 -75 -81 -270 151 -18 112 -69 120 -197 -18 -150 305 140 -40 -158 -106 -42 -139 -48 161 -4 -36 128 377 33 -269 -106 251 63 -88 -219 -343 285 144 15 -118 32 -241 -34 69 -67 -185 -70 39 260 82 -145 -71 277 72 290 88 342 -20 56 -54 -63 128 -90 -27 82 128 139 70 -74 -152 -178 21 26 327 -40 32 -352 -9 34 116 91 227 -2 106 189 43 -124 38 143 -13 -320 -35 368 171 77 -129 113 -1 143 -174 -17 54 -204 -10 -21 32 96 24 272 0.2434013283663879151742891594843026803474e-21]
[227 -1004 714 -458 -562 -234 -128 -33 -203 342 -274 -314 31 152 98 364 -447 -370 -437 -162 -60 76 -105 79 -336 46 158 132 79 72 165 153 9 -60 -269 -133 -77 234 212 -502 -92 207 6 274 -36 -108 -239 219 139 -5 63 74 358 190 9 -123 -113 -170 -218 -5 -29 72 -67 155 355 -201 -262 134 -410 112 24 -39 -348 -251 150 -297 278 -39 -103 -92 -344 -69 -401 345 308 -178 -59 -67 264 -131 111 -137 -227 160 100 -316 -130 144 -27 -25 -38 -104 -70 -69 201 -150 -193 129 -341 -77 -37 -115 -315 -133 122 -174 177 -160 -85 -165 -335 162 -142 56 -179 212 -123 -28 -441 -240 52 23 130 -382 50 -95 267 -167 97 80 -41 255 -209 205 160 50 -11 -30 72 -9 306 119 -8 -148 16 110 80 -341 163 3 -211 88 388 -302 125 -13 -238 283 60 -322 -217 68 96 -142 127 -239 -7 -333 187 -144 36 103 -21 -213 90 24 15 103 -26 -59 -82 -43 105 140 186 210 -47 93 14 86 -121 373 -2 -106 -40 -366 127 159 -281 316 121 98 -141.8899999999999999999996298767747551833]
[4 36 60 -782 -101 -617 -61 174 223 -68 241 -12 293 -27 -320 -238 -94 103 8 43 29 -194 -245 -167 16 83 -177 -71 54 -261 -110 107 235 -93 -29 -77 -66 87 -55 -25 139 182 -29 213 189 355 167 -79 212 -120 -48 -221 53 -397 120 -250 -80 28 63 -220 -37 26 -149 44 -243 116 162 68 -135 -32 72 -11 78 175 16 75 104 -105 -256 -277 205 -53 177 21 -5 64 -187 136 106 289 8 -206 175 -207 -109 -88 -113 -74 -19 80 -63 166 -220 1 349 -20 -594 -276 -128 93 -176 -374 248 8 -160 1 -107 -124 165 -343 45 318 -32 44 -181 -2 -94 88 176 -99 22 -54 -98 221 204 68 -24 91 164 112 -96 82 -170 48 61 -38 -430 91 150 10 328 0 -597 -141 83 -323 33 278 -369 -144 378 140 77 -34 42 243 311 -144 -137 -116 -155 -333 10 -16 -241 -27 -101 -89 9 -254 41 186 -208 -373 -188 260 -360 303 -65 88 -130 56 -336 94 -281 -48 -101 385 -113 -95 64 -196 -211 -133 -136 -85 -62 34 -147 -193 78 -380 -70.94500000000000000000149768204530348104]
[358 993 32 949 981 527 -176 365 -4 223 230 -252 35 -88 -73 227 38 -141 -144 -75 -216 -89 -153 163 -247 -208 235 152 -112 -93 347 -131 -162 -161 -136 -60 -138 110 209 -80 3 146 34 -18 173 -35 -25 -31 158 156 -359 296 -74 -147 341 -444 -150 70 79 -241 -157 259 -28 54 -267 157 59 29 -310 -227 57 -19 298 24 -221 152 0 281 150 -195 14 -109 80 -250 171 222 119 -30 369 -144 -255 -310 35 19 -202 100 -67 196 240 -23 26 -39 -2 -233 244 -379 -16 159 -16 -118 -175 -242 69 -112 -12 121 533 -126 -85 74 -18 284 180 270 -9 80 44 79 -73 -446 -51 -187 205 250 27 -218 266 -275 123 -83 104 -149 -470 366 -358 -329 0 -144 -28 -130 171 -27 94 102 202 -41 260 -279 234 -2 112 -474 129 246 -222 72 217 109 9 199 -12 -111 -110 4 -396 -8 113 57 -202 -313 -163 25 -300 -262 245 -157 192 -136 -89 305 -355 156 57 11 -135 82 62 256 182 -25 282 92 -239 -83 -458 -26 97 -75 -159 70 108 -1 141.8899999999999999999987278657507442023]
[146 -178 124 379 633 -615 351 -388 340 -180 -26 281 87 -25 -88 174 -17 36 345 192 -72 295 325 -68 15 252 45 -14 -214 192 -56 -137 37 143 7 -76 67 217 200 35 -183 -1 60 349 -337 -53 200 -174 -394 -328 102 58 -146 -116 31 75 -65 153 128 421 147 -293 110 240 -216 164 206 121 196 384 196 -149 -251 -59 -157 -66 32 -278 141 344 42 -8 -260 -111 -6 -216 -150 4 18 239 239 78 127 -197 -200 -242 -11 78 273 375 -101 247 -66 440 41 -132 -130 203 -3 -145 254 -44 24 -36 -160 12 -81 -286 -9 139 196 -209 -138 -114 101 10 70 -128 -1 122 34 22 -173 -251 43 -15 -330 145 -243 -26 31 91 240 -99 260 86 -13 -468 -341 54 -76 117 299 -132 3 37 -244 33 47 -238 -62 551 -296 77 -182 -247 116 29 -39 29 188 58 -15 -107 -156 195 312 -258 138 -109 -9 -87 -191 520 -43 53 164 223 -188 -184 -27 -154 -117 -270 68 12 -161 84 -73 52 -289 -118 63 -190 -174 -214 -14 -43 373 170 -245 -169 -141.8899999999999999999992450269557970525]
[-513 663 459 -943 -887 -895 -299 155 173 -33 171 -64 202 -237 -2 -73 200 -130 26 -36 -161 -206 86 43 -69 -339 239 -466 212 28 339 23 -186 149 31 13 303 217 287 202 -66 -169 117 -82 -22 206 45 399 220 226 -447 -71 -132 191 -149 -33 115 -68 157 -198 -47 449 -110 -138 -335 -108 -66 -282 -192 -264 -76 99 383 117 -64 223 182 159 30 110 -16 177 -184 10 314 463 -59 -232 -34 -445 -210 -277 345 82 44 323 -155 -9 78 -22 -1 173 -26 125 176 85 202 16 -145 -7 -124 81 40 -117 -48 -66 319 -131 -57 55 29 -70 289 23 -18 103 -265 110 -137 -41 61 -91 -1 170 156 -48 187 105 -214 -61 20 4 -186 35 -365 -277 -70 183 -161 165 248 -75 133 -116 154 -266 253 120 -83 18 -21 -113 58 -138 -44 338 -75 -158 124 141 -93 3 57 -23 -241 140 -184 196 -249 -3 -53 -1 -164 -234 115 -188 103 -349 -254 226 193 -5 92 64 -263 82 35 -139 341 18 -41 -10 -229 -82 -451 161 110 -67 -283 -280 -21 9 -0.2359080332910021505560997992501093278861e-22]
[-816 176 -730 -269 231 530 -564 272 -19 314 49 -223 -86 -214 -126 -68 -7 157 -556 72 10 134 -273 34 -282 -57 27 349 -204 11 -4 -254 -30 -198 -92 -157 -429 -63 51 -196 -136 336 129 47 318 -124 -126 -14 -105 164 -295 -25 -23 39 82 -151 -100 111 239 -398 -386 67 98 125 308 71 -43 33 -415 -171 -5 45 65 -196 137 -454 -171 204 -76 -443 -14 -151 84 -129 167 -60 -30 104 24 -81 -236 -87 -80 27 214 -113 169 -142 -115 -258 10 -49 -77 -137 1 -73 124 44 124 -4 -176 -78 108 -293 35 -143 123 31 1 -408 -62 424 -35 121 84 -56 136 126 -74 -94 -211 55 237 13 3 -232 242 -15 272 139 -70 -66 -96 94 0 -24 53 229 339 -278 389 -41 -280 72 -78 -232 242 -86 127 -167 -129 -386 -78 -26 89 34 -49 -90 -219 131 -103 -50 -347 33 -205 -172 -111 -100 -149 -127 329 -61 -155 -26 -88 -66 -2 -40 178 347 -60 -295 107 441 -51 219 -26 297 151 -176 90 17 53 56 -45 -223 77 60 -260 219 293 219 141.8899999999999999999999358617077723453]
[-760 -669 758 658 -773 533 159 -60 -144 182 -17 -228 489 161 18 -30 -202 -134 -261 68 152 -95 -196 19 56 152 154 -154 -154 -159 -48 23 -86 54 67 -212 52 -36 75 153 -34 8 -180 -132 -231 356 -198 -60 163 88 170 -91 41 76 -353 74 101 68 289 -227 -122 -244 -100 -123 -116 -160 -315 -43 -129 -8 172 176 177 31 153 122 166 45 25 79 102 -84 507 -137 127 84 66 127 -194 -67 -161 -216 -65 125 235 173 -34 375 -35 -117 -247 -111 -206 89 369 105 46 -49 -133 -185 115 -49 89 -205 65 191 -42 -50 43 113 65 121 85 61 75 257 -121 52 128 149 124 67 231 -47 54 164 122 -47 -132 100 -300 78 -209 -64 5 -138 -17 -112 -177 -115 110 -23 121 -62 111 98 288 136 -192 -11 -69 55 88 -116 12 230 -22 89 -30 63 -58 9 -78 219 130 -11 166 -78 142 -332 170 82 -180 -34 200 -190 -132 -165 32 59 66 126 -78 -170 25 -56 129 -78 -152 453 -229 -129 27 -7 -158 -78 -154 -9 -120 20 -26 212 141.889999999999999999999769008715345316]
[-143 -628 -57 -272 420 -189 111 -75 353 -14 170 -4 190 74 254 -233 101 144 111 -354 -281 -112 141 -284 -33 23 13 -301 40 -362 -156 275 -180 383 176 128 250 -22 -151 -223 141 -279 7 -110 -31 169 303 -6 82 -347 -160 -185 153 -210 72 13 117 -30 219 -45 -59 -71 -467 -39 -74 -151 41 44 336 -124 111 50 -24 36 -21 2 -207 -399 -323 -50 95 133 151 319 -126 198 -78 -222 -129 218 132 -16 157 -364 -335 -166 -62 31 -10 17 153 204 -69 254 149 228 20 171 -60 129 234 62 195 284 193 -46 -59 -73 174 -103 95 -99 -14 -141 50 -201 -57 -264 205 89 144 105 -112 -34 131 -74 -294 -27 -272 114 37 379 137 -68 74 106 -157 -70 -40 -8 -28 12 257 -115 -186 -288 -206 213 -273 33 246 374 -271 -191 148 -6 166 94 -232 -202 -364 -79 58 -168 -244 215 -83 273 -24 -24 -81 77 -127 -339 -253 343 -155 167 -137 -84 98 95 240 -366 -170 -134 -102 -21 -231 -83 280 -234 -72 89 -36 137 -84 3 112 -77 66 -131 70.9449999999999999999998432656882864816]
[265 -172 671 -375 469 963 55 -95 52 245 -86 19 262 184 -148 -68 -45 -149 -288 -297 358 58 -5 145 122 -129 384 -261 31 11 33 -39 133 -178 -296 143 31 453 412 67 86 169 61 267 -131 -30 203 197 -134 -5 -85 -180 -102 108 -37 -53 -100 51 61 -62 -4 174 -97 276 -102 -68 46 -232 -149 306 38 -26 -54 246 -113 59 -200 -235 -107 -103 16 380 -431 369 361 -86 -184 165 154 -282 73 14 13 108 174 -406 75 -69 -16 551 58 -63 -103 -257 113 -124 41 181 -147 -66 64 202 37 95 53 -82 11 126 -330 -34 -2 187 70 -39 -198 -41 -308 -41 -79 54 1 183 227 55 68 100 363 38 89 -165 -258 -207 80 142 451 -67 -356 22 -343 67 324 146 -35 -294 -114 -141 -289 -147 -128 -404 64 381 -13 -252 -184 -52 -210 -341 185 -48 -141 121 96 -115 43 61 70 45 -239 330 -51 -252 -107 -155 111 -53 204 82 -92 139 119 -179 -285 -278 75 103 207 -99 283 -259 -9 -104 144 -200 -134 -61 345 157 -32 -146 -5 -343 -70.94499999999999999999953534770526361705]
[-519 235 845 61 -193 188 288 -184 -67 342 -70 -68 37 261 268 140 -299 19 -323 -162 72 -342 413 -33 181 -146 104 177 -75 -229 -132 44 -186 118 81 368 50 85 -66 4 460 38 79 -317 -95 4 24 347 35 -284 151 -29 -75 170 190 226 48 129 -67 276 -301 -43 210 -15 -56 -285 167 -22 215 -13 -107 -138 369 127 -15 10 -150 -221 158 -212 12 279 118 35 -163 216 -68 -279 -27 -30 152 -138 69 -99 228 -129 418 -122 -109 264 284 -2 -137 51 -161 229 333 -50 -10 247 369 35 221 402 24 86 -162 92 290 58 -28 -235 231 -177 -29 89 135 -252 56 198 154 240 -250 140 -262 -227 12 -19 -354 63 182 -368 107 117 45 1 331 121 -63 -116 -147 137 156 -92 -29 487 -16 300 -162 256 149 -29 -234 129 -116 91 324 58 -206 126 -89 80 -18 -155 40 186 306 -126 57 524 -137 161 232 108 -170 27 228 -144 3 85 95 -51 242 -234 -120 -139 73 -316 -260 -84 148 -95 197 84 141 202 -132 315 150 73 -351 198 0.6033797892434169098533681442619869272903e-21]
[290 -437 -714 -413 409 405 221 25 193 -245 57 125 -229 -31 -11 -195 58 -34 -107 79 143 -35 419 -14 236 -107 -36 162 -318 200 -42 -89 67 -139 28 -162 136 -149 43 26 57 -35 152 -78 -47 17 98 -185 -487 -265 -282 -122 -327 177 15 24 176 507 89 171 -277 -230 25 91 -163 -39 357 -403 41 -80 -167 -107 74 -110 -68 173 48 -108 -112 -135 202 104 31 -100 -13 108 70 -203 -50 -54 70 -170 -136 103 46 -3 -125 -177 245 328 278 -94 -276 -8 -367 409 50 116 86 105 85 -119 21 -289 59 -62 -91 -133 -9 262 -22 -133 102 80 224 334 165 196 -72 391 -74 211 -63 42 -241 93 -98 -5 144 -4 -145 -222 128 95 13 -157 -39 12 -230 -119 32 441 310 103 -215 -6 -171 -207 173 -301 17 -19 -169 258 -91 -268 80 -103 191 305 11 290 -105 -17 96 288 444 82 -392 207 -187 -28 -68 103 140 -428 305 -257 -116 -246 207 -287 310 -378 208 -313 166 85 277 -101 -66 70 -40 97 -308 -18 122 80 60 -150 -92 82 -70.94500000000000000000052215155781950457]
[-498 -855 179 910 402 -648 -130 -143 117 85 172 9 246 -27 -69 64 4 -16 -31 71 -108 375 150 27 148 -7 108 15 -156 -23 182 -157 -356 71 38 -170 135 13 325 216 -12 -245 285 72 -181 182 79 165 -67 50 -200 49 -377 26 -166 -107 215 45 348 84 -14 -113 -66 -124 -121 63 211 -73 -127 130 -14 -55 215 -35 -108 -149 -75 -108 90 -3 50 137 -207 -168 -68 134 -84 -476 -84 -62 122 -347 -114 -78 23 551 201 38 410 -54 280 4 -113 264 -120 247 274 115 -335 -346 429 -177 105 -271 -263 -101 17 -234 -4 -17 123 -7 224 -39 -178 89 30 -238 -68 40 9 268 -165 117 8 -266 -13 11 -318 -219 166 -382 172 -44 -204 -135 202 -219 19 23 227 3 40 -145 25 34 250 -223 200 -219 -22 114 -457 151 -28 -47 214 -258 -78 447 -58 122 -90 38 -104 32 343 -131 -169 21 -126 62 -257 189 97 -180 98 -176 31 157 3 83 289 -119 -276 25 36 237 31 -7 -216 -118 -92 -244 -90 58 -3 110 71 58 0 397 212.8349999999999999999988315483835267187]
[-211 -740 264 -456 135 516 -7 -273 98 205 -192 118 266 212 -155 -224 -216 -125 -66 -161 109 111 -61 21 315 -37 -32 -21 -132 -155 -45 30 227 -417 -229 100 18 -139 1 -97 64 76 -51 8 -23 -207 -115 -127 57 -138 417 -160 16 -206 87 -156 -406 112 -45 106 64 -338 130 56 -13 -348 -89 41 -109 527 -195 -146 -147 90 37 -4 78 -1 -284 37 -57 -290 65 332 5 -293 -10 117 -8 34 192 -44 -329 -13 94 -94 113 -4 -225 35 164 -275 -237 -406 155 69 -314 -179 -113 -67 142 -199 -245 63 183 112 -53 13 -163 188 -125 144 39 -39 -66 263 -178 71 73 22 -140 336 38 11 -25 446 211 -77 333 27 -171 -84 -106 43 414 -57 -58 -169 -138 430 82 -126 -177 -61 -274 176 -535 -97 -79 -230 355 57 38 -75 89 -96 -79 -108 221 -21 69 -235 -27 -119 438 -63 4 93 43 48 16 24 19 68 -188 172 -1 269 29 -68 -125 105 -243 -349 314 -261 42 -14 -101 63 -312 4 -26 -212 -20 36 -161 -34 -111 91 -190 -230 -141.8900000000000000000003947520675412499]
[-512 -156 -164 -578 -835 -185 -75 -366 425 -262 -345 141 -229 -184 -83 -267 181 -1 155 161 -373 127 257 -211 83 -157 61 -9 10 -21 193 190 122 421 205 21 225 -191 -31 114 119 -317 275 -7 -298 153 254 292 -87 -440 -178 -173 38 133 -102 96 236 -64 252 138 -114 20 -174 -152 29 -79 139 263 -35 -105 -231 64 50 -317 -305 -187 40 -242 -298 119 81 199 -105 239 -177 -122 24 -197 -85 270 404 -191 -345 45 112 154 -28 -166 169 -217 139 88 -36 68 -317 131 -157 -149 -34 -20 105 -142 31 -195 -178 -42 -158 -73 95 112 -58 193 -35 294 -12 20 233 -80 101 453 -112 78 -266 2 106 -217 -111 -109 -235 -184 21 131 265 -117 -135 -38 -179 -1 -159 -91 35 -24 -4 -14 -199 -146 -80 -224 -92 -137 2 166 35 -208 26 22 248 -25 -91 34 -180 270 266 -211 255 41 -129 12 -380 312 -3 282 -366 -322 -226 -424 -157 -261 300 -82 47 250 242 249 -78 -283 -66 16 32 -221 -173 -21 72 51 132 47 131 35 -213 -189 -70 165 141.8899999999999999999982524308194693764]
[-945 975 -49 666 985 238 -76 227 -97 360 -76 86 429 113 182 164 -56 -385 1 42 -32 -299 231 110 -45 168 347 216 52 -264 266 -115 -25 7 -168 128 179 -11 58 199 216 265 135 -224 -74 140 28 245 -122 -93 275 162 -50 -162 2 -174 -50 -101 -19 319 3 148 434 221 -411 -346 84 369 14 -9 130 -441 291 248 346 156 266 -195 282 158 -5 -142 2 47 136 -116 -343 144 28 -50 -67 -314 361 -10 -63 -366 465 86 -66 337 249 68 -144 -5 355 -175 -93 103 -192 76 161 -549 28 284 -56 151 213 -133 122 316 43 -173 436 -83 -40 114 -73 -63 -134 -250 129 119 -36 254 -132 46 189 85 -372 -22 106 -87 -326 6 -14 163 -61 -227 -462 -12 197 21 150 -162 -3 109 -262 71 -321 223 134 103 25 47 -147 -5 268 -208 -72 259 185 -95 -161 -260 304 88 199 -117 89 179 -161 -71 54 -26 -22 126 46 9 52 -14 177 267 133 -307 -128 154 24 -105 108 -93 -247 -85 114 -72 -127 18 24 135 -218 30 -347 -223 -70.94499999999999999999999576903579027662]
[909 336 249 567 -679 -432 -461 211 -491 -137 -94 -240 -206 -1 90 189 -44 -166 -233 -156 -102 232 40 225 -229 -241 65 289 219 234 16 100 -198 266 -146 -80 -333 66 87 -257 -76 -54 -44 247 136 -31 104 -2 96 93 -65 290 223 313 357 42 71 -64 32 46 -88 231 -12 19 505 -3 -188 34 -479 24 -75 159 -292 -179 -183 -420 -7 181 -76 26 -55 80 -250 71 104 -58 165 -309 366 -49 272 35 -88 339 68 76 -23 -60 197 -189 -48 -96 97 33 -24 -77 110 -43 42 -27 -76 78 -194 -116 57 25 158 -58 101 -92 -284 314 -289 239 120 152 247 194 -359 -297 -82 -201 -158 -244 400 -105 -160 -281 93 110 249 77 -90 195 -321 -74 45 8 428 -266 90 -194 -43 -190 156 0 109 -369 251 201 -112 -174 146 33 111 -165 -244 304 69 -92 -146 -20 -62 -38 84 -417 35 112 32 81 -246 5 -229 -238 116 -58 -22 -149 -76 94 -157 -12 138 429 -52 262 -147 -14 -174 67 259 415 -173 59 -32 -112 74 82 -100 406 92 520 212.835000000000000000001387884635342928]
[168 -8 582 -435 -655 -425 -66 2 37 -149 -73 195 131 76 -77 -88 152 -9 134 239 -139 -252 -249 -24 17 197 -252 353 -122 200 -304 84 285 76 -8 -75 -3 -335 -351 -152 39 129 -95 -124 93 489 -159 -448 89 309 401 -227 -103 -547 23 -25 -17 94 -114 -148 185 -15 63 -117 -272 54 -90 84 -100 134 200 41 56 -215 404 262 292 254 -31 125 149 -308 621 -309 -231 -252 -71 314 -182 132 -36 196 61 -115 -29 129 -37 36 -288 -140 -13 66 -187 121 578 6 -513 -108 -119 -21 -286 -479 -130 -211 -105 439 -186 -28 139 -104 -78 72 -47 161 363 115 -80 445 297 -141 -149 -172 12 29 54 358 -185 91 431 41 -27 68 -384 -44 -174 39 -72 -113 383 -80 31 -189 -388 113 2 -308 -168 97 -48 239 54 -94 35 474 -102 21 -78 73 31 -15 223 -334 -200 322 34 -33 -59 -30 316 -246 -64 113 4 -180 -37 30 -289 36 -113 -44 42 -38 -107 151 -138 -110 -289 542 -286 388 -401 112 -403 -31 -25 187 -178 -197 -4 -156 22 -239 -70.94499999999999999999992905013392191259]
[-728 957 116 1 20 -129 289 313 -71 154 94 -369 132 -215 -75 114 -150 -7 -200 95 -133 -243 -11 -188 -231 -122 -117 -351 45 181 -157 193 21 45 33 -547 34 -6 339 51 -30 79 11 -277 -17 383 49 30 109 280 -593 -52 44 116 -180 168 237 90 125 -409 -26 -79 -74 -166 174 -61 -23 -523 -51 -127 -142 179 622 -73 -146 -58 217 174 -349 -201 -77 -182 12 -190 -105 717 26 -582 116 -187 304 -12 269 -241 41 275 -170 56 92 -296 -82 14 -225 286 -94 355 -106 1 39 -33 11 -183 87 -447 -16 -380 -1 58 240 -350 -17 26 -90 305 393 136 -137 265 93 41 212 -213 -240 103 383 -113 182 -306 -11 138 115 82 -238 308 -214 -297 80 274 114 -1 53 -26 36 -78 25 -46 175 158 100 137 150 -19 193 -253 -76 67 73 -39 72 173 -38 -13 203 -149 -506 15 -115 -37 16 -402 143 258 -200 -396 13 -177 -174 -174 -259 97 238 -62 35 -156 -75 251 122 385 -101 25 282 259 -417 -167 -174 53 -7 -215 -7 -264 108 304 -141.8900000000000000000004448475875438174]
[934 -346 -656 736 -983 187 -19 -58 114 37 12 70 -218 -31 -251 38 167 -102 -59 235 89 -215 -122 102 -229 44 -216 -167 -153 387 193 -305 91 -304 122 -142 179 -35 -72 42 -116 123 102 -38 64 -475 -129 -310 78 -36 -84 95 -223 1 116 -101 -268 46 -432 149 -36 140 284 81 192 296 119 118 -20 78 -174 108 41 111 203 254 313 71 193 169 5 -196 1 -205 -75 89 204 57 265 -418 -389 224 158 165 224 222 -197 -32 -125 -177 -95 -22 195 -170 -177 -125 -47 -88 -134 -109 -126 165 -135 28 122 110 65 49 -250 45 32 -51 63 176 85 269 -190 -29 93 -145 -313 -192 440 -74 -690 -55 391 306 395 -179 -223 -360 -33 152 69 -162 230 -26 -111 502 -101 -67 -240 270 143 88 0 -9 276 -302 -7 -507 269 34 -108 6 20 -75 -7 143 315 -117 83 237 -15 98 -172 -63 -174 -55 182 63 50 247 95 -81 41 -142 95 17 -85 -255 -129 133 203 -233 1 -47 394 -108 -158 8 166 -162 -304 63 -289 -49 53 -308 -170 -180 -283.7800000000000000000001189841796255564]
[802 82 801 475 -799 802 -138 -358 321 295 138 314 321 -40 48 -73 -107 -39 -129 34 123 467 -151 90 47 188 12 140 -224 -110 -143 252 -138 -98 -12 -342 -172 100 -12 -216 -169 -187 -230 61 -98 -130 -85 -91 -9 263 99 77 -80 20 -170 241 17 -29 430 -83 107 -271 -362 7 80 -189 -31 59 97 348 235 -412 -240 -71 -128 -167 -628 132 145 123 -197 114 -135 273 -79 -192 -89 138 -36 121 2 -19 -255 0 -150 -318 -17 3 2 266 -116 95 -92 146 -45 -265 223 380 271 251 316 177 55 -122 73 -316 -24 102 -200 265 191 47 -8 -186 303 -53 183 -69 -17 115 80 178 255 -356 160 -55 -141 51 -350 190 -236 219 266 -56 617 37 147 -134 124 -198 -21 133 389 -389 -241 183 -199 -449 -32 -225 -335 390 -334 -89 13 -289 -46 257 -414 -220 161 304 -80 41 -244 -62 164 110 232 123 250 -332 -88 343 81 309 180 88 -136 311 -62 -289 154 -253 338 93 141 -74 -61 82 213 -234 258 160 127 -261 19 105 55 496 172 -191 212.8350000000000000000020696575590842171]
[-214 -523 283 -696 517 -959 57 -74 -60 303 144 -68 200 -24 89 49 15 -216 -10 -288 178 106 -88 -266 156 23 -269 -333 25 69 72 -384 -265 59 148 16 152 -487 -48 130 331 -418 -42 -300 -383 79 -124 31 388 -127 -146 304 -258 -357 517 -79 -328 -155 -132 171 96 -304 33 10 -36 74 -264 -2 341 101 -29 243 61 115 -190 47 105 -68 138 -156 -42 -130 570 -17 -471 383 -229 -599 -106 -45 -326 -43 73 163 -19 513 -8 71 80 -300 -120 -161 -30 -297 184 -12 -124 -109 -389 -59 301 -105 -269 448 -236 190 -109 286 268 196 115 -171 71 15 -178 -44 8 -112 419 -206 146 -267 -121 60 -53 163 36 -40 150 -42 95 -252 -408 330 -162 -94 90 55 235 -84 -149 -328 -148 267 191 152 0 -119 83 335 296 228 73 210 -189 -108 18 -88 -365 134 -19 -382 -207 -41 282 -56 36 77 186 10 -44 238 100 -115 -120 -46 25 163 -216 -4 -214 210 252 -150 -172 -205 17 133 -465 32 42 -226 -178 118 -308 162 -278 105 41 -57 31 -122 -70.94500000000000000000049241667662021068]
[23 -910 36 -716 511 -232 -76 269 17 -75 171 33 203 -91 -32 -293 123 152 -458 -4 -196 -250 -141 -42 -265 329 4 -264 55 149 30 63 291 150 -199 -2 69 -79 -242 -166 -212 -45 135 128 252 -236 455 -239 -215 -298 -204 12 281 -497 466 -27 -301 115 -286 162 -8 -185 146 207 210 152 -137 342 -9 52 115 158 179 -61 9 -62 46 -49 -248 -275 -10 -194 284 -99 -1 -68 -75 -79 203 264 -17 272 165 -78 -465 -267 -7 -154 -13 -277 224 -34 156 -97 197 107 108 42 -76 121 -44 43 -45 225 219 87 29 190 391 -537 8 91 -351 56 -68 -113 -36 -119 48 -302 -133 -250 34 -173 37 12 -288 -85 320 -22 23 457 -24 107 -227 31 -257 -147 5 93 57 -163 -294 -213 -51 -330 -291 198 86 45 78 128 337 -20 372 -49 -80 37 -175 -127 -34 -506 -47 92 -84 -63 -217 164 -131 -87 -178 29 -82 -450 -374 139 -141 532 -44 -124 148 -15 130 -157 -40 61 -340 318 -72 -230 15 -38 140 121 -353 -28 -117 314 -122 -111 134 -49 -141.889999999999999999998495682100180704]
[25 323 -138 -961 -927 916 -52 286 3 53 207 76 99 149 281 140 -30 144 227 178 -106 -153 187 -8 -390 4 36 178 -79 -200 -33 -130 -482 -102 -93 -271 110 48 101 -54 189 -134 267 24 125 -47 -244 -366 23 150 4 161 -308 -290 284 -102 -137 2 -115 129 199 131 -194 -11 35 -199 -116 44 246 0 301 -156 -93 -12 280 210 32 8 318 155 -311 -79 69 -148 -306 279 -85 -141 318 -231 25 -334 208 -211 -250 15 -1 204 41 8 60 -98 281 152 326 -277 -110 157 -351 -438 185 -339 -95 86 121 151 177 -153 -123 126 164 -138 159 124 -218 -89 -144 -142 -126 -491 -136 -136 -127 163 -242 -163 233 15 54 -68 186 -241 -170 118 -288 -170 133 -295 -97 97 -7 -62 217 110 61 66 64 -189 506 55 -45 -120 -8 589 66 -217 265 105 -18 31 -198 -255 -192 -5 -226 294 301 -14 28 -133 51 -192 -206 126 -140 89 90 98 -181 -247 -109 255 252 -382 -345 -92 94 185 -126 -10 151 -173 -167 -47 -423 79 -48 -117 227 90 68 177 -212.8350000000000000000016027714566412862]
[-553 84 998 610 -680 776 -507 59 -38 376 -28 -62 259 -106 -215 -134 10 69 -229 -202 287 -106 -76 59 -403 239 236 -47 70 -19 100 -237 -88 97 147 72 -62 126 28 131 104 385 279 302 445 -72 153 -117 -8 -136 -69 -129 -205 -103 -43 -65 -303 -133 -166 19 86 -242 -82 117 -222 329 193 92 -370 300 117 -120 156 244 34 63 -178 -89 13 -154 81 -183 -15 202 295 -146 -356 65 126 67 -424 86 172 -181 30 -42 209 -115 -378 -12 141 228 43 21 333 -172 -43 72 -98 -28 300 -105 177 168 -8 6 -69 4 2 -157 109 428 118 325 -146 -102 -80 -68 54 -564 -397 -24 520 270 -62 34 350 343 149 -213 -188 -82 82 -95 12 145 72 162 50 -150 378 -330 -646 -218 117 -327 229 -124 218 -443 66 132 206 -179 -23 -27 223 -379 -170 -51 -2 -160 125 42 -35 -106 -243 -53 -151 84 75 -289 -152 41 159 145 -193 247 -79 194 7 96 -194 197 -102 135 -156 250 48 -330 16 -141 154 -349 -195 -134 -7 269 -68 126 130 -147 70.94500000000000000000029149640414596258]
[878 -985 689 922 950 556 -376 414 -164 -152 168 164 100 40 50 -13 145 321 35 -216 272 356 -83 158 120 245 47 -87 -144 -136 110 -9 -225 -389 -285 71 85 -62 214 -120 -197 -424 -50 -88 309 -534 -92 -283 -175 335 -267 -225 -37 15 -430 72 144 -75 116 -208 -30 140 -279 -358 -142 114 -245 17 -12 -28 116 -25 -75 -17 15 -195 -478 228 119 -49 122 -81 -156 -146 34 -167 191 221 -107 580 -235 212 -418 38 -127 -107 -43 110 2 -166 -117 -277 3 -620 -252 44 411 205 74 -80 16 -20 57 15 55 -547 275 -97 -14 201 16 152 -98 -156 -322 -284 83 -318 -51 -367 96 349 -16 107 -77 108 17 -50 65 -232 -58 288 34 -80 244 185 238 -286 167 226 -170 110 214 -140 -279 -178 37 -186 223 -272 89 -17 -270 -99 183 3 36 236 124 206 129 -154 -200 -144 -110 -274 -101 301 -244 -260 -1 -408 16 110 167 129 77 238 274 486 -190 -111 -110 -186 151 392 110 -178 217 -66 9 -95 -220 -304 123 -53 -17 183 -409 390 401 -137 0.8205462039876975808345738487223353097022e-21]
[-972 -907 89 651 -445 363 437 -265 275 31 -215 -215 -250 143 -178 242 -249 -165 204 -373 120 -86 -249 -106 -203 198 72 92 -258 -156 -56 -92 -35 -85 232 204 -133 282 -4 -274 260 203 51 323 -295 109 105 -376 25 -294 -3 9 -125 -317 231 -114 -315 330 -397 322 224 -428 109 210 -75 109 27 -65 215 276 245 -327 79 -254 -286 305 -87 -302 -7 -284 -270 101 263 228 -196 -21 -138 30 300 -315 -74 -214 122 -147 26 -75 -34 55 303 141 -229 -264 -42 -26 277 -156 -98 85 -462 -231 102 -232 117 263 83 438 270 293 -66 74 13 88 46 158 86 25 -240 -141 88 -272 98 -147 139 -87 -137 72 483 -208 218 -488 246 -440 -248 303 8 -132 -183 -609 -40 -116 -210 -52 21 96 -12 349 -99 -279 245 -165 -97 -14 323 82 -449 -364 80 229 -99 -5 -347 -22 -70 9 -292 -5 352 -237 117 187 -138 157 -349 -174 297 -222 27 117 -295 35 -7 84 -33 -339 -208 -101 91 113 -349 -258 149 51 165 -189 -290 343 40 68 292 -27 49 -45 -70.94500000000000000000010759997719832462]
[926 -824 -716 -719 745 220 225 -232 137 172 283 -25 396 448 74 -17 -138 46 69 -52 -69 263 -147 -170 118 -59 192 -446 448 -607 177 213 -106 57 -141 62 -347 406 155 158 -53 -152 -256 176 -206 20 -124 313 697 266 448 -57 313 -4 -120 -32 -198 -280 56 -169 169 263 49 175 -47 -106 14 -28 218 420 56 45 -231 200 -394 -312 -210 -30 168 181 -120 93 -121 545 -53 110 -2 100 306 -306 459 -1 -174 -38 -207 -96 -81 433 4 -11 -113 -5 115 -29 -143 -251 -203 -46 -81 -56 40 318 66 253 112 -40 38 166 -43 -207 114 -221 -149 -364 -452 -326 -231 -221 -53 -97 143 -82 135 -246 212 -143 45 -471 -6 -79 -209 222 255 36 510 -235 28 -149 -87 384 -42 -297 217 -159 529 270 20 162 -304 27 374 203 173 -245 -60 35 59 222 -83 -142 -262 -109 297 -132 -265 -165 -16 -44 114 -111 3 85 -122 -113 -545 210 148 185 23 460 -270 45 -363 -298 222 56 11 -198 -285 109 90 -165 113 45 375 71 -63 -237 70 33 113 52 -70.94499999999999999999973755378314805195]
[-245 -360 -257 935 -699 72 143 -272 29 -264 -202 85 7 258 -46 120 183 178 340 -165 -457 322 71 4 -164 -134 204 -107 -135 187 -55 180 31 328 -341 482 -34 58 -89 -75 -153 -307 -39 344 41 -48 42 -218 -56 121 -31 177 62 -412 236 102 -353 -86 -20 40 346 -70 -279 -262 -251 252 -457 24 302 241 61 225 -104 44 -516 269 -208 -13 -17 169 234 230 122 -146 81 -130 34 130 15 317 245 291 -262 -298 -493 -120 86 218 309 -13 112 -135 289 -102 602 -283 101 142 26 -206 -221 279 -139 314 212 450 283 196 -1 -206 -96 270 -498 147 15 -277 177 45 263 -276 -183 -331 -156 -132 386 -57 -293 -261 37 -256 170 71 156 25 -423 19 13 -237 74 -10 -290 -210 12 153 31 144 -297 83 263 60 44 321 -38 331 -98 -114 -161 195 -28 -160 153 -169 -31 166 -428 88 -10 168 1 -196 -208 -148 -107 -227 282 94 176 386 234 -214 -263 363 -170 171 -40 -58 -236 -70 -353 163 -62 -3 -138 -10 -154 226 28 -140 385 270 2 58 141.8900000000000000000023393068711726255]
[-963 299 178 399 785 -585 -294 -183 232 -452 49 51 -42 144 -246 -7 -89 289 -313 -121 -107 28 112 74 -93 107 69 30 -361 88 103 143 232 139 -120 205 79 278 -130 -123 -179 45 383 485 104 -8 183 190 -212 -401 17 -341 -48 -237 38 -13 -101 -19 38 230 -307 -74 -208 -195 -46 290 278 326 -119 31 -205 161 84 -63 -375 -41 -101 -448 -217 -189 77 330 -347 -90 265 -248 -8 134 180 342 428 -49 -401 -344 5 -28 138 -236 234 236 302 252 95 145 68 -198 -74 93 17 44 5 82 276 197 -26 -145 -29 -117 40 -562 -125 535 -338 -54 -569 27 99 -410 -247 -136 -361 190 -282 -45 -93 -404 -88 -71 180 -483 4 -11 299 2 140 1 -25 -179 150 94 165 42 -329 -10 10 -78 44 292 91 -441 -77 265 -164 39 86 287 259 -171 -101 -242 -94 175 144 -118 -428 27 115 -386 -157 -135 -206 189 -94 -221 7 -49 176 76 239 113 -175 9 -91 207 -105 -123 -53 176 52 -168 59 31 261 -357 -117 -13 116 301 -63 93 35 18 141.8899999999999999999999379353138586965]
[657 945 -762 500 -823 204 121 -108 -159 -8 159 -243 -124 -194 262 124 95 -99 18 -218 -295 124 -28 73 -133 -328 55 -375 186 -138 413 -110 38 -156 18 -354 120 139 189 -67 -88 -87 -79 -232 -544 -79 43 60 56 -11 -128 394 504 133 105 -216 -157 -86 271 23 -101 247 321 321 161 -28 45 121 -137 -217 -264 318 159 1 38 -348 332 -99 57 122 -149 80 -140 346 146 360 226 -232 316 -611 300 98 71 534 -293 176 -21 -200 234 -108 -103 -407 102 -1 -199 -256 -67 215 -277 -209 -182 43 -215 -105 180 19 541 -30 68 152 -197 -132 -23 -45 34 85 -369 -206 -321 214 140 -149 -318 -231 -112 -124 -11 -357 -28 -16 26 393 -90 366 -200 -368 -182 -178 -471 284 85 -131 543 -59 132 35 -288 -89 -82 313 82 -282 243 -505 7 -72 -239 315 230 304 -151 15 19 -427 178 -165 136 395 -29 -72 -90 78 -234 -369 -345 -139 140 -485 -240 62 440 -135 197 -405 150 276 19 -237 301 -144 -198 292 -5 162 33 -32 67 -345 -201 -290 65 163 -70.94500000000000000000401212107402806105]
[-804 881 496 -989 427 112 -25 -2 -136 130 6 -203 -76 -126 176 145 54 -20 26 61 162 51 -213 -29 40 -30 99 216 40 -182 -336 127 -285 -70 115 -231 -250 21 94 -218 -236 177 -38 -187 -167 -216 -248 -83 -132 168 141 -53 135 -96 -231 303 112 -97 387 -302 -74 -19 4 369 260 -192 -93 240 -164 -228 261 50 -130 -638 439 -547 -319 -92 -127 129 -307 -123 29 137 194 -254 158 452 -272 -171 7 -36 -53 -16 256 -241 142 -191 17 -158 -216 113 116 228 161 -214 90 298 214 101 -237 29 -50 -198 14 -60 32 -21 -226 41 -113 85 -331 -160 38 -234 -28 126 -309 97 -235 165 180 -242 89 34 34 -100 190 75 -228 188 -87 -89 445 291 26 -190 159 -242 -81 -96 372 67 -200 -322 68 -151 -15 -21 -449 -204 -79 -290 112 -171 -131 108 34 -143 -91 287 -124 -479 57 -100 -110 36 195 -222 141 156 -121 208 -267 172 59 -279 -227 81 19 -74 76 60 82 105 222 -29 -36 152 -7 153 197 88 215 -317 114 -472 -68 -52 241 -110 70.9450000000000000000011538430979456477]
[988 864 937 -571 290 -848 -378 730 -201 -172 225 -144 195 222 293 -258 137 151 -169 67 312 -210 25 42 15 87 180 -114 44 -273 -210 42 -150 173 -26 -178 -231 -7 -154 119 -267 51 -145 -252 161 189 -264 -391 20 321 -47 -51 -162 -239 -257 253 372 116 302 -421 -130 343 -159 -79 302 -324 -305 345 19 -428 169 242 28 -276 331 -292 -159 -45 -112 -175 -16 97 186 -100 27 -22 -72 354 139 157 54 152 27 339 167 -336 -347 131 208 -216 -80 -257 199 -102 -102 -187 49 155 83 417 -154 129 192 66 30 -286 21 156 -114 7 1 224 -207 -165 -6 70 123 132 -19 -125 222 62 146 -20 136 -106 -88 29 166 -248 -325 162 -447 -99 -137 23 -79 242 416 -179 -342 -214 346 173 -116 -326 332 191 -119 -250 -309 -79 -92 207 -1 6 -159 14 61 -71 -169 -26 -207 -98 -101 -373 -225 160 -15 -240 -113 41 -104 -195 -48 -115 -435 -194 151 198 -88 -216 -67 284 -79 -101 433 -264 210 283 178 -10 47 305 202 53 62 -29 -253 -191 334 45 212.8350000000000000000025627278861029294]
[-344 -139 -63 -809 -99 816 7 245 278 57 -241 -472 54 9 -18 -247 -42 44 -16 -349 -44 -162 151 -63 -76 -3 202 -272 57 -220 10 222 -245 298 155 189 -332 -25 311 4 472 -12 -58 -70 68 216 -199 51 370 10 -198 -405 26 276 -582 84 50 11 -123 -162 64 189 -266 -15 20 -85 -342 -480 188 19 147 -155 222 -123 -65 -83 57 -39 -88 184 -98 40 47 207 0 104 -201 -382 -341 -43 113 115 -46 -146 308 28 -75 88 -193 -184 -53 230 -146 31 383 369 -27 -274 -91 67 154 -171 131 90 72 103 118 155 61 253 -196 87 340 182 -456 -89 103 89 -107 -326 -47 -141 -368 -106 392 32 527 -299 -63 -480 -3 11 -334 14 -126 -78 200 165 -309 -60 72 -252 -64 -74 -119 168 98 1 -266 197 42 27 -30 -378 84 -64 -61 -106 -11 253 -335 -102 -230 -195 -190 -127 -32 -124 -192 209 -54 208 -126 -91 -128 -22 237 -94 -67 38 -12 189 25 97 -252 96 -116 -145 23 -156 -140 -98 -254 -377 17 427 234 180 34 193 -167 166 -70.94500000000000000000282897451319341847]
[-551 123 133 956 668 345 308 -236 -328 -13 27 -8 -91 495 90 187 -97 141 283 -439 173 -208 -100 -27 155 82 48 -169 -411 -192 -144 42 -66 -109 211 312 307 -606 11 -131 113 -311 -204 -55 -97 -286 67 7 -94 -268 195 -32 -42 43 0 -98 -12 -94 37 53 -196 -445 -62 -360 121 -78 24 117 83 250 -94 -95 -27 159 -189 232 28 -249 -38 -176 -143 -81 199 -41 -314 207 286 -148 -240 88 -91 -20 -453 -459 -107 446 10 305 30 -4 269 -76 144 -53 -183 370 316 -224 191 -106 614 238 120 219 302 23 -167 158 -270 161 196 -220 -29 88 -181 170 -91 -514 33 233 -164 398 171 -59 -466 85 270 -200 79 -115 -103 -297 359 -132 256 71 322 -380 118 340 -167 377 243 272 -112 315 -254 -62 152 -30 100 -200 -98 58 114 194 353 -155 62 150 281 244 279 51 71 217 149 -76 -63 -153 -160 0 252 152 311 256 329 129 145 -2 -166 251 186 -574 -31 -305 384 -103 -228 228 46 -65 497 -388 2 355 -302 212 252 100 -209 130 141.8900000000000000000001817472033054849]
[209 538 -414 34 730 -689 5 -123 -60 192 20 -172 -310 215 131 14 -20 190 40 188 -282 -409 39 129 -131 -196 492 -92 21 -138 -260 45 50 -20 43 326 -64 -106 -105 83 228 -71 -289 -109 255 -212 -56 360 374 -1 -100 43 -8 -235 121 28 -231 -70 -115 -50 243 -13 330 33 -104 239 82 244 282 244 -66 210 369 -12 88 234 -74 303 72 185 -512 315 5 -202 -57 50 10 -180 53 -67 101 424 12 43 -350 544 218 -97 -313 -227 390 -33 484 112 106 -88 380 -117 98 -24 12 301 140 304 243 342 -193 257 -236 156 9 28 -77 -67 -92 -260 -112 10 44 -69 -28 -113 -66 13 -177 -15 -35 32 27 -39 231 -181 85 404 -349 -158 300 278 -320 702 -330 -286 -144 23 -136 124 -229 91 -109 -22 428 -645 11 3 169 48 103 -294 141 23 377 -355 -27 -116 245 -86 -261 281 -284 390 -280 76 165 459 -338 404 -108 212 -95 -168 -47 144 -130 -16 -101 -137 -26 16 -108 107 -113 -20 90 -206 204 22 -355 -322 249 -170 -548 115 -0.1350042770217503582263368112903467732622e-20]
[332 -249 -200 -287 797 -922 -127 -88 379 -274 5 -97 -337 -242 14 93 171 95 404 178 -85 52 -9 -174 -215 290 -5 -56 -36 -261 269 32 -83 156 23 297 -66 -106 -441 -40 129 -368 217 273 50 -164 126 126 -11 -395 -248 -82 101 -324 328 -99 -210 -109 -327 250 168 -269 126 212 -91 -57 170 345 534 228 417 -383 -403 -4 -349 -211 136 259 145 157 -139 -15 285 249 -55 -104 -185 74 260 17 -1 -321 96 -248 -163 98 -6 -141 240 -120 -159 138 159 26 201 -82 17 198 41 116 62 -74 -95 111 -149 248 237 -97 59 24 190 -64 74 -130 -99 -59 79 -196 51 -294 -142 -186 -180 71 176 239 15 -86 117 -5 334 247 108 -182 44 174 207 -497 116 85 -151 -99 146 -72 256 20 -383 -159 86 -39 73 131 169 -49 122 -43 128 244 -89 -65 -149 -88 -151 -101 101 32 -224 -153 -8 118 -91 8 -88 53 -212 53 121 226 -189 -449 -114 236 295 -101 -100 -63 -369 63 -465 -182 345 -141 -54 -77 -198 52 -180 186 -29 469 40 -143 -70.94499999999999999999955146964927273163]
[570 -483 -706 -10 -313 -953 -188 -235 686 -43 3 -84 130 -261 -299 -138 14 208 -89 116 17 -171 -181 -292 -90 0 65 -255 -55 20 -28 -18 22 243 353 82 -465 88 -47 -98 -25 244 -130 356 -76 328 -166 -349 316 15 -6 -211 -307 -208 -57 222 -197 278 -41 -141 14 -330 -2 140 -233 91 161 -20 -20 139 205 -402 58 -291 -482 212 -225 246 183 -9 -211 206 240 94 82 36 -226 -54 89 169 -16 204 251 -20 217 36 -345 -160 140 174 -171 227 -49 74 204 -99 -218 85 -88 281 77 -28 335 176 -302 113 48 254 -36 209 137 366 -37 -240 188 72 400 356 219 -134 72 -181 217 -265 -1 -196 65 273 181 -161 -31 -177 -402 68 -124 -197 159 198 380 -171 -105 -432 -120 -67 44 36 92 -30 -94 -273 -231 153 159 43 -363 69 43 -10 -171 -80 -163 -150 -249 67 -614 -230 -160 -249 85 362 -20 187 -335 395 -122 -84 59 12 -639 269 -52 -359 31 197 -78 -230 80 198 -276 -118 10 -254 -60 -56 -200 97 -105 240 244 -98 -155 -540 70.94499999999999999999946473725788648914]
[162 -103 -226 -645 -545 989 -298 149 191 232 183 -60 221 22 -46 -307 -256 -116 -535 -464 -12 271 -246 -137 -42 180 64 -400 184 171 -170 -85 213 -42 41 -157 -70 2 -152 -326 142 88 -629 386 250 92 360 232 547 267 -208 -181 196 225 172 112 -54 -37 -74 -299 -149 -481 30 90 17 197 121 -199 -107 268 -141 268 -37 193 -351 -24 -109 -266 -437 -452 -63 29 86 329 58 192 -48 -307 -266 47 -123 210 -177 110 -19 -286 -209 -30 30 -225 -151 -391 -52 -420 -424 240 86 -124 -189 57 338 108 209 209 -41 -363 -339 172 -111 -488 147 235 -29 -277 -11 -85 312 216 252 162 500 43 305 -347 404 19 -14 -25 71 300 -58 86 97 350 245 178 -99 456 237 14 124 101 -329 82 123 -59 198 -51 -94 -297 269 34 -80 -458 -55 -405 -106 -347 1 -249 -320 -247 7 156 -91 -214 -263 -32 -67 116 -7 66 -121 -310 190 90 -339 444 -35 478 -38 -426 108 -121 38 271 -39 296 100 -251 80 -59 185 101 109 -45 55 13 -79 170 118 171 70.94500000000000000000274564172103366956]
[480 -338 -412 238 -92 -390 -126 -11 -26 -250 83 6 112 -37 165 33 -320 -201 40 -359 -77 -88 73 131 6 90 31 -264 116 -231 51 333 128 167 77 126 223 410 104 14 -34 53 -157 266 -6 410 65 151 -155 -93 113 -55 68 -116 -139 -332 41 188 33 375 295 -417 -383 -178 31 -11 -183 -297 -281 177 -56 -466 51 103 -167 316 125 49 -221 129 -290 181 -576 192 279 62 -167 -313 131 -210 83 -92 135 17 -464 307 -163 50 65 253 24 33 -241 379 299 107 -50 -103 -252 56 263 -161 -80 44 226 -124 91 -201 292 173 -76 -49 158 -237 36 219 -197 -106 -363 -164 447 151 -497 -117 285 431 -54 157 -206 45 393 419 81 -93 -214 -213 -133 -121 -184 125 207 -171 38 -678 -144 169 6 134 -12 33 -30 479 34 -181 77 78 -312 -19 336 -122 -122 -126 -43 55 -13 -94 183 336 300 -31 -264 -158 225 -90 293 179 -79 75 -727 -352 206 332 -5 -288 91 165 -131 -22 -80 247 -125 362 -263 -149 -157 -116 21 298 -35 4 -125 197 212.8349999999999999999949322601734236605]
[-474 -766 -328 480 -489 126 99 93 177 328 291 174 -76 -23 -143 -95 342 -145 108 288 -203 300 -5 41 235 -130 91 -115 196 158 90 -227 36 -222 -332 -185 58 185 389 347 -101 -226 56 120 -165 -527 15 7 105 450 -335 240 -135 -182 348 -55 54 -134 132 63 224 419 -44 200 192 -26 -58 141 -25 156 144 106 -266 -59 39 -286 212 325 139 420 91 -16 -424 -59 -111 -62 85 119 197 -213 -370 -94 -58 649 -49 -3 -416 31 358 -92 -380 -297 276 -285 -133 -253 24 -183 -13 -296 -330 83 -472 -439 -144 1 148 -47 -396 135 155 -77 172 -107 45 -53 31 117 194 124 -346 145 79 -85 55 48 -232 413 -124 -54 -195 -89 -5 -22 255 -73 -175 -76 -224 345 -70 200 164 -65 245 -223 138 -425 290 -298 -111 -169 -65 15 -10 -69 -184 -177 379 54 -8 -113 42 125 2 257 -154 349 -371 33 184 -16 -190 301 -167 -383 80 19 154 -85 -193 -241 -45 178 105 -75 33 133 351 -6 -169 -234 -86 219 -124 -342 -83 -413 -53 -6 -120 -4 -70.94499999999999999999754504452271019555]
[-793 823 875 34 646 1007 73 -251 368 77 -97 11 124 -198 -393 -289 -22 113 -136 -123 -134 211 -276 142 -84 611 -61 -76 -310 -42 163 -12 455 50 27 189 355 61 -125 -288 -85 -302 270 19 -57 -12 411 324 -216 -451 -156 -164 448 -28 -166 -141 116 40 -391 326 -77 -510 3 -315 114 87 -46 245 87 53 49 60 231 4 -131 317 102 -39 -95 -196 45 -182 330 287 48 -299 54 185 -35 205 -343 -303 -357 -133 -29 151 -42 -11 -335 -224 94 42 -188 -285 -272 299 432 -257 -318 -4 35 180 244 -37 174 -16 -39 18 261 -62 134 139 51 113 -45 113 -263 -491 80 100 -101 59 382 -189 -323 -130 111 -7 130 -281 -192 218 373 6 109 -160 -59 -405 -294 125 13 176 -152 5 -170 -137 -115 -204 1 36 -198 177 271 -559 243 64 53 383 -185 -308 -180 -53 -131 286 76 111 159 -81 -233 -36 54 48 -80 -404 218 -393 156 241 239 20 252 -102 82 -131 332 -147 -251 42 290 -334 -430 28 198 -233 -312 216 135 586 -349 2 279 121 -70.94499999999999999999957224286864032309]
[1001 406 -170 790 80 -179 -59 163 294 424 385 -335 6 508 473 -1 -148 395 -567 -55 -416 -166 183 198 -221 -109 389 475 -311 -324 -439 -74 29 -210 -85 -119 -5 157 85 -368 -110 164 -345 -84 418 -131 -48 -140 -25 4 -189 -204 -64 -114 294 -370 -50 200 324 -212 -474 -196 -233 -45 28 -55 -1 357 97 -224 76 322 136 -197 310 50 -53 133 63 -290 -115 57 82 -67 -24 67 -10 165 302 311 -85 156 -388 -60 -398 -391 -426 221 -139 175 373 -252 72 -182 25 -131 -56 -71 46 332 -202 14 55 10 378 69 -98 -11 -275 -13 -89 420 -32 -40 163 121 -124 52 22 -26 -201 176 324 124 -432 -321 -247 -8 385 17 -318 164 -186 243 176 -160 100 203 -106 244 -177 83 481 133 -150 -317 112 -205 -24 -415 102 -349 -340 327 88 128 194 193 273 -461 -341 -228 -184 39 -114 75 209 227 -184 -2 -104 -129 -41 91 25 -41 -174 120 -86 35 -198 -338 199 -82 197 -457 88 145 155 188 219 -4 -64 -1 -261 -162 -134 -228 142 218 -122 168 70.94499999999999999999870339626390420444]
[839 471 -323 -194 703 -239 -64 -276 -112 99 -158 -33 172 556 136 167 -236 -451 -651 -50 114 -148 64 -94 -141 249 -36 194 187 172 -109 55 -503 250 285 210 20 -85 28 -256 82 147 49 -21 -116 169 495 132 376 -586 9 -223 -46 702 192 -118 -74 -14 -228 375 -152 -503 -22 -22 359 -109 -121 90 -150 123 314 71 -112 -87 110 -34 -58 -351 -177 -229 97 -17 214 -56 -260 -204 -109 -262 -196 267 -212 279 -68 -210 173 27 90 382 -430 -39 204 94 -447 -86 17 522 183 -253 -194 -141 601 73 -97 581 114 141 -493 -39 157 -70 238 -114 27 -101 -60 -294 248 -29 122 -273 627 56 447 -8 -280 70 -44 15 -88 162 103 -203 64 -42 65 306 124 -217 -144 -52 43 130 15 -379 -224 49 289 132 -251 -135 132 137 -292 110 85 122 93 -278 -288 -184 -335 -115 -196 377 542 127 140 -51 41 497 21 -39 112 -34 136 -60 -194 130 50 379 -89 295 12 -148 19 88 -308 44 -291 -77 47 -291 414 64 -26 73 -128 506 42 29 -212 216 -70.94499999999999999999929788063038840851]
[-859 -720 -416 135 -812 -97 -32 -134 -15 -307 170 342 -293 62 16 -142 212 -39 438 263 -341 274 261 -88 -95 -388 140 236 220 -240 -42 193 -203 338 51 296 -47 149 -302 -39 -27 167 160 249 179 224 106 297 92 -454 323 -71 -50 45 114 -62 177 52 131 -265 118 718 199 172 -405 48 270 4 182 -238 -134 331 -300 165 194 -152 6 -248 -10 295 306 108 -128 65 194 164 10 182 51 -52 256 -157 353 -119 -110 -115 308 47 -42 -58 133 465 166 617 125 15 -121 39 92 -26 -250 -19 250 79 -108 119 -339 -311 170 -462 -209 -165 -317 -81 72 -47 -70 39 -128 239 -25 -148 -71 -17 268 -235 -528 17 -124 327 83 -102 272 -137 -117 238 -306 78 68 -122 -40 -228 -341 112 87 -560 141 392 -279 168 287 53 -238 320 156 3 20 152 -206 18 -123 214 174 -147 -45 113 -15 -80 64 -77 -42 62 -155 -109 -215 297 -245 9 254 7 -94 251 -277 432 -299 -157 -132 -371 -2 68 -54 4 -228 160 230 14 -2 -231 -25 -204 -98 110 212.8350000000000000000049251052284564423]
[331 150 989 -883 -339 -826 -242 157 105 -356 185 -350 -368 -308 -285 -93 12 223 27 171 153 -242 -246 260 -16 -98 17 387 -179 -20 242 99 88 81 172 294 -287 6 -288 -117 202 25 343 44 -51 380 206 242 -264 -411 28 8 230 -21 -20 -117 7 193 -517 -54 11 81 -37 60 -129 -196 189 116 5 -437 104 50 119 62 -65 378 -271 115 228 -197 226 167 332 133 311 -61 87 282 366 144 -21 -428 48 -165 233 335 180 -255 -228 94 43 26 151 37 151 -58 169 99 3 -59 -217 73 319 410 -35 284 180 -24 -31 173 78 551 18 420 -151 103 -136 -65 -134 -113 -168 -113 24 398 -100 -20 140 -112 318 -58 328 -171 -121 128 -208 -97 -321 -200 59 -417 176 -225 -56 -7 103 -315 242 79 -193 50 -136 -302 88 455 -38 506 292 152 -104 -371 -301 195 -280 134 271 -196 158 -54 45 79 -212 -80 -259 -157 79 -294 -76 -200 75 60 61 153 -92 97 -159 -129 125 -220 -110 -388 639 -26 176 286 -126 284 132 341 -49 119 282 -199 141.8900000000000000000026860886104948442]
[-661 117 -99 -8 -914 -978 24 53 -37 239 36 -330 -75 32 77 -302 31 -54 -296 221 -22 -111 -16 -131 -399 3 491 65 22 134 44 -106 -494 414 201 -39 -263 -213 221 283 195 252 220 136 -233 276 -9 175 -117 -168 100 -152 164 354 -204 181 -34 -287 -255 -170 107 310 176 274 377 -219 226 6 373 -184 234 151 -51 198 85 -110 -227 -306 337 69 -77 82 630 114 -169 401 -171 18 350 -465 -209 195 314 144 212 -131 197 473 -95 -94 -172 76 465 313 -86 -145 377 209 72 -316 -64 276 205 -19 174 157 -125 221 -12 -156 54 -18 115 454 170 17 -25 122 276 -239 -167 -250 630 -188 -150 -225 264 -158 158 211 65 -165 -92 -37 202 58 127 84 -86 -181 377 -146 358 72 426 -51 46 -302 11 163 -6 -215 643 -8 -102 -180 415 -80 -324 -11 -111 468 -156 -54 115 106 -143 -37 -182 223 134 -31 -389 61 -126 -402 109 79 115 -45 176 -237 461 -124 -179 17 -18 -231 -284 -415 613 -114 370 278 -87 107 -52 -166 155 333 125 242 -70.94499999999999999999776731700059114389]
[-456 498 599 382 -591 112 357 -82 152 -264 -187 248 -591 -67 178 80 -114 427 81 285 -26 178 235 31 -254 -190 -290 145 -370 53 -95 44 -178 -171 -216 -225 -78 429 -47 -205 36 -173 81 -279 64 -557 -213 -449 40 179 -386 -24 -56 132 46 241 101 259 -373 -197 76 509 -614 77 167 290 -10 -129 254 79 74 169 -385 -169 -43 -97 -406 353 23 -157 47 438 -199 33 -89 -60 500 325 208 -129 92 192 -220 540 36 -386 -32 -64 -243 197 64 -60 331 -213 -494 -287 134 486 54 -107 -203 240 -107 -116 18 -92 267 -95 -329 112 -184 114 -177 144 -6 -139 104 -74 101 53 -86 -102 164 -305 -134 -135 205 -46 311 -74 -170 -200 334 387 79 -225 126 -47 86 -117 -241 364 216 125 -173 81 -44 -113 409 -271 -159 -350 -29 197 -109 -395 -63 584 77 56 91 192 265 69 -248 137 -12 14 -283 98 335 -78 59 152 137 -56 123 -371 381 -45 -11 -539 -168 220 -56 106 192 41 292 -36 177 196 -205 290 361 34 175 -227 30 135 178 -88 -141.8899999999999999999946174490294001016]
[-129 -152 103 -887 -820 -684 127 20 131 -32 200 179 -117 -85 91 -306 478 -16 347 123 59 260 195 113 182 -10 -237 -208 248 -100 -115 -353 -160 -41 100 -19 284 217 -137 204 -189 245 38 -298 -81 -261 115 -275 -14 15 6 29 -262 -60 38 -180 165 56 244 -150 63 261 -83 45 148 258 -15 -202 138 -147 -116 341 -278 329 403 -52 248 228 6 360 302 -115 68 -101 -4 117 161 189 -152 -629 -350 112 562 199 -82 -118 -203 9 -150 115 -49 88 247 227 -98 -103 264 -120 150 -88 -331 358 -143 -336 -16 350 -119 -69 -158 -231 27 -456 280 -234 264 -97 -251 117 276 163 -77 4 358 30 98 187 -76 524 171 180 -157 -120 200 -360 -305 -1 -262 178 -118 -154 -56 -260 -139 321 -138 -384 28 205 -170 89 1 43 -68 -125 110 -72 -426 -19 155 292 67 71 36 563 12 347 -304 67 3 -75 316 -185 142 15 228 58 -88 -232 111 -418 16 6 -351 282 -215 -262 -21 -410 367 84 -418 79 -192 106 -96 148 240 -130 172 -287 -106 187 141.8899999999999999999961158770155171078]
[-123 -620 597 355 -544 488 210 -321 133 23 155 -114 -5 -256 -230 145 -94 7 330 -217 -624 80 -192 -98 -159 76 126 -116 -213 -23 -94 97 96 -55 220 248 19 -134 35 -373 -32 218 36 330 40 144 293 75 -222 -352 -96 33 249 -88 205 -373 -246 -314 85 193 62 -577 98 -243 -148 -220 151 216 -78 108 -87 -402 117 10 -502 387 -15 -124 -261 -53 -318 -154 219 -103 108 413 97 -212 -118 258 -216 -276 163 -564 -380 61 -39 117 147 142 -115 157 77 330 558 -103 -85 -11 43 -264 320 -78 240 -76 -135 -141 294 -299 -160 120 -3 333 65 30 217 87 39 -265 -11 -84 -50 70 179 112 58 -125 -126 -48 -151 296 450 41 -100 -32 -200 -27 29 -175 -274 90 154 59 320 71 -216 -285 -154 -180 275 248 -109 95 6 -353 150 273 404 -4 217 -232 109 94 108 -427 -340 306 79 20 116 -427 -222 -27 -231 17 52 285 389 201 -553 -178 -73 589 37 -612 -61 37 43 217 -220 -167 165 117 -50 -352 -330 -98 -14 61 390 66 -230 -282 212.8350000000000000000046290925070232326]
[-680 928 456 -663 -20 -153 367 -239 -156 -178 -244 -120 -178 24 4 -108 231 387 772 -135 140 42 127 -212 39 215 -145 -251 117 -213 -83 49 -61 221 181 -78 325 57 -154 210 69 36 249 223 -9 324 -17 -79 -192 -275 176 -64 44 -11 -537 409 -16 64 -72 -2 487 -149 -152 186 -453 204 522 -201 247 370 7 -110 -116 387 249 162 148 -226 290 343 228 24 -233 524 86 -140 -487 28 215 35 259 153 207 -161 -275 232 290 -291 -101 275 386 -6 112 233 -226 254 -194 304 -209 -203 96 -77 -83 218 35 -38 -83 -14 73 207 110 -210 -106 -57 208 -7 -285 36 162 44 -221 -153 -14 -34 141 60 -115 317 -205 -256 -306 -68 569 -393 10 233 -41 -272 178 2 7 35 -425 7 123 -65 -175 -52 59 -137 38 502 322 -53 -125 -295 -64 -106 72 -199 -207 258 190 2 58 174 -134 -5 -106 126 67 -235 -46 26 75 -135 -255 101 34 -421 718 -114 -4 -130 -96 -75 317 158 -115 -332 -90 105 -174 -30 441 229 38 -320 252 -141 305 -51 -70.94500000000000000000053417152609566576]
[-97 -271 -546 -19 944 -398 -295 -306 330 -194 79 25 -492 178 -11 294 75 -181 1 -27 -254 57 89 -4 -349 -331 209 94 120 290 318 328 -59 -62 -197 -69 238 62 -507 -455 -188 -53 340 150 -281 403 192 417 161 -394 -353 186 66 -72 307 -27 -175 300 -7 65 42 -120 -93 -64 -37 -169 -80 116 185 -393 32 284 -157 -312 50 124 41 -379 -295 -351 -315 316 -283 256 -16 -148 -147 -184 118 -118 346 -253 -101 -129 -167 -20 -12 -443 62 246 324 -22 -305 401 196 -98 137 233 -128 293 -203 -229 -564 -55 82 -18 169 0 13 -228 -104 -92 -197 -344 460 106 -271 -110 6 37 282 31 -5 102 -311 -103 -690 64 -165 -89 34 315 -6 207 -392 78 -406 220 106 129 -16 84 156 -52 -363 -68 -36 -62 -48 -337 -48 284 -92 25 18 225 -325 186 -236 -417 -547 335 -219 207 128 192 370 69 265 453 70 -31 -261 -151 -12 81 -244 -87 -182 -96 547 136 208 274 249 -34 -161 -175 193 -40 118 72 211 158 4 18 77 105 -32 -162 158 139 -0.3189925097082717670210938627761709796005e-20]
[999 238 127 -972 746 -850 -239 -345 486 103 215 45 78 -12 -184 -69 -34 -73 94 -171 -402 182 -117 -2 74 -90 60 87 -37 2 -86 -90 -65 264 73 215 -367 196 -90 -300 -129 -123 45 122 -382 278 100 -66 48 163 188 121 -34 -478 292 -87 -83 145 305 60 223 -94 -251 10 -33 -419 -264 15 48 136 229 79 -195 -42 -88 198 -314 -268 -337 -84 -263 109 130 160 -44 -212 4 63 -136 -422 1 -182 249 -168 114 1 27 -18 87 231 -318 85 -126 337 592 -294 197 154 -208 -195 -6 228 -60 -48 -63 148 173 263 -267 -22 -96 194 147 31 405 50 -223 -174 194 -119 252 130 42 -133 495 39 -385 162 -118 13 346 -23 -261 -104 -8 -252 -229 -48 162 -225 156 -104 221 21 -148 -100 -44 -137 -155 -36 -105 205 -464 -50 -136 -8 -139 -72 -258 -349 -419 -157 -423 297 -276 -158 62 336 173 199 22 19 -375 27 -162 171 53 -1 -204 206 -38 -230 -107 -18 -121 -62 -154 -171 -51 44 -73 -158 63 167 -17 122 121 -161 315 75 207 -80 141.8900000000000000000017486401370858097]
[338 254 896 717 -545 -649 278 -107 330 146 -47 115 226 171 -270 -82 -288 -335 54 -2 188 -260 116 32 -225 454 325 140 -221 466 -122 -6 204 191 55 0 35 -181 63 -228 247 247 -106 424 -267 288 92 -237 -336 -131 516 -32 -212 -409 40 -135 -190 33 -209 321 175 -328 70 48 -93 -55 -25 293 -69 278 445 -150 47 -163 208 524 222 -626 190 222 -291 -88 200 -181 -184 -330 -98 81 -89 75 -81 240 6 -433 91 -434 -170 208 -39 221 -421 20 13 225 797 -322 -507 -14 -153 -4 436 -230 107 95 -23 151 -219 -35 -89 158 265 -52 145 351 18 385 68 132 94 -194 229 99 46 -68 2 101 -27 153 78 -297 85 72 -461 -26 97 55 3 -101 -353 -110 78 -64 -33 5 -53 -39 6 -114 38 -127 -96 293 -97 129 -272 -235 196 -434 179 107 59 -148 -309 -114 13 -32 176 -171 351 80 -178 73 -141 201 131 205 144 345 -398 -153 -207 154 29 -462 232 -175 -227 37 -26 16 -507 -171 155 -177 -285 -271 60 310 234 -7 -215 -205 70.94499999999999999999319641871761254819]
[-327 159 -561 -494 80 143 -663 -80 46 -151 -3 -36 -485 57 374 -61 66 -190 -257 -162 -134 -270 -65 195 -287 -72 82 -140 26 -320 -29 239 -238 -21 182 -24 -137 123 -333 -358 101 310 256 108 445 -341 -395 -258 31 -366 46 -215 -56 101 227 -207 -334 -39 -277 -230 141 157 135 274 212 -370 -174 83 6 82 131 -267 -218 73 89 -132 42 146 -340 361 -66 -81 -379 238 237 -107 -125 199 633 -437 36 -15 205 -198 -14 -209 -137 64 -160 -112 25 103 32 64 265 -278 -196 248 35 239 164 -36 -209 205 260 54 364 -220 -502 87 -241 191 300 -42 -121 287 -118 -61 -414 -677 -40 -173 13 0 293 419 489 -109 401 -153 45 119 -181 -210 65 37 270 -257 -66 258 -54 -462 -31 -342 -205 -107 29 -37 205 -69 -337 -321 244 155 450 -36 -119 22 244 -299 -219 -42 230 74 102 89 -323 136 62 111 -229 -75 185 -23 -215 186 -139 -156 -324 28 -198 278 14 69 -265 -39 -1 -376 -125 42 438 63 -59 -272 -121 244 99 32 -162 114 -208 -62 -70.94499999999999999999972381240678072817]
[293 -586 603 -386 -11 864 -149 -365 189 311 -176 -55 92 116 -139 -58 -36 -330 -55 -498 78 326 -336 -89 101 -25 -44 -37 -94 -147 306 -164 -84 125 -41 431 81 134 -297 -176 -84 46 148 227 -168 -133 -225 320 175 -146 180 -75 119 -11 -80 -286 207 -146 70 -8 -181 399 88 281 161 -143 192 -85 -203 204 -214 -125 -335 -90 4 -409 58 -176 -153 -76 138 242 -204 532 233 -215 -194 -94 123 -505 -65 -316 -267 40 487 486 245 110 314 -402 -167 -105 -107 114 53 206 148 248 -404 5 150 322 19 35 258 47 264 -295 -206 -242 -46 -85 228 -148 -154 327 -617 -405 -68 462 -325 253 224 -172 -141 -86 297 208 -83 -90 -137 -1 256 -97 265 -40 -16 -194 423 320 262 -141 -101 51 324 -181 204 192 -93 -106 113 -68 -131 -149 -115 122 -209 161 -24 235 -206 7 170 -252 23 7 -187 67 98 -10 68 339 104 -324 -151 40 -65 -381 199 124 49 -121 230 -56 64 -143 51 -327 -141 190 -81 137 44 -43 128 -177 -390 201 -197 94 102 -156 283.7800000000000000000064921587677537474]
[-546 -984 196 -407 -313 272 17 136 8 -168 39 -176 -374 106 119 130 -82 97 115 -416 146 -49 -194 6 -451 111 -195 127 -203 231 -103 -182 230 -221 -75 154 -359 -42 -305 -400 -118 110 -102 207 168 -215 45 135 -15 237 -425 111 213 59 205 -137 -418 -223 -169 -97 -443 63 162 -43 499 28 55 54 -23 292 288 120 -271 -482 -30 -318 122 83 35 -572 -361 131 -93 54 -103 -269 25 331 -14 -146 -36 266 -406 -328 90 98 -448 -62 -241 -151 -110 -2 117 124 12 -215 -154 -27 354 140 -181 410 -178 -113 404 -77 -25 -23 -220 -368 260 -344 -152 6 -139 -162 -172 -105 -251 319 -181 240 -118 -49 41 -67 51 -305 276 -97 140 104 27 -52 -69 69 40 -162 88 528 19 497 215 257 327 -380 -125 363 97 -363 73 -422 -229 -233 -21 100 -420 -191 103 -68 -117 -77 -400 -301 -397 -184 -74 -196 81 -429 268 -134 147 142 -200 378 247 169 -397 -87 72 -216 -42 -16 90 237 -204 341 135 148 221 199 247 184 68 -102 -96 -99 251 317 217 172 0.5740723923997510051009515383291237355934e-20]
[-769 -503 -351 807 -899 -352 -430 372 345 -181 -28 316 607 -246 66 75 35 57 184 -10 -43 146 -156 157 -116 183 -8 -358 -127 192 235 232 151 189 -271 -317 227 170 6 -248 -55 -328 -71 264 95 419 268 87 -47 509 -83 -130 -73 -219 -230 -82 162 71 13 211 201 361 -251 -9 156 -163 -94 -55 -103 251 -69 -332 -68 131 132 291 -54 -106 187 20 -391 132 -305 93 -144 117 -250 -313 172 -212 410 -239 105 -313 -108 -49 -57 26 21 61 -111 32 -168 183 82 -33 -142 406 -414 -228 201 -281 48 -61 110 -317 433 -220 -65 -131 291 25 101 -19 199 431 -384 19 62 -178 195 -23 -2 50 30 -266 380 44 -308 -184 -74 324 -43 253 88 -212 -147 -162 503 71 560 -269 46 -218 121 44 -183 -115 44 -57 -109 532 -44 30 -328 -236 -187 271 -195 83 62 -147 -205 -70 -275 -125 -154 -99 247 -617 148 -311 -164 -294 -50 191 -65 -36 -81 342 157 -325 331 -127 -105 371 103 175 110 217 319 -55 -475 -32 -325 166 -46 263 -254 141 502 -24 70.94499999999999999999530417871987101531]
[-162 983 -75 267 -840 973 -89 247 -44 -135 8 -8 -44 85 268 -354 61 304 44 -149 229 35 31 -87 95 368 264 -92 464 -221 -280 -295 126 22 8 30 -268 25 -119 226 215 53 -235 372 430 -266 11 -224 190 300 441 -363 102 -140 -80 -16 11 -82 -240 43 64 106 358 95 249 -123 -187 -275 446 104 77 -265 -608 176 -145 -58 -100 -27 -6 417 -61 -243 50 180 -288 -62 -173 129 36 -82 -16 50 164 6 104 -761 -299 119 -245 -146 -429 -176 300 -251 -73 20 -20 -307 0 131 -150 -25 209 189 -50 211 -162 115 -218 -223 54 -46 289 -201 -409 -210 101 112 -54 -277 -197 -202 -66 -143 57 380 256 -33 439 -125 -15 302 159 -228 297 350 -151 273 -125 21 -140 -339 -222 286 77 -6 -258 54 65 193 -228 41 177 -125 255 -266 -117 -91 226 -120 -333 -252 118 199 276 86 48 -151 88 395 -122 -9 72 62 -343 -23 -1 545 25 -185 -22 -65 -85 -101 -218 -90 -95 -319 -333 -376 42 -194 108 -194 -32 212 102 18 327 92 -204 -47 -283.7800000000000000000031480501125479863]
[-619 -655 -596 373 81 610 108 -135 48 66 -49 120 -252 -39 68 -143 51 25 239 117 82 -11 56 108 216 3 -268 639 -141 178 -272 -54 -43 -55 148 51 133 21 -103 -57 65 -14 -150 -68 70 -138 -192 -40 -130 -174 149 -113 -215 102 17 46 197 335 152 147 -45 -7 393 254 -60 360 438 6 -34 200 216 -40 -33 -175 380 -129 179 42 434 338 246 -78 207 -70 -16 -227 4 224 -143 -211 -272 45 -43 220 117 -7 228 -315 34 108 66 150 -39 194 -139 58 5 0 319 280 -115 66 18 13 41 323 -181 -198 119 364 -101 -214 28 -222 410 54 -42 453 -323 85 -189 -253 -163 -202 -191 170 -109 -52 178 199 -77 -148 162 -6 466 -39 290 -241 250 -166 -362 102 153 -183 64 33 -316 -242 -218 272 62 -327 -198 311 -26 -586 -248 365 100 208 315 -19 -210 -203 198 146 225 195 181 312 -316 89 188 350 -34 -86 294 -322 -376 -202 64 -358 136 39 -9 -153 -330 138 5 246 -113 266 -286 39 -95 51 -36 -275 -161 253 -204 -31 70.94500000000000000000346782249847753075]
[202 -106 -835 675 462 -741 267 184 163 301 232 -332 -264 174 -333 -268 -9 100 141 100 239 -189 -45 -274 233 -230 -15 265 -2 -41 -157 -7 -99 -32 -101 421 -159 -429 -199 -85 383 -320 14 -399 -81 71 -338 351 451 -279 -49 68 105 17 1 172 -94 83 -322 -32 186 85 72 -70 -185 -119 122 -287 397 -102 155 151 92 -66 38 337 -131 235 350 0 61 105 370 315 -189 158 -49 -208 -70 166 -139 -55 -206 181 48 304 189 -57 -525 -69 24 171 -354 -49 23 251 25 -103 301 341 -139 26 -208 440 230 -48 74 117 344 560 144 -38 -36 34 264 -77 -178 283 346 19 -159 -32 308 116 -416 119 -259 79 68 59 -197 99 -87 221 279 -294 245 396 138 139 -302 -184 269 -50 241 -4 203 -106 -517 234 614 -162 191 -116 -115 189 -149 314 -94 67 121 -207 -373 -140 85 -185 -206 417 -40 48 170 46 288 370 -251 69 165 26 105 100 166 -31 -1 18 649 -286 219 -104 -237 145 222 -75 -255 257 122 102 -421 -112 -149 131 82 -51 0.6434221163569457983722897544826002658169e-21]
[-722 -682 647 825 -884 32 120 -144 359 67 130 21 -116 -15 -306 -441 28 -195 426 436 -228 29 -191 167 58 -75 -212 359 140 476 171 135 12 -114 159 -143 168 -139 -203 192 37 4 -113 -17 -160 109 -94 129 170 301 321 24 -175 -26 -91 76 -183 143 -197 105 471 -277 71 25 -91 -9 60 -76 112 230 179 115 -28 25 303 413 139 87 369 418 -223 -151 362 192 5 82 165 142 -202 -789 -64 -176 88 141 222 398 130 -26 -112 -116 -133 -45 303 376 393 96 -90 -74 282 -166 -31 238 -231 -162 63 444 -160 179 -332 230 110 -90 229 259 464 224 -457 437 -154 -28 -285 -8 160 -45 61 243 46 2 123 225 -39 -219 95 -9 192 -245 -86 69 -200 -8 -116 -132 178 203 209 -36 10 -451 -201 21 216 -278 172 222 10 -194 -88 -243 55 44 193 51 -13 276 148 69 -186 272 279 124 128 -42 -132 222 119 -135 -77 -266 -179 -265 141 55 94 -36 231 -364 -177 -183 -25 260 -183 40 108 397 -238 4 -60 -312 -44 231 -197 369 70.94500000000000000000371331904140818568]
[118 -800 509 -496 -252 993 119 -17 -286 -66 -237 -38 289 -210 -188 26 -271 -159 -54 -262 72 -48 -121 47 134 30 -160 -143 -127 146 61 -213 42 -55 109 -82 -6 -51 -82 30 11 -148 131 43 -99 122 65 27 218 -525 170 97 -59 81 255 97 -331 -32 -368 378 44 -274 175 -61 101 -297 -318 -142 93 351 -24 -18 -100 234 -149 185 -2 99 48 -156 -343 -236 -45 75 -140 253 -82 -513 70 84 380 -295 307 159 183 105 3 240 -288 14 -18 506 -331 123 291 181 -99 -73 -72 87 550 -142 -185 247 -232 -286 -35 140 212 105 -68 102 -56 98 81 377 -330 -316 -37 -138 -198 -290 -178 -6 126 36 146 -113 -58 -59 -118 -251 -411 154 205 -168 1 -118 -7 20 -199 -79 -76 147 56 223 -280 -221 97 241 47 483 193 -245 57 158 -271 23 -383 -241 39 -202 275 -127 36 -140 34 -182 242 -132 143 31 64 33 -29 -2 -3 97 -175 219 42 104 -86 -26 20 -226 261 53 -308 114 178 19 -75 -283 -523 142 -172 433 47 171 -81 73 -70.94499999999999999999218705803749325174]
[-502 472 -272 -228 -565 -311 -125 -106 -682 -528 -131 48 42 -60 -56 38 69 -73 -120 -212 530 55 -281 124 127 66 -80 12 -3 33 272 -203 -249 -89 65 35 266 92 -48 255 -269 82 383 -25 -50 330 141 -19 -61 -29 186 42 131 -25 -79 -365 66 -469 -45 141 -77 -130 65 -276 -92 194 382 -76 -314 -140 -268 492 86 -19 76 -110 -149 -92 -106 -176 182 33 118 -355 201 -283 149 232 18 -5 -213 -17 -233 315 -322 518 247 -45 215 -47 223 -281 50 -119 -140 -262 124 356 -93 -296 32 99 165 74 -20 75 47 -320 5 -85 148 -275 127 -365 -336 -361 66 29 131 -87 281 165 25 351 -362 145 -259 -269 -10 -85 153 -49 141 -72 -305 43 122 -222 -122 145 -81 -13 81 52 -34 204 146 299 363 -114 92 -314 -89 258 -64 -2 -46 -144 306 118 94 315 -56 -3 449 329 262 117 77 -173 -416 281 212 -266 272 -374 -45 -78 -9 47 44 341 51 -460 54 163 -49 162 -22 -59 127 167 67 34 228 -212 -24 -113 -91 -271 555 -118 141.8900000000000000000021012298111801766]
[-473 536 23 788 -759 -414 -316 279 -48 -604 171 220 -104 -209 33 -52 54 149 438 39 258 -214 124 250 11 4 -111 -397 -93 296 88 -90 -171 -94 -144 -175 90 -54 -108 -369 -419 -199 -196 238 -62 -579 177 -39 -192 -52 265 218 77 -100 -97 148 31 -115 -488 -70 289 38 137 433 191 -121 259 -163 -29 248 -207 -195 -333 295 -13 -21 15 120 101 606 190 -170 -528 347 272 -218 42 -197 340 -213 161 -41 -36 -484 -87 251 -94 -108 -44 -125 -55 -55 310 -43 -467 162 285 309 112 -67 -58 148 -112 451 399 -49 187 -190 -374 334 157 -156 -71 322 -16 249 -410 274 -117 22 -253 -275 211 -336 -43 388 398 204 316 29 129 253 242 -100 50 -60 23 -453 214 300 163 -344 169 38 283 9 -237 248 320 -154 -144 -143 179 188 -133 -266 -120 43 133 -188 308 -72 180 13 63 -141 -325 17 15 -206 -164 -53 218 73 197 68 69 6 20 12 -120 126 136 -328 77 -167 166 -445 0 -177 182 422 186 -318 -292 124 -231 22 14 54 45 -310 -212.8350000000000000000014707440604724464]
[-503 -75 -483 -217 590 441 -592 103 193 -430 161 14 545 -312 -83 -281 -11 -65 -191 -262 170 76 201 -38 219 -129 -353 -361 262 331 163 -12 -159 45 46 -667 163 97 161 31 -139 -170 113 157 -418 204 170 -52 200 117 -404 -84 -207 301 -3 364 17 -292 125 116 -91 -359 -321 39 -26 -139 -23 -227 -293 -68 -143 348 302 82 64 3 296 -217 -150 -422 285 16 161 352 151 188 -376 -301 -248 -131 266 -130 -153 44 115 146 -268 -218 420 -7 16 -37 -124 -9 114 138 -211 -242 -219 162 56 -171 -252 0 -1 -118 60 169 75 -282 166 -56 -50 62 -458 66 20 391 -176 137 -87 -14 -392 176 351 70 163 55 -1 -113 -442 -76 -323 -31 -108 -76 -184 262 359 -223 149 93 178 190 169 -47 204 173 -211 -156 -103 486 101 36 88 -7 -12 -136 -80 -61 -305 -8 124 -127 -151 95 -83 -73 9 -206 138 -34 -236 -493 79 -216 -80 -241 -45 163 251 -197 148 91 -383 -15 106 182 58 45 -27 -107 33 20 -610 110 264 108 -342 237 218 160 -70.94499999999999999999813117711150574167]
[249 -918 349 796 87 199 139 334 76 -204 72 176 -325 -183 26 -310 -71 142 65 15 -9 -92 -222 -270 -119 347 -103 175 -174 -113 -69 212 522 32 142 65 -154 -457 -487 -111 -44 -124 72 -280 -31 262 123 -33 -60 279 -84 -466 351 -53 -466 362 85 -110 -368 225 126 -403 234 -379 286 -313 -239 34 379 -177 91 -278 186 -538 -1 202 35 296 174 -307 -354 28 438 337 -313 153 166 102 -489 326 -57 8 -323 342 -168 -96 -320 -188 -429 -202 -170 -109 -16 33 -83 230 180 -15 309 233 -53 -258 -88 -48 -116 -424 -78 512 426 -56 88 -99 -90 -311 289 -243 61 82 -46 219 48 151 -70 -129 -97 201 -319 -251 185 -103 86 464 -84 39 -85 35 -51 69 141 -124 -509 52 349 -113 -100 -116 -134 -124 1 277 -149 103 475 -441 165 17 -389 265 156 -6 -108 -9 -313 -22 -33 -159 10 34 70 231 109 63 103 -206 -197 -309 132 -103 -195 -34 719 155 300 -218 438 210 -6 107 -108 -97 -92 173 -14 431 323 92 -134 192 -176 104 419 69 141.890000000000000000005894505717912097]
[177 -535 897 866 967 809 -195 357 134 59 -118 -246 -136 154 129 -43 202 284 -171 -239 -105 -94 12 -77 -475 250 390 -103 -15 106 -110 -135 -54 126 -148 -9 -37 -5 -58 -211 -84 541 -48 165 327 53 139 99 -72 35 -530 -370 -45 348 -116 31 -13 241 -170 -213 -591 355 231 319 194 -248 52 31 2 33 -119 -167 -168 29 91 -211 141 -74 -28 -104 -123 62 -216 170 92 146 -398 -14 154 -120 4 225 238 -87 187 -464 -73 57 -281 153 422 56 -66 -74 -42 255 126 136 -43 290 -219 -168 144 -129 143 -139 26 -166 -363 -242 -98 51 -24 -27 193 123 -133 198 28 -61 -201 93 450 -316 1 -5 196 41 337 -127 -234 -41 -131 23 -120 350 85 253 159 129 375 7 -22 346 -142 -615 -304 192 7 -337 -97 -3 244 -124 -34 -60 -124 -145 28 -52 -341 118 -197 -76 -320 211 -95 -322 -187 260 34 -141 -105 -322 -70 -140 157 93 -76 -70 374 -410 278 64 -137 13 219 60 190 -382 -156 194 -77 -264 -334 34 9 131 100 -129 -68 -164 -212.8349999999999999999951922047101443254]
[585 807 752 -186 979 -30 -386 21 123 -79 -198 -333 -216 -90 -183 -154 131 34 -276 417 27 53 -143 255 -288 140 118 291 -38 207 206 307 328 148 -151 95 85 14 -327 -329 -153 -199 126 77 174 -56 139 -46 -316 -329 100 -187 -17 -148 49 -86 -158 123 -507 85 198 201 105 -81 301 -117 -320 546 153 -124 101 108 -14 -233 156 0 24 103 242 -224 -221 153 86 -15 -98 -260 -181 -119 359 258 136 246 -30 -46 -144 24 125 -220 -98 -229 60 -208 381 -67 257 -105 240 61 -228 404 217 24 -249 120 74 -131 7 279 188 -14 -97 395 -276 221 2 -78 -254 -9 -277 -278 -35 -312 0 78 -169 -51 -227 -46 192 -143 243 154 47 10 -255 76 16 -1 195 186 -376 -485 -321 -228 -319 -230 -168 -258 245 -155 -203 68 248 163 296 134 -222 378 95 -332 -142 15 21 78 423 -667 -310 3 18 370 -34 -112 -58 -228 -199 -4 -417 228 172 -326 198 216 245 336 221 -240 -448 -85 -53 -204 -55 201 65 122 171 103 199 437 -243 55 311 13 141.8900000000000000000026851709570027932]
[-214 -447 -400 826 -242 -588 383 -361 -122 10 43 45 34 -48 45 247 73 -50 95 340 -92 -18 142 24 42 -277 -34 -97 207 -36 -465 -214 -474 215 82 -279 14 53 563 33 200 122 18 127 -257 60 15 322 -82 246 -135 226 -167 325 194 -101 -58 -247 87 -44 -65 340 100 371 -52 146 126 -199 -46 -14 -40 118 -95 -44 0 55 -138 37 546 314 -539 438 -232 -133 -313 402 -410 -161 108 -429 97 -18 337 141 7 239 24 -37 -87 388 159 191 227 153 -94 0 -42 -174 -84 -212 -217 207 -68 -45 -9 376 -241 -133 -393 341 0 -337 -87 265 -197 6 -82 276 -100 18 -266 -46 225 -134 -27 -309 115 61 206 70 -59 -459 30 185 -242 -312 0 151 -265 76 372 140 169 15 277 -122 -74 -347 68 312 -224 -23 336 194 -18 -33 279 -262 -112 -118 243 52 35 -276 -69 274 306 -234 -327 -101 25 -44 -176 340 -123 -57 493 -23 -612 -209 23 -149 249 -42 -307 -45 434 218 -169 114 -53 -69 81 143 -361 -227 113 -143 348 -317 -180 108 -283.7800000000000000000056430853339493406]
[-551 627 -202 -247 459 -426 -227 -514 107 31 187 289 92 105 -91 -92 -235 -134 354 -66 129 142 -18 -171 321 -295 -151 -48 225 -310 231 104 -91 -90 124 6 143 -53 -476 232 176 -257 246 -156 -84 229 -9 369 505 -222 221 204 -110 204 127 95 -264 -74 -142 68 185 -10 213 192 -628 -223 527 -347 219 71 -414 41 -51 522 -32 205 -175 -365 67 -82 27 151 -62 520 -101 68 -159 -217 150 -224 221 -55 117 -173 -177 534 484 -131 -576 128 297 15 -315 31 -372 -103 -17 182 -146 -39 -130 99 -50 383 29 80 -169 90 -19 72 128 -371 -208 -93 -119 35 -425 -128 52 77 104 85 128 367 55 339 -285 165 -96 -126 114 -185 100 53 40 16 -78 -54 145 403 -121 7 -350 41 254 295 -140 313 -192 -189 390 21 -113 174 44 198 -137 -265 -343 -279 -87 106 390 -89 276 -150 -15 418 11 378 2 -45 259 -15 -118 475 -44 43 141 206 278 -40 -115 -109 414 -12 128 88 -345 -144 353 -218 258 168 343 154 -244 -400 -93 -135 275 -186 -70.94500000000000000000896474463044783925]
[-220 -598 -551 -445 -460 -135 417 -194 128 16 -12 -25 193 324 24 -63 -447 200 -158 -152 -169 3 192 -112 -403 55 183 -311 -314 81 -112 94 -135 317 -20 -26 4 502 393 -174 -93 -172 83 375 -17 54 -99 -40 441 97 0 -210 -113 -90 -392 -105 -80 -102 -309 -267 379 73 -522 -408 63 40 -225 -297 179 410 399 -31 177 -162 21 180 5 -319 -6 -46 107 336 -312 269 20 125 -102 -215 82 -195 92 288 -43 -164 -63 33 -262 383 -288 -197 -186 91 23 468 326 168 -125 67 -403 -273 418 303 147 258 221 -110 -56 59 -239 -236 225 -104 123 227 -320 15 -429 -68 -138 -20 66 -9 161 -571 -238 -141 138 -113 -232 -372 -241 -163 97 -68 -42 -384 168 -11 -275 457 -369 56 287 -133 159 -88 238 423 -23 -360 -335 266 -171 -7 124 136 -251 173 138 -116 -403 23 304 97 -733 84 241 -465 115 -250 89 181 29 68 137 165 57 282 70 80 286 119 -191 -87 -115 56 56 8 -32 342 -456 -50 -106 -246 49 316 -192 39 196 -4 -14 219 70.94500000000000000000572237434382469896]
[-549 704 -953 361 -553 215 -148 409 -245 -224 276 -38 17 205 342 138 -40 -103 20 -105 -115 -309 -23 165 -29 12 35 154 -61 -34 -56 315 -241 -308 -153 -257 -8 -18 -137 190 113 -16 -151 95 -32 25 -150 -180 15 296 92 -75 -153 -143 -136 323 -18 -163 8 6 4 158 68 -116 30 -115 -378 302 318 -388 436 59 250 -290 740 -87 114 94 282 -31 -138 232 -124 -188 -208 5 5 281 -296 301 80 164 -74 224 31 59 -286 152 319 -46 -237 -224 24 175 317 -226 -43 -117 -223 -107 -377 -468 -430 -253 -98 16 100 -11 -17 -85 -31 -86 -68 -379 -462 -145 39 -20 -309 24 -87 186 -573 202 326 167 -13 55 -90 -250 230 -90 -632 -74 -337 443 85 -545 12 475 -250 108 157 -5 203 -224 162 118 -38 56 -88 -182 -198 78 267 157 -121 -127 280 21 -263 -197 -483 -115 -230 -138 149 -166 164 -80 119 -190 10 209 -31 -73 -294 -37 -98 -124 146 295 109 81 -635 100 147 116 13 377 -116 -194 -106 -57 -98 134 -211 -226 165 148 -306 188 141.8899999999999999999957917353064956935]
[-167 -727 790 -381 452 208 -196 457 -14 -360 -12 8 -19 -7 82 132 243 -3 346 74 10 -139 52 380 117 -273 149 -85 167 -289 19 33 29 -162 -185 65 113 -30 -260 270 -363 -183 -5 -267 110 -447 -88 -301 -172 474 263 193 24 -461 -236 169 -113 -172 -318 -62 424 9 20 244 -189 63 -96 349 392 -100 -326 -149 98 -22 -11 232 -217 223 235 315 -183 212 -259 229 439 -282 125 239 100 14 397 121 20 184 -283 68 164 -380 242 -7 467 -99 653 -312 -58 -143 510 371 85 155 -351 37 -237 419 144 276 383 473 -203 177 -341 229 -201 -23 27 -164 -243 234 -148 -476 -357 -42 -53 68 -35 124 -118 -117 318 -208 250 -158 -129 -21 -213 168 11 -80 66 249 -446 -479 272 213 100 250 -395 -82 95 -164 69 -57 135 107 -88 -222 -261 -39 353 -161 353 104 215 55 67 -563 -400 139 -81 170 -583 -93 96 87 408 372 -183 -158 253 -166 4 255 -80 232 227 -83 120 -349 87 -51 211 361 -1 -38 224 269 -40 -352 234 137 62 -157 -70.94500000000000000000161699618436732798]
[-615 320 322 141 -172 -4 -398 184 -250 -36 82 401 410 -163 -24 -54 170 230 53 117 333 -228 284 -19 310 -91 -270 -360 112 305 72 157 394 -90 -150 -86 257 -254 -40 105 -317 -365 -358 38 22 -91 57 345 22 374 545 187 -308 -177 163 297 -131 -111 363 -36 -143 -353 71 82 95 -89 -167 60 -109 196 -89 35 238 355 -50 -98 -9 199 74 172 -263 -207 66 -180 -102 -121 -77 -151 -71 -265 258 104 -57 -221 -291 76 96 -300 -37 36 -284 36 125 -47 42 14 -128 -222 304 497 285 -58 -216 114 -32 -454 -278 526 154 95 311 -70 -227 -151 274 421 214 353 37 92 81 31 -34 -19 -15 151 -248 121 -133 499 -377 303 278 20 294 -76 -26 194 181 133 -83 -114 -137 153 95 55 -396 320 318 -96 103 107 -284 -1 -193 -148 -312 -196 -217 -35 478 -42 -88 -187 189 -118 -279 232 148 -25 161 -73 198 120 -276 172 75 75 -341 283 118 -91 -12 -148 341 -111 276 -122 130 41 8 30 180 -118 94 -119 -132 74 -85 -192 56 -86 283.779999999999999999998796429008904102]
[730 -118 -748 -461 922 20 330 -307 216 -93 161 -176 -612 -33 -354 1 311 -288 -16 208 100 32 -463 203 10 -304 -187 22 -170 -85 245 0 -75 -76 470 396 -183 -210 -165 -84 -203 338 292 -191 -71 -266 373 -262 19 -671 46 267 -50 -207 333 -545 -317 26 -100 -201 246 -121 -297 422 326 260 336 -28 87 -244 -195 -17 -271 -238 -232 -6 -165 201 -146 -110 -91 -56 -192 124 109 167 106 -191 343 -376 -157 229 95 -145 -163 659 -45 -320 58 -60 208 284 306 159 -110 -110 223 288 399 12 24 505 -82 125 -101 383 -77 308 -188 -151 -13 -125 83 236 -60 -16 -265 -285 150 115 -281 -147 519 -181 -350 -197 19 -56 627 -58 173 -469 229 79 -86 8 -93 -179 -50 -65 -132 -410 -229 80 -197 12 0 -168 -43 -35 25 -217 -5 245 0 259 -203 -205 -103 69 -30 512 198 718 -180 60 -151 -93 23 258 8 417 217 -126 75 262 69 -59 -90 -218 -121 183 -135 -3 -1 -396 44 -76 16 -252 224 56 303 94 136 247 -101 267 512 -290 148 -423 70.94499999999999999999699015173452916432]
[-35 -340 -488 -890 -796 -729 706 -409 -199 -169 64 -62 179 195 232 -281 -160 -218 424 -138 -61 55 43 -192 348 84 -178 -584 406 3 -265 99 -134 416 424 47 151 -60 59 294 205 6 -90 -86 -299 430 150 -278 118 15 14 178 11 39 -12 291 18 -207 123 93 297 -219 -70 73 135 -105 107 226 -77 60 -60 201 62 31 6 -158 228 -517 -136 120 327 92 351 108 -145 452 64 -235 -139 -397 -260 87 387 218 -13 198 -376 160 390 -23 -179 -376 252 309 157 93 -429 -324 -295 -228 -26 444 73 81 -185 563 -347 -24 -193 -26 65 -197 -48 41 -143 269 -17 -182 138 390 -75 -124 53 36 466 72 -211 118 -64 -141 31 -318 -44 -201 -317 -101 -355 12 -63 -222 -21 -44 76 75 362 -331 201 93 -192 124 -117 -67 124 -45 -43 61 233 -350 -2 -50 -58 -44 515 -129 100 236 -7 349 178 -27 -329 292 -78 -285 -220 92 -278 -291 -427 -407 -84 229 -120 -73 -484 -180 39 -70 -392 167 -145 -44 191 426 -28 147 -165 -254 320 -531 -110 27 141.8900000000000000000128709211547901901]
[935 892 547 -858 -424 -866 80 61 -457 -48 -139 -121 -15 511 335 185 -165 -131 -18 -189 -127 -92 -151 258 -121 -23 6 -121 390 -547 71 272 -59 -143 -11 -216 -246 -66 -351 0 67 -57 -538 -40 309 -154 -227 -431 541 259 329 -117 256 -110 -174 -216 -78 -78 201 -212 27 -52 -139 -157 272 49 -408 236 212 -37 -151 158 -333 16 77 -88 -319 183 -119 -221 -511 -17 -324 -68 -348 -46 296 80 -39 347 579 223 -177 280 -335 57 -518 27 240 91 282 -450 320 -227 -65 -64 -188 -111 -118 -185 242 -85 -185 63 108 54 -104 333 -140 -158 -332 79 -146 -252 -443 -272 167 -117 -224 -442 90 -123 -358 -93 221 -114 72 -411 -178 9 -114 -58 -38 234 119 260 -64 69 371 120 -100 -203 -222 22 -188 617 -35 -333 -115 1 340 35 25 -128 431 -80 144 67 -156 -242 0 35 476 169 178 -384 28 -273 154 170 -93 -46 60 -177 -166 397 -442 148 377 -57 -347 223 -45 67 -526 72 217 -122 -138 318 22 -130 80 -53 363 -12 -168 122 67 150 29 231 141.8900000000000000000001236292834411818]
[-692 -131 31 627 72 -462 91 151 -15 -134 311 135 -77 51 78 58 -164 120 -367 -525 137 134 524 -275 -113 177 188 -6 2 -37 242 -784 -69 -185 -35 -96 88 123 202 -151 -156 239 29 177 -112 -380 -29 -79 -137 -516 -36 -209 -12 310 229 -319 -81 77 329 217 -827 -143 581 386 -279 424 187 -151 12 -319 -339 158 135 168 -140 -130 7 -421 -6 -236 1 147 130 -397 90 231 105 -162 -141 133 -146 -91 368 260 -61 -250 94 179 197 432 -206 50 -284 22 62 97 46 137 -192 -392 -41 -149 316 41 -147 -108 -119 -175 203 -108 -111 -64 -55 -523 -406 -83 25 -213 -520 49 109 57 192 -157 -411 -59 -27 69 -84 336 -124 -203 -70 239 52 83 -420 -86 -311 -57 106 207 -55 468 156 -351 234 308 -262 13 345 132 252 -220 156 177 200 66 -224 449 -143 -113 17 -630 -103 75 175 -313 -144 -167 -53 93 -111 92 7 80 195 -5 47 63 48 75 93 -292 -43 156 352 -195 4 -135 -197 -9 -115 -366 -521 -579 -96 196 -220 37 -227 -182 -70.94499999999999999999766533467835130537]
[-966 -18 884 209 698 -458 307 177 117 103 329 -184 -349 214 395 -160 50 -258 -71 24 254 -286 120 66 -187 271 -247 -130 -237 -39 -254 534 129 -68 -72 -224 -86 -313 -565 -448 294 53 -99 -675 72 78 -305 107 178 185 -11 -156 40 48 -592 454 107 -148 -363 -285 39 245 -242 -10 198 -291 16 -80 771 4 29 -60 -108 -193 431 -3 167 -104 -134 259 -105 -49 267 377 -383 30 -150 202 -148 -242 -12 305 -130 -292 343 83 -185 -128 -570 -38 2 3 73 313 -214 17 70 239 310 450 -180 257 -279 -157 247 -235 -251 -63 -249 210 -198 -427 306 -96 -34 162 -50 -200 -138 136 -42 189 1 -325 60 341 219 -208 243 -269 23 301 -20 98 -89 103 344 144 -259 341 -214 187 303 249 -223 -188 -349 75 -404 126 -107 -239 71 -141 137 -87 -199 64 -192 -250 -133 307 -368 38 30 -41 179 -257 208 -209 221 28 321 89 -269 242 109 -74 -157 -449 412 15 31 -236 242 -85 -68 -217 311 219 104 293 105 427 556 311 140 -111 242 -98 -2 -101 -141.8899999999999999999978876986953992601]
[-257 -605 -210 930 0 707 -329 -124 -346 204 -195 -87 512 19 61 100 93 -191 -258 -480 75 69 147 -35 -394 -59 358 -304 178 -464 -314 -354 -228 134 -73 -107 33 25 337 399 -188 327 38 -145 99 105 131 -40 161 273 -204 -55 -3 16 79 -17 -48 -432 438 -18 -137 -142 356 24 1 -218 -111 -88 106 130 -162 -161 447 315 -172 -165 138 191 -87 3 -70 -114 263 165 66 391 -525 202 66 -334 -270 172 478 121 -82 -215 357 113 107 3 -79 151 -99 -129 311 21 285 -101 41 246 -85 -270 53 59 207 88 -20 216 270 -44 48 51 87 66 350 -136 -203 405 141 -271 -218 -181 267 266 113 81 314 -2 32 173 -187 -189 -365 -38 131 111 191 33 107 143 6 -448 72 -145 85 -122 -452 141 -176 204 127 178 314 -92 -104 -109 251 -123 -18 76 183 -12 23 -284 -98 162 -14 138 -68 231 120 -135 -193 -142 338 79 -22 183 -157 109 213 185 145 2 -106 252 60 -23 -315 -31 102 70 -60 -434 -611 6 -224 -196 -162 -9 -63 -57 -70.94499999999999999999574831291260411978]
[480 -9 -970 172 294 -588 -297 -200 -304 -541 -33 355 -99 -182 528 -107 -278 420 100 -134 -53 32 277 -191 -243 -108 -197 -16 -284 -136 -95 10 -617 45 -86 0 -94 249 145 31 -217 -245 460 -44 -95 -5 -420 -138 -289 28 -46 -300 57 198 -6 317 73 41 -171 165 -176 276 -188 -325 391 -305 -226 -254 -165 207 9 -38 -363 -118 309 -341 -28 230 257 8 -120 207 -71 183 14 148 122 -67 53 -273 -36 -219 -50 -33 462 372 18 249 -200 -68 83 373 177 266 -240 168 322 82 -401 -356 -224 283 112 -6 91 -106 -172 -150 182 -9 -255 -282 -82 76 -442 153 -293 -573 -184 166 -292 101 -430 -267 28 73 284 111 331 2 172 -175 148 -367 -370 -352 153 -292 127 10 185 209 107 -244 -70 -164 -153 437 192 136 -415 -98 26 286 283 278 159 158 -28 -47 -491 -212 -273 -60 -79 138 467 66 -243 279 225 24 -14 330 -135 -229 356 -287 -212 -232 127 -45 186 -84 -395 83 123 -249 -314 -157 31 228 -25 -47 -172 4 -151 150 107 259 -40 75 -283.7799999999999999999952428659441376968]
[576 -480 -305 441 478 411 320 -514 387 368 -315 -138 338 -62 -314 -149 -153 -276 210 -49 -90 419 74 -257 -15 118 -328 -193 -27 61 168 -148 324 265 28 -365 -33 170 526 7 -167 -159 64 -488 -357 -246 115 -275 180 -131 233 499 206 -98 -56 226 229 128 -1 165 254 -178 -22 84 242 47 88 93 -73 626 -66 109 -192 -415 -349 -599 92 41 -146 120 158 -369 27 379 82 -229 -37 -239 164 -102 68 121 -72 377 156 24 -75 119 -37 -186 -215 175 -95 229 -353 -59 -355 -41 50 113 191 6 -111 -184 -258 78 -209 -143 119 260 54 -34 30 257 299 -68 -71 125 -37 172 -89 16 143 -416 76 -241 -48 36 -13 -85 -88 121 229 348 318 -287 -216 -273 -107 -181 -265 -160 29 59 49 12 38 -393 171 -119 20 242 187 -77 -402 -236 17 208 -324 -92 253 76 614 -32 -121 -263 20 -300 149 -35 241 428 -340 119 -35 -46 -382 128 161 8 -76 -381 -151 133 245 -135 -371 409 -300 41 -394 367 -166 -107 97 -39 59 -151 -84 -112 -224 -124 -141.8899999999999999999971336225928613071]
[-634 -878 -703 652 10 306 -131 529 418 -478 43 125 303 -313 -95 -158 303 -4 228 314 -227 -242 577 -1 228 -243 -96 -175 -64 332 475 235 -68 396 51 -175 120 -40 622 193 -457 -268 20 -120 -210 169 367 40 -401 160 -54 -102 -114 165 -428 124 403 31 52 387 -143 398 -353 -133 -18 -135 33 -51 -180 -359 -65 -238 43 -190 -79 -43 114 -92 17 442 334 -68 -296 -60 176 64 115 -190 -146 405 394 64 56 -266 100 -111 -331 217 240 144 78 253 -170 -103 -173 412 -171 50 253 117 -279 -60 61 -43 32 -261 348 -449 211 512 123 -107 -41 214 59 119 150 168 -128 -111 85 49 -252 -116 205 -84 61 -41 -49 -354 140 435 -171 65 86 2 373 -333 16 78 258 -69 510 -19 106 -21 -234 182 -126 9 186 44 -370 254 -404 80 494 -206 267 200 86 -55 -243 -274 -433 16 -6 36 -23 -190 -200 177 -126 -196 103 -378 313 -203 -99 122 -229 -364 183 -5 306 -150 -388 -20 195 -77 -32 15 -408 -16 -424 151 -11 7 -214 57 -27 -215 -354.7250000000000000000062082688628736424]
[-607 -237 -608 -229 587 -47 263 -95 76 415 -49 -83 253 -277 -8 116 -327 -10 -45 -170 -167 -146 -7 -388 -112 89 69 30 71 -131 556 -76 466 46 -143 129 297 -151 -101 91 177 113 86 -279 -233 -130 225 185 -142 -166 -387 345 149 -117 268 -184 -212 -111 150 216 -79 4 274 343 -167 -468 142 252 -322 50 -274 -527 257 288 -344 96 546 -113 -215 -141 -13 -289 -205 359 165 353 -347 -298 66 -174 7 -568 195 57 -204 -463 444 -233 250 183 81 154 -251 -33 436 -258 -286 558 176 330 271 -437 133 9 -262 -338 494 -38 75 71 -71 1 353 172 209 351 -183 -371 -367 321 221 47 -82 173 129 91 224 -181 -371 284 148 211 -124 -48 75 -56 -177 -7 -337 -330 129 171 168 -110 -32 -76 -469 217 -309 347 15 196 316 -312 -86 42 1 42 -167 502 194 29 474 -367 7 -38 -291 170 182 -62 -57 216 155 -539 -247 265 -13 -110 -64 -226 256 353 160 -460 42 101 121 -64 77 -262 -62 73 -22 154 -73 -135 -54 103 -289 -109 14 -663 -70.94499999999999999998762456565437229941]
[73 -78 -234 -296 -807 -3 61 -324 341 291 -26 -116 -96 -52 -77 -204 -250 141 -93 24 39 -17 -6 -122 126 -396 -179 -175 0 -82 211 74 366 -260 57 -360 -8 -301 24 17 -100 -92 -7 -156 -371 -154 -182 141 263 55 -197 115 -411 113 -142 158 -22 243 213 -210 106 -109 156 59 215 -387 94 -526 297 96 -287 -172 3 140 -484 1 -41 305 -299 137 -319 192 -217 332 -4 -1 160 -435 75 -279 603 -241 25 -24 206 61 71 -204 -112 264 298 67 -62 133 -74 246 121 184 240 306 -26 101 28 -197 -42 -79 -19 581 -196 38 -130 186 82 27 314 190 -238 102 -131 179 22 99 -186 -134 104 297 90 -130 -5 -106 -33 88 -94 284 -6 -305 -280 331 -23 -56 -67 -194 -192 62 -559 339 -467 -107 -94 64 -1 243 240 -114 128 98 -424 -189 -166 181 104 299 371 -25 140 -105 -27 -87 108 700 108 71 2 -110 -174 -62 225 -82 -76 -29 466 -50 -26 -91 147 -411 188 -284 -245 -153 73 -9 -66 -137 -14 179 137 43 -129 -168 -314 -112 -0.6042261953428632598511516032732671099836e-20]
[950 -478 -884 708 314 29 -83 177 84 111 -54 115 -129 64 -46 -223 -206 15 245 -276 481 85 -68 -189 81 32 6 -31 154 -241 -175 -116 -35 -217 81 -6 -276 1 -151 280 441 -25 54 -66 138 -15 -362 -332 308 537 118 -322 -149 -118 -258 245 291 -215 -631 -203 377 23 -166 -144 -78 -237 176 -330 259 163 155 -363 -284 36 76 140 -364 -100 97 -110 90 206 28 577 145 196 647 254 -217 -294 -172 -210 289 424 477 -320 -111 -21 -104 31 54 32 172 -335 -61 158 -280 140 -117 203 163 -73 234 262 -130 -26 -17 210 -197 -46 166 111 276 -269 -6 -139 78 345 156 -366 -194 245 234 210 -193 135 252 20 332 -17 -209 -497 -279 1 565 97 276 458 462 -224 -322 -55 -80 177 143 222 -40 -284 111 -108 127 165 59 -185 -172 -426 66 -195 428 177 -16 170 220 -160 -203 141 -93 -132 114 612 -210 89 12 130 328 150 88 -121 28 6 29 -222 -51 137 65 -40 269 -141 -251 -213 80 -111 -311 -22 190 15 -34 57 32 182 165 -256 0.4401938564928970329758850348056409274022e-20]
[84 247 -967 717 -147 -296 350 -62 -32 220 304 -351 252 85 139 191 -32 106 15 -146 -256 -106 130 -302 -220 80 -40 -333 111 -277 -75 -247 -277 -11 -73 -420 491 -25 83 90 19 405 132 126 -307 -16 -289 -239 32 -171 -318 85 -12 -141 239 -124 -319 -178 549 -74 136 -190 147 171 -79 -24 -72 271 93 -108 421 242 -60 375 257 -27 611 -476 -66 49 -13 -82 -4 127 95 470 -414 14 -9 -94 -127 -101 245 -61 -84 -266 209 -14 120 242 -268 -62 -115 229 787 -215 -468 285 -125 -81 87 -248 -369 -5 46 -146 343 -192 80 -208 3 264 -106 -200 84 81 -337 -322 -42 -116 23 16 -282 171 190 188 -100 407 -41 242 -187 416 -178 -151 223 -23 -133 102 -280 82 361 72 290 -172 49 -516 7 246 -313 -18 234 368 -129 -366 208 128 81 -424 230 258 -40 -309 -91 -366 4 437 -231 321 229 -434 407 -257 5 110 -211 269 -155 122 -248 -384 364 202 56 -236 -232 250 82 93 -186 71 -3 -348 -123 -68 -248 -513 -269 -352 -143 43 -294 -186 -70.94499999999999999999897865596080899637]
[-283 -467 511 -65 -21 770 -202 -281 82 -277 -235 99 -37 246 -109 -172 10 307 -300 71 257 -29 163 94 -114 -295 652 -246 -201 10 -306 122 81 283 62 117 -359 262 39 69 177 137 53 316 -86 157 67 -458 -78 -364 229 -195 -35 170 -336 519 -77 -9 282 -224 41 177 -263 197 -217 87 96 42 -92 125 -100 210 -176 222 -335 239 -346 -376 173 309 544 538 -406 469 447 -87 127 82 205 -13 377 202 26 184 324 -622 167 -119 -184 434 -98 243 -28 96 228 -419 37 505 424 106 225 172 406 223 258 -25 -21 200 50 -42 -55 635 -480 114 332 -203 273 -26 72 203 26 -136 220 -2 -160 -382 17 -30 25 -14 -217 -77 187 83 376 -161 37 424 -166 -340 -187 -234 155 -335 12 110 -273 2 69 -297 172 522 -148 -524 -331 -213 -201 145 20 49 -22 221 190 1 -308 -137 60 109 -236 236 89 -265 -287 70 -94 186 50 -198 187 307 79 -151 -462 175 222 -43 14 -300 16 -44 120 -219 70 -15 306 -61 137 -18 250 -168 35 -97 283.7800000000000000000011047524408286187]
[645 912 -32 477 -574 52 43 85 71 -244 -268 296 199 193 57 -118 149 3 152 154 92 -130 54 84 -35 178 96 -31 101 -116 -273 -257 81 357 -90 -136 40 14 -262 114 85 423 285 27 -148 637 135 -155 -128 -117 161 -145 -211 -94 3 385 239 238 216 -29 -196 112 338 174 -132 -1 68 26 -132 125 264 201 -182 -320 219 -337 215 -195 -156 156 80 193 -199 -120 -20 -434 -358 284 -272 -118 355 4 290 -49 124 -449 152 -139 99 286 431 150 -475 420 -22 85 -115 -215 -222 -116 -202 -426 14 -440 -16 354 -382 -306 12 -277 30 -106 -162 -237 291 -123 8 -288 257 361 17 87 -16 35 256 104 -197 428 -61 -162 1 -14 101 -133 -85 432 -40 -342 -17 -116 362 -43 -269 -115 67 -151 -69 276 -264 -171 74 360 -432 52 -372 -3 -59 -238 -229 280 -129 138 -28 132 -119 47 90 -401 224 39 217 -150 -133 -116 -101 -66 -306 -72 139 83 365 -223 -387 421 -291 137 -123 304 7 174 -614 -33 -23 -166 120 189 61 157 96 -260 -153 337 -141.890000000000000000000968512692013838]
[-617 741 -675 833 141 -2 -64 -218 208 -180 89 55 -36 -208 -265 -136 -217 229 -375 236 -68 11 -400 121 -25 511 -201 -3 -128 89 -53 -28 61 92 557 0 -90 32 -70 -272 -183 183 -4 447 176 47 169 -323 -203 -2 -341 29 -27 19 -530 -459 107 -166 -305 -62 181 26 -219 37 9 381 144 -86 -463 -127 249 -211 316 -380 170 436 102 201 56 -284 13 273 147 -480 -109 -185 -98 65 -12 168 -779 437 -303 56 -82 234 -327 26 -224 -466 -171 19 -10 -15 63 261 296 42 -382 100 136 -13 192 -163 -58 -177 -17 -154 40 53 71 -49 -36 116 -182 118 176 44 -125 -24 544 -156 498 -49 -203 -168 20 33 328 -200 154 200 -193 -357 -610 -127 222 -209 33 108 170 104 -430 -363 -71 -294 620 116 399 -160 -519 -217 -134 34 250 -112 -221 141 201 341 201 -165 -316 327 -94 -119 -77 103 79 -174 -290 199 113 27 167 132 63 31 -489 42 24 21 118 128 62 109 -162 395 447 25 -266 147 -135 0 301 -169 -29 354 59 -252 559 -185 0.1611118419880285156880301514897846359986e-20]
[-722 -497 648 776 -753 221 -884 207 -40 277 132 181 188 262 -187 -64 -36 -90 -131 -85 97 -323 129 47 -547 -81 463 159 -255 -78 78 -282 -191 -525 -345 197 266 33 298 -134 -143 129 267 430 159 -418 -60 36 -406 162 -151 15 -258 -189 404 -22 -199 -527 376 -91 -331 119 53 -7 -304 -295 -117 378 -381 58 186 -156 141 -208 330 -257 137 -12 284 -396 -118 -148 175 -147 234 -58 0 404 -79 -88 -681 -325 -72 -62 3 -611 133 212 106 103 -425 -49 45 -67 588 -599 84 -91 53 202 114 -545 -149 -125 -177 -165 240 -43 -45 37 100 33 111 -31 14 183 46 12 16 -184 -194 285 374 550 -105 -60 34 424 -158 72 69 -122 -348 -285 -170 39 -20 -143 -108 170 77 313 105 -68 9 -251 223 -68 438 -408 96 -124 5 60 -10 301 114 -214 136 130 78 -238 -460 -398 -324 250 -103 102 -252 33 349 -163 -284 32 279 305 22 113 3 214 -145 238 408 -169 -45 100 -38 359 302 -217 -61 -5 226 -221 -379 -368 -171 40 -120 276 170 8 0.9418226755740488541856179904865342678022e-21]
[20 205 -959 -687 851 -12 75 -130 -251 223 -86 -320 80 708 -185 -5 -33 -207 -109 -157 -125 -106 152 -12 332 -199 647 225 77 -288 -63 499 -82 24 -307 645 -217 239 146 104 -8 265 -173 149 241 -25 -65 410 241 -187 196 -141 137 -177 -78 43 197 169 317 93 272 278 -330 -68 -233 -99 249 -33 -161 312 -191 -163 -28 185 -123 109 -152 -209 -541 88 280 125 -166 287 500 -119 -180 -86 97 310 213 -118 -467 -104 207 227 224 367 172 -4 424 81 -226 9 324 329 30 -175 31 -27 -251 145 128 227 205 226 130 56 -154 -18 -206 559 -46 106 -370 222 146 -108 -139 -109 -387 288 66 64 496 77 188 -64 -98 -254 -243 -75 200 252 -27 6 -149 32 -11 26 263 192 -374 -202 -272 -47 -90 13 -556 -283 548 69 -167 -105 15 339 139 -5 66 131 32 81 98 86 100 -63 115 73 -320 28 -401 264 -101 -266 111 123 3 -8 512 -73 -312 375 -538 -24 -165 -331 345 -167 -114 116 69 204 149 -370 298 83 -214 -58 3 79 -494 -163 70.94500000000000000000448582495417601889]
[-593 -460 -425 604 112 -434 -149 -218 563 375 12 103 -107 356 -4 -159 -260 13 -440 -102 -180 -249 193 -116 -145 -40 146 32 271 -253 116 -30 303 25 -56 590 -85 214 -52 -78 510 404 52 255 18 -314 -107 90 216 -229 159 -178 -95 63 289 -146 -30 -276 -655 160 -122 -31 -78 394 123 172 292 -121 71 -71 -33 -219 -77 -119 -235 216 210 159 -131 1 -6 314 223 259 182 -63 68 284 141 -195 -245 118 -131 97 245 -36 -292 316 -130 71 -171 304 174 -201 -18 -195 -149 -30 -143 -82 -12 21 111 47 85 421 -144 42 -38 7 -93 92 363 -90 -432 -153 20 44 -34 90 -192 203 436 -66 -466 -246 623 29 371 78 37 -310 -98 29 155 -104 -62 -70 -490 -7 117 -118 -120 299 255 -71 414 56 22 90 66 106 718 -153 -34 -89 239 7 94 -31 -179 -27 360 72 -371 290 -386 -173 -126 223 29 158 128 -90 -102 -264 85 17 -61 -117 -455 172 -37 151 -16 -403 -36 -100 -194 -100 -48 -71 -14 -124 -211 -152 200 344 2 159 -423 -89 -212.8349999999999999999971010962355885881]
[292 703 -782 248 -979 503 347 -534 -36 356 -9 162 336 71 286 -67 -52 -103 -182 -299 138 94 -261 129 -62 47 -137 -138 -102 -119 192 -5 42 -256 -4 -314 190 -73 171 151 -116 130 -321 -623 -215 -372 -10 -402 -96 -20 -35 39 -347 -202 -35 -519 -40 -137 178 -140 -268 -237 -249 114 -210 92 94 264 -4 190 -320 -42 290 85 -109 -369 -43 193 -239 -42 321 -283 -46 132 -14 -52 282 81 -164 94 -137 362 -224 -229 -266 302 -20 84 199 -154 531 -132 -69 -111 35 -3 -367 39 -238 137 78 -161 -55 -82 70 204 -240 157 -204 60 -165 -19 130 204 -336 -274 15 -240 39 165 -263 47 -85 198 133 420 320 -234 98 -120 -225 -11 34 -95 -9 70 84 -162 -365 38 -43 -154 29 -73 -430 -85 -347 85 -133 -133 132 133 -630 192 -94 26 -5 38 23 410 255 186 373 -107 213 -107 212 -22 107 40 46 92 284 -229 349 -13 -77 -99 80 -29 -100 609 89 -468 -142 -245 24 29 139 27 -323 71 195 -257 28 64 -73 32 157 -431 -299 -656 70.94500000000000000000174432141418297326]
[-75 -95 615 61 628 -73 -103 -296 294 39 -133 -61 9 -349 -89 -76 3 228 -613 119 -262 28 6 34 275 -84 -323 -45 -7 -31 369 54 -132 327 43 -275 51 80 -118 206 -157 -69 103 -284 -416 -183 -176 105 106 -162 -190 153 58 347 -32 175 277 -36 122 43 -240 9 3 -13 234 -133 129 224 102 -281 -85 71 215 282 -286 -168 -226 161 26 376 386 169 -14 -13 45 -22 346 -26 409 402 233 -54 -63 320 280 212 114 -212 96 -56 -126 139 -107 -102 -416 -17 402 290 132 -36 197 116 15 21 -217 -126 111 131 -69 290 -174 219 225 -186 339 420 361 -353 269 88 74 128 -278 42 131 -194 -186 -53 -551 303 -5 139 -190 -170 224 -255 402 -70 10 -60 -107 -112 232 -359 -189 249 65 87 -409 -108 -44 20 -76 -72 -13 280 132 295 -379 -210 -53 112 -92 327 -205 49 -240 183 125 381 148 242 -219 220 -227 -264 29 -340 211 361 -108 55 85 435 134 8 92 -456 -192 -162 706 -266 31 46 183 -130 -132 213 -278 584 -189 -53 141.890000000000000000007444910373300697]
[367 361 -404 -512 -140 -650 702 -286 -131 353 25 -104 270 410 151 152 -40 251 -252 122 20 -370 46 129 241 185 -138 -433 -243 -109 -148 132 386 5 -228 448 165 145 -76 -66 48 92 -172 -117 -319 -612 41 -7 20 -201 357 89 108 -523 473 -21 -295 -133 -123 19 -118 197 -78 521 263 100 -191 521 238 405 119 363 -203 252 128 -259 650 25 325 99 -25 154 -7 59 -124 -139 85 150 232 -131 -38 425 -23 -240 2 -200 -2 -31 -125 160 -33 -133 530 -79 26 -213 -83 -170 1 -33 -45 335 -203 313 350 457 -285 341 41 111 3 101 -313 43 -432 205 -238 -285 191 416 -391 -6 163 -311 -219 -133 65 164 234 -39 -152 38 147 -14 392 -221 -220 -292 -248 342 112 -78 -175 -222 417 -93 -561 380 -230 -96 176 -9 -219 12 54 87 -154 49 -1 -190 247 -242 18 174 138 -215 -347 -80 -135 -238 284 107 303 230 -296 -23 68 213 248 -511 -368 2 -267 -184 -51 -317 51 24 138 77 -26 -117 491 219 -71 79 -276 147 399 -95 -408 -312 70.94499999999999999999901397511893659015]
[133 -37 432 656 -766 -348 -95 67 305 265 -188 382 -221 292 -42 -32 278 150 391 -195 -260 191 10 -219 -216 14 259 645 -143 -165 25 -213 112 -309 -48 393 -13 -232 -225 37 272 258 28 -33 81 125 -52 -9 290 -322 -52 -40 -116 -350 113 -91 -196 -65 327 29 -311 18 48 -104 -337 75 510 -60 246 -92 198 -40 -378 -38 100 -45 166 -118 -122 50 480 -495 281 30 -177 -363 -236 456 -76 375 -133 122 -224 -29 -119 -434 -51 167 -30 -93 -162 78 -365 -186 139 -397 -482 1 479 99 -285 -580 -66 -186 -132 -42 79 -140 60 19 172 -221 193 -265 159 -375 206 83 135 137 -60 61 -108 255 -207 81 -465 -152 -83 -259 -150 231 -350 107 206 319 81 -263 -68 -128 -281 309 317 400 -101 -41 -213 -197 -343 -63 412 -84 -275 -102 -223 -254 47 395 -80 228 -186 40 -145 -167 -80 396 88 -69 111 -114 125 130 5 -89 -176 232 -8 98 -39 119 -103 -42 -208 -42 144 -166 -92 74 36 99 -146 -75 37 -277 135 112 2 -402 -110 206 133 -263 -70.94499999999999999999743627511892087409]
[896 217 -318 -210 -734 -211 488 -401 -71 92 -107 -57 381 77 -50 2 -91 -177 566 265 -129 -157 2 25 124 -40 -26 -220 -17 -120 -254 172 8 85 42 -126 78 254 212 -100 -96 -228 -444 -248 -229 221 363 131 388 256 83 93 185 40 -152 0 177 -49 -150 -1 330 325 103 247 -53 47 -16 146 -2 464 43 335 -78 -39 335 -228 -37 -76 578 108 -153 -53 295 -29 -264 305 70 111 -148 -69 -111 63 -106 245 -186 -15 -31 158 -328 -41 -188 71 137 2 -261 45 67 -144 -252 65 -101 208 60 191 -88 150 -128 -107 -125 386 72 -124 -325 310 359 84 -455 196 529 133 -35 -335 480 22 -4 -299 39 234 -156 109 -264 85 204 324 29 -284 -67 -119 101 196 -155 83 -50 -72 101 99 -335 -171 59 -59 62 -94 -172 169 -556 -175 111 234 -143 -157 524 76 214 -106 184 -9 86 -28 -124 -146 -50 214 -285 228 108 19 -124 -70 139 259 -111 -318 -214 41 93 -122 7 270 16 39 -270 263 54 81 124 -74 -190 -205 98 -272 157 -212 -212.8350000000000000000018650604122416211]
[-705 652 -827 821 -991 -600 -402 -97 -98 -413 185 185 43 377 -59 371 98 309 406 5 -5 26 103 38 -123 223 -199 -150 -268 145 34 271 -270 -108 -383 -42 -46 98 -243 -61 -117 -509 192 59 84 107 37 49 190 234 -237 121 -243 -107 -179 38 87 -20 -6 215 100 -357 -568 3 -160 309 121 7 483 196 91 -86 -50 196 -270 241 -206 97 230 182 160 138 -172 -305 -92 -600 -105 47 109 209 126 -109 -420 -296 -286 684 252 -140 -105 362 85 -19 -101 -29 -46 -65 114 125 146 -285 -94 -201 -75 255 331 24 286 -176 -137 454 255 189 -154 -279 -107 -166 55 55 22 -570 -71 -19 44 256 -198 18 -268 243 -386 -336 -32 -44 363 251 -33 -131 -23 -508 119 312 -49 262 -118 -143 163 172 -99 192 334 -139 -47 231 -339 134 -59 -111 19 146 -66 -369 36 30 -231 -11 -121 262 431 114 -167 -239 67 -318 67 276 -11 306 162 -198 89 -75 228 141 -57 -75 229 258 246 226 -55 241 279 -200 -131 -322 134 70 -165 -91 34 84 191 -49 70.94499999999999999999854724976741348154]
[-289 233 921 -515 -720 -55 215 241 -127 130 -324 -255 11 -309 -28 -107 23 20 -222 129 -64 -120 -364 -89 125 110 -88 -92 -172 216 187 135 -310 -91 93 -46 -88 -188 5 71 -181 369 268 75 -220 292 -64 -226 -391 -243 16 17 206 -216 181 -216 -118 477 72 -88 146 -148 -96 82 250 114 -42 557 -264 -192 -238 -47 -161 -189 331 -291 -82 122 114 -40 -97 -292 57 -319 55 -257 -138 130 27 501 -212 147 167 304 -42 -14 103 -148 303 -117 687 -107 -3 -248 121 335 101 212 -130 -149 34 124 219 -20 -154 60 184 -433 4 -6 37 -128 90 -216 -106 235 395 -150 189 -391 312 91 -148 -240 -126 -66 87 -1 -200 141 -83 -21 -92 -31 -294 246 166 -36 362 -215 362 16 -282 -192 -409 301 23 -119 -144 289 -157 -125 -36 293 139 146 227 -133 -62 220 -24 48 -344 212 101 112 -176 -345 254 -238 -171 81 18 11 80 -55 -57 -90 163 -186 -128 -314 133 0 -222 56 43 101 76 -123 -193 -258 87 199 135 -121 5 572 -7 -34 -123 -116 -0.8039592940014487047947891245822105155128e-20]
[-294 -126 -502 -534 198 821 2 -382 -4 -451 -508 183 99 -100 139 -131 53 308 104 -36 -67 6 159 28 161 -162 80 -677 -56 227 -75 -146 368 -110 -32 65 41 -216 -357 -201 13 -334 -399 26 174 -307 -228 -113 83 333 -414 -188 153 -106 57 291 -236 -305 -91 -408 -191 -7 71 -115 -170 -87 -175 177 -16 343 -277 352 45 -399 -134 -3 -259 2 -124 -464 -137 362 130 21 -20 132 340 -22 -150 501 152 315 -397 67 96 -281 -603 -286 113 -501 -204 -325 100 -487 -181 -13 -260 -30 -207 124 141 138 30 24 -64 -429 -160 -110 -139 319 6 74 -353 157 139 164 226 106 594 734 -95 -175 135 216 -166 -341 -110 149 -104 382 -632 67 -148 28 -77 33 71 390 295 473 -353 171 -125 249 -104 -172 -200 109 377 -319 51 238 -164 -84 -159 135 -24 300 99 -268 331 3 277 -409 -71 -45 -372 136 -249 -53 111 6 -329 -278 -202 165 -37 293 140 170 -333 -71 -132 139 297 -65 279 -75 162 134 -255 47 -83 23 36 -334 -200 79 -168 -158 292 -273 -70.94499999999999999999361647945036030202]
[-328 824 -548 -833 177 26 109 13 26 77 105 536 630 51 176 -589 106 -220 333 261 -6 -204 -8 -221 363 -140 286 173 197 -279 -305 347 96 137 42 -11 48 59 -141 -147 -221 -77 -111 -187 388 130 -7 -338 -38 60 364 -162 -372 -397 -99 -48 425 255 291 -176 352 59 198 -366 -507 -197 116 -36 61 3 -10 -461 366 -60 346 421 -142 -146 -156 -179 159 -228 560 -63 -130 169 -307 -58 -139 46 286 -215 286 -497 -267 -115 -32 -81 23 -220 222 311 -219 472 313 314 -72 -114 181 438 223 -93 546 -18 223 -16 -168 30 -124 -26 219 -418 109 -100 265 71 -352 177 -115 200 171 -60 56 242 15 145 -47 89 -194 -86 -208 150 204 -365 -279 -122 -176 290 20 37 -280 -49 226 -21 -275 -244 -83 36 -295 41 -74 -40 -287 310 132 -269 -35 99 -19 366 209 -176 211 159 -155 -25 75 355 36 -130 -199 -7 210 -152 -143 256 -332 18 -118 177 141 153 -18 -431 -76 -353 -231 -255 5 380 -215 -237 -150 -41 -228 392 71 -167 -91 -567 -361 -128 -70.94499999999999999999825261393011513179]
[368 369 1008 -565 -925 308 -392 167 178 -208 618 31 119 142 266 -128 180 -74 -300 38 110 -159 253 -160 -168 350 -219 202 -15 52 14 -236 148 213 343 -447 170 -324 -425 24 246 -207 96 -264 -140 121 112 -89 89 -124 -379 97 -104 19 235 262 170 -244 -78 41 -263 78 314 -171 -373 27 437 -95 239 -366 3 159 267 30 176 366 275 -120 -89 -532 504 13 713 117 24 218 53 -168 -226 52 -506 -170 163 238 -127 54 -158 -50 -96 82 58 128 -19 322 -167 -8 -156 101 -207 445 -145 -116 257 212 -13 105 -91 207 445 -262 268 -224 78 207 -9 -356 -112 160 -98 122 104 -222 257 -111 -414 19 -363 45 309 42 -191 -93 -6 255 -122 -18 -203 119 33 -269 -180 195 335 273 355 -709 478 318 20 241 6 45 -36 174 189 106 312 266 -157 70 9 94 235 86 49 183 327 -171 40 -15 -273 117 80 -531 -37 29 -93 -162 -91 143 567 -409 454 -278 -326 33 -93 372 -88 -98 -95 -183 88 233 -235 333 -159 -30 -189 -93 152 -60 -70.94499999999999999999471299944076597209]
[-27 113 -914 -503 332 -63 -282 119 38 447 392 -256 173 342 -48 -86 165 -62 -77 26 -174 151 67 34 160 -44 172 -64 145 -34 517 -292 168 -159 -144 375 53 -254 -220 157 -89 266 100 -106 265 50 142 -30 131 122 29 -9 -384 -288 50 -366 -412 -90 450 -71 67 -644 211 -409 -586 -147 -139 254 -79 165 -244 -159 462 140 -500 243 264 140 100 -319 177 -507 68 -95 -26 238 -407 -139 15 170 -196 151 -275 -152 -589 -66 -221 -129 162 144 405 -677 48 -322 206 -253 -129 -289 61 78 307 -267 -331 203 -412 -20 230 352 -9 9 33 221 339 -79 -159 237 82 -134 30 -405 -210 190 -29 487 79 143 28 193 60 -388 -28 -76 -121 -254 -450 26 -87 369 98 110 -261 -295 -51 123 -52 50 157 -139 54 -361 307 153 6 47 81 515 -294 -389 160 218 -86 -68 275 417 35 -469 -150 171 -83 186 -226 -284 17 -341 131 -164 -199 26 141 212 243 258 -255 -383 -15 -207 176 83 433 -132 -393 -163 281 -70 108 555 100 350 138 47 -268 -55 283.7800000000000000000001923667978196013]
[6 -762 985 339 -661 7 -284 182 -110 -400 -301 -254 -571 -243 -339 169 115 640 492 371 67 87 19 -96 -189 36 35 213 119 -113 -10 -179 63 279 -40 233 -201 45 -27 99 -246 -218 247 86 144 -164 -58 313 -182 -278 -113 155 98 3 -248 235 191 116 75 143 160 236 -255 -69 219 -145 35 346 129 -334 -111 -205 -176 110 -112 23 22 104 89 110 -334 -98 -327 -49 201 -302 -154 107 159 115 317 -89 63 -28 -53 84 467 -252 -142 -72 -82 398 356 97 49 -174 188 -98 362 332 121 -140 51 318 110 -206 330 339 143 192 227 26 -29 116 45 29 157 -26 -132 -162 -187 -63 -415 33 -126 -452 -370 162 -430 -429 -171 143 206 -459 -25 -48 15 223 190 -94 -352 -22 14 503 -106 209 408 466 163 73 -362 36 -70 -298 37 5 -259 198 -309 -93 37 82 -52 -76 -35 -267 -246 187 -201 49 409 45 13 276 -284 22 168 -61 321 -29 242 -115 -69 680 -4 -68 261 -337 358 -228 5 -64 330 -5 382 156 250 -214 -42 80 255 187 141.8900000000000000000082404497118364375]
[271 679 774 10 626 -51 78 47 -124 -375 -299 -321 -371 -213 15 -106 33 -520 -392 221 -230 112 -55 84 20 -139 -30 90 -188 584 168 123 -245 260 -32 -263 -251 -442 96 115 -197 1 350 -285 -310 365 -129 65 23 -190 -98 -119 -71 397 -383 182 -73 65 193 -228 239 54 -51 -216 291 -255 -290 -176 77 144 -193 106 -112 -189 37 -296 124 87 63 550 167 -38 -177 -66 149 -182 31 -99 15 31 453 464 -143 250 250 132 140 133 -34 -118 -125 198 -235 238 66 70 -37 265 410 -455 19 56 -193 -125 -97 -16 93 -123 -21 289 -236 45 343 451 550 346 105 234 169 -257 322 -5 -485 -201 551 247 -187 -231 -195 -68 436 168 -313 -67 166 -97 254 -131 -171 -32 165 -221 447 -98 -137 122 -36 0 -523 26 70 -145 -307 149 -163 37 -215 -238 -355 158 249 382 -278 105 222 -461 -176 206 205 103 59 -183 20 47 81 -313 41 -348 481 300 -41 97 -125 47 127 284 -190 -307 -37 47 7 101 -264 199 -88 178 -53 -154 -74 302 -247 510 283.7799999999999999999993709834925046066]
[-755 204 -529 560 884 -918 97 -177 7 -210 112 -198 -99 160 -145 -111 -126 86 62 -94 30 -83 -358 -44 230 -121 -554 -12 -499 62 215 -403 106 -289 20 306 57 -194 -130 -135 -195 118 -39 -288 -418 -186 -6 -70 -285 -376 -288 27 279 -155 93 -471 -437 173 67 43 -162 -121 360 59 -7 175 -158 -54 -306 -164 -50 490 -28 186 232 -129 49 -221 75 -478 425 -36 372 -188 -7 -54 206 38 14 -122 -340 -233 30 -86 -103 316 -156 267 167 -70 64 -126 -238 -7 201 207 217 33 82 -156 -271 222 -128 29 110 148 390 -135 29 -278 -41 -235 -45 260 52 119 -582 -297 127 -184 233 222 103 123 -174 198 31 -10 166 284 -56 102 -240 -203 -339 -193 -86 -358 118 -181 217 281 -10 -93 79 47 12 245 -89 -53 421 -378 63 -23 38 507 11 101 -166 212 90 -53 -400 534 -168 -120 66 -33 -67 -417 180 236 211 -163 27 -131 63 24 365 152 -76 -92 30 121 -125 -69 -339 -160 -36 178 -128 -8 201 252 -189 75 -37 169 -203 79 391 230 70.94499999999999999999260982649427740962]
[73 899 -813 -788 546 -711 550 -58 -243 174 1 15 493 98 348 5 -244 52 -323 2 347 -51 -210 -11 345 112 -291 -191 101 -80 -59 338 -399 39 44 -70 310 137 130 297 112 -6 -286 -436 180 51 -14 -211 370 7 55 -68 -319 -69 -31 -2 48 213 -109 -30 115 -51 -605 2 -185 212 -409 -460 31 154 -144 277 -21 -114 142 143 -227 -23 -60 -102 -154 48 -109 -122 -403 295 -149 -300 -127 170 -438 131 32 191 -19 204 5 22 -332 4 258 -64 -214 -279 -110 209 -36 62 -259 25 17 -34 -124 92 105 -48 -287 -104 186 266 -266 -261 -86 -158 22 -94 -104 -80 264 -76 380 113 163 -189 -231 252 21 51 287 89 -99 20 74 135 24 138 135 45 96 31 -2 26 -432 -167 -301 273 201 -33 97 -142 133 273 -110 448 -172 -251 -210 16 -290 -51 -103 -72 53 257 71 157 49 221 180 41 195 80 253 -81 140 -265 -133 375 -23 96 -106 0 -286 -83 -8 -177 142 16 -97 188 64 -1 -376 330 21 -240 -162 53 5 -260 28 -132 -141.8900000000000000000044422641367788133]
[273 933 -600 291 281 731 117 -260 -275 -374 174 138 55 -168 -91 -135 124 -382 175 233 -23 183 102 -100 366 64 -394 47 46 298 8 50 -27 167 -51 65 -72 -445 38 113 -221 -430 128 -418 -164 95 202 -66 -240 -184 -107 49 71 -66 113 -57 51 -297 -8 474 221 -196 299 -45 48 -255 -170 -31 -36 -55 -148 214 241 -157 306 -304 425 -141 -35 -8 306 -575 471 -262 -343 310 102 -452 -286 -178 -130 -75 109 -153 -122 628 73 -23 140 -321 -184 223 -206 300 32 291 -69 -435 220 115 -121 31 -274 9 -328 26 -140 19 249 -12 -190 -336 -131 340 38 448 -176 -63 73 -72 -351 -339 -309 263 153 204 -359 21 346 -52 1 -120 -68 -216 2 -199 93 -146 49 -99 -109 117 209 8 153 -176 -190 -70 -58 314 -149 -37 -287 131 90 132 69 -179 -18 27 399 -145 -239 -98 388 145 121 519 -154 -117 -180 439 126 -29 -153 -233 118 -229 -5 65 27 74 188 -43 47 -51 -370 189 -81 55 -18 163 -155 206 -286 145 -135 -214 -6 -103 178 9 -141.8899999999999999999951806281639908681]
[232 -727 345 -535 838 72 -98 250 105 -51 -101 126 621 -202 -79 -48 -199 -116 -208 42 14 224 -277 -248 62 245 -383 -25 276 -21 190 22 3 -180 -282 -120 99 89 -267 -124 -263 26 -62 292 -42 -131 184 -9 387 -125 497 131 127 -508 252 -16 -85 -161 82 322 -82 -28 177 -62 105 -112 -137 74 -103 -14 -127 -250 -582 123 -76 -132 -78 -35 -123 187 -224 -336 -243 311 -283 -108 71 32 296 95 364 -639 237 -196 22 -410 47 -20 226 159 -256 202 -128 -55 -1 -91 -502 -13 -100 132 23 -353 -172 270 -188 -346 202 -23 259 -226 0 133 -224 -270 -246 215 -66 -282 3 -319 -57 -114 -15 134 -8 -284 128 -41 81 348 22 526 -42 54 350 -256 -363 -70 409 -33 356 -380 -271 -74 105 95 -251 109 -214 69 278 308 248 -189 -21 126 308 216 -316 -280 22 -339 -5 -158 41 -33 -169 -398 470 -227 337 237 112 -119 -330 382 -131 256 46 200 -270 313 191 -37 -99 -41 189 -131 -377 -64 444 -95 81 -157 -289 -326 -245 486 -152 -9 228 -289 70.94499999999999999999916062519425429216]
[385 -138 115 26 -448 -256 368 58 709 -206 54 107 172 25 225 -439 307 543 310 214 134 -231 123 -127 -164 86 -88 -264 162 -620 -317 -9 -13 123 223 116 -42 295 -360 274 414 171 -368 -64 -11 72 -179 -408 248 291 166 -215 -12 -205 -185 91 39 19 -119 -362 -16 -1 -300 302 213 160 -32 225 917 145 303 55 -261 -44 -173 -67 -378 209 36 233 3 370 439 262 -266 -125 136 327 -32 93 347 134 398 127 180 -128 -580 61 -53 -77 17 -6 271 213 24 -129 -67 39 32 -82 -203 90 257 9 63 441 -414 94 22 126 196 94 129 -376 94 -418 151 -161 571 353 -298 -52 0 14 145 -48 183 310 -134 96 77 5 90 -81 -151 -8 -291 106 -132 -11 -314 -496 40 58 290 -428 -282 212 -108 -301 421 263 -131 -176 -114 -77 -144 310 -291 -327 -472 -1 4 363 -171 -100 -264 -98 210 265 291 -20 -316 -143 -82 93 -721 194 -3 -492 -419 152 -8 -17 -203 -457 -62 -18 -111 48 342 -211 65 245 254 48 -398 -65 749 -293 -90 -152 0.6218682452862574139660506184618116165552e-20]
[-142 37 802 -819 -693 -215 47 373 -61 23 362 147 -359 -266 -291 217 -32 -169 -41 734 -153 86 -62 148 30 -155 89 412 -124 446 357 -31 219 -697 -305 32 18 133 -31 33 -415 79 8 41 108 -164 190 34 -432 -125 -11 467 -81 -128 332 -88 -73 225 88 172 37 -25 275 -68 -526 58 92 365 -308 -316 107 -88 282 -202 264 87 166 537 204 -156 -318 -113 -117 -866 172 5 154 217 109 53 -395 233 228 314 -443 93 106 45 143 238 -143 -11 -104 128 58 -368 82 -186 269 184 -533 -260 -304 -424 -612 -181 228 -6 13 47 -65 155 62 263 77 246 79 62 -141 86 186 66 -126 60 -130 -72 -576 93 -181 183 253 32 -367 52 -491 -32 -393 52 -467 -61 9 418 -89 -197 -214 -161 133 -202 -291 -127 12 -352 236 71 170 463 -56 53 54 216 286 -13 -298 124 54 -201 -12 83 -30 48 93 -286 5 414 147 25 -144 41 -115 -131 321 -21 -54 15 7 208 202 13 607 -91 -267 176 16 165 -55 -407 62 189 -180 -41 -118 -202 70.94500000000000000000039252977089303091]
[905 -978 -497 -744 -629 -786 281 144 195 171 -227 -266 123 10 -55 -184 -107 -211 -225 -35 -254 118 6 -21 105 105 121 107 -143 -5 -118 97 -261 118 -284 261 179 187 242 -55 123 163 206 120 -204 113 -124 516 -474 50 66 -188 17 365 -55 0 118 -102 -169 -9 22 264 -104 16 470 -419 -330 -65 166 19 11 189 -158 -281 139 -148 -113 -2 375 202 -453 -153 -270 -24 -57 22 -95 -115 -283 -108 -175 -414 -188 -60 228 -329 -32 516 7 132 -34 190 131 -18 50 52 304 -76 -270 -366 -142 -135 -101 -39 197 -121 -188 -208 136 134 16 -78 115 -220 -174 -258 112 -78 -28 -18 -153 20 -9 31 383 -187 129 -203 46 470 524 -134 -165 -102 200 -138 67 -398 -563 -5 239 15 451 -37 -137 -281 -158 -59 66 261 187 26 -207 -44 -176 -163 -306 4 30 -214 -167 -20 -432 -179 -186 207 128 -5 -2 -65 217 -145 -109 384 -249 -477 267 171 -230 -421 -314 350 232 -66 20 -79 -5 380 -45 -319 356 175 -71 185 -284 -14 39 34 173 263 158 216 -141.8899999999999999999886884865860842254]
[488 21 118 -291 246 523 293 457 -698 73 97 -79 141 236 135 327 -208 -46 65 -67 -42 113 65 11 6 28 -94 60 -94 1 -49 316 162 162 -209 148 -1 -179 -83 -211 -208 -231 -179 3 108 -51 62 -77 -316 311 395 414 -55 -131 -84 124 35 13 -103 257 37 57 118 -373 298 90 -105 -17 78 79 -364 183 -41 367 235 271 104 -13 59 290 36 58 -280 -114 26 -50 458 -146 280 155 451 323 46 72 -597 212 149 46 325 -29 347 -316 318 51 58 94 14 168 303 -219 -43 310 -48 301 450 -206 234 181 301 -82 -53 -169 -331 -166 223 25 89 68 -116 -100 185 197 -398 -181 129 -18 -560 -327 -251 -170 235 298 33 151 -51 -103 283 -222 374 269 -266 -265 176 -117 132 356 -174 63 205 227 293 28 9 107 98 -250 -352 127 201 -8 241 -193 -69 -62 -224 -279 17 333 477 -401 -423 -112 196 -346 172 324 32 241 -199 -182 38 86 27 -554 495 166 141 -358 -308 439 74 181 -410 74 144 21 -264 -93 150 194 118 349 496.6149999999999999999991407324052511868]
[-332 -470 998 995 15 923 -184 93 136 69 -40 103 250 -85 -5 -204 133 -278 -106 769 -140 80 179 125 139 -304 63 80 -212 -5 150 89 -229 40 38 -222 -120 46 -148 272 32 -128 91 -459 19 -37 -54 -10 101 336 -14 -96 -357 -118 -136 224 11 -218 -49 177 305 -67 -34 -491 -95 -173 -178 43 319 -123 -212 -249 319 62 13 500 -393 515 139 151 -15 71 399 -102 -212 244 35 -88 283 -36 343 -98 78 -22 61 48 -176 168 37 -171 186 -250 253 -227 -10 26 341 -168 176 288 266 -96 99 25 15 -96 300 307 -86 161 366 -227 395 169 -81 235 120 -170 74 -143 2 -77 122 449 -275 -48 332 192 -246 -196 -263 -82 -134 5 -230 -313 496 111 26 78 -362 -326 108 34 -219 625 189 -185 27 156 -72 -182 -16 61 -41 132 590 75 -93 369 236 -26 101 189 -115 -45 -214 134 -124 214 287 -69 124 -29 -159 -9 84 -383 242 138 -28 9 188 10 222 -296 -1 -641 137 142 -62 -238 252 105 -70 227 49 277 41 133 -180 236 -0.1221392355055282862496246183790088446486e-20]
[-688 918 -789 756 -514 -940 -421 363 -24 -87 149 109 -202 -150 253 38 -77 -139 -524 90 248 -294 140 229 342 -428 86 -35 127 -49 1 -5 330 43 -76 123 -383 -20 198 4 466 -35 -31 -39 -344 156 -2 359 -99 -229 -400 -40 99 235 336 305 -413 -225 -99 -133 -136 64 118 184 140 -275 -170 88 -515 -47 0 20 90 -104 -62 -539 8 273 -331 -504 47 450 -49 262 174 -149 -189 117 258 213 359 75 -228 419 295 -318 -122 -215 20 418 -9 -150 -214 -316 -240 -495 -89 -210 1 208 -167 96 -253 -222 -186 13 230 217 83 -104 -10 194 -74 92 -98 -1 258 -27 35 408 133 65 -378 -16 329 214 125 -84 431 94 -67 164 -204 189 -57 -110 -88 -25 -122 48 217 105 198 -147 76 -20 -5 107 -179 23 12 173 37 -175 -104 273 -259 46 36 80 114 18 -9 -417 251 -514 -349 245 -60 46 -278 -262 43 -17 -513 -222 181 -225 -411 649 -9 -456 -336 403 -206 322 -214 96 141 31 -79 65 62 233 28 168 576 257 -553 366 -101 67 -141.8900000000000000000033122126354092016]
[-775 891 4 -360 -426 1003 363 197 42 -443 158 -203 -542 -253 250 79 -36 -163 365 -183 83 -333 521 -50 40 91 111 -138 74 106 254 -333 -207 164 350 461 343 -19 -5 -65 41 147 -169 -39 177 -140 156 -65 -233 -181 -369 213 -281 38 87 -203 27 428 -373 387 -32 -245 224 12 -453 152 368 -188 31 -114 207 -267 -142 77 -116 445 236 135 48 51 219 20 -171 0 389 421 46 -198 -94 -121 -374 -158 607 211 -125 4 -372 -302 294 416 392 -35 -28 245 349 366 -24 239 80 412 29 -192 -124 265 -142 101 303 -289 168 509 22 -354 286 -103 84 255 260 59 -135 288 141 232 -115 -106 17 443 -153 460 -53 43 255 -18 48 -24 -352 116 -94 151 -157 -279 -62 125 281 7 -95 -193 38 132 -6 -166 56 32 44 49 -132 60 -155 -263 389 300 35 121 -36 22 103 208 -9 -192 23 219 -253 -96 284 29 650 124 210 146 -465 -491 430 -145 92 -484 -277 -107 210 -315 55 -131 -229 249 -133 -96 -379 78 -134 325 113 -127 -450 -378 141.8900000000000000000074729828153392154]
[-75 -377 36 756 413 -901 368 76 -273 -205 -384 -191 22 -86 -338 -263 31 229 767 440 19 229 -128 7 132 -86 -311 -30 186 19 205 367 12 222 -227 -71 -196 49 87 345 -45 -128 262 -271 -116 173 -122 -335 111 130 34 577 46 236 -362 -44 50 44 -431 153 528 364 -157 93 189 -202 -76 -334 9 -133 0 259 -245 23 361 150 267 45 167 308 188 -371 -154 -127 -87 -359 167 -70 127 77 261 161 299 264 -164 646 158 -80 -254 -366 114 -133 284 30 -194 203 -128 -2 8 -400 -128 150 -125 -170 203 39 322 -24 -105 642 173 -497 -96 216 -205 137 -231 149 -128 -128 -49 5 -259 62 213 59 -193 -220 -455 -435 54 37 -175 144 -655 -333 -247 -234 -381 187 -207 -183 -136 -99 -121 223 -29 -39 94 220 -174 -148 210 60 297 -227 -471 268 318 175 -17 98 232 178 235 -109 -61 217 -15 -208 56 241 56 226 -321 222 -250 -71 196 -451 535 61 -367 -46 54 118 292 -87 101 183 -247 -9 -18 316 486 14 205 -231 68 -219 148 160 -141.8899999999999999999996551393068710789]
[-522 57 162 -308 558 -790 -77 194 -63 -72 -131 83 -47 231 144 172 240 -352 151 -512 131 -13 461 -104 308 -174 445 333 143 -125 -29 3 -390 -45 -215 27 86 90 107 -95 294 -263 -175 278 86 37 23 7 343 326 -161 -375 -80 -127 89 103 102 53 354 -123 -45 405 145 26 -686 125 291 -207 -36 242 78 -47 25 183 65 10 -112 -208 -98 -147 36 165 28 -34 -145 104 -67 -157 -119 -76 531 -190 102 6 -125 -351 142 125 235 246 152 111 -261 -251 327 163 54 285 -85 85 175 -390 74 63 -141 -134 151 44 -66 -267 -56 -278 109 189 14 -103 81 279 -15 -528 162 61 -440 182 550 222 79 -403 -70 35 -232 -244 -178 205 314 207 -121 -78 172 6 -140 611 -49 143 -102 32 -484 -205 -233 -133 648 -112 -157 -54 -308 -384 410 -236 75 445 29 -89 -13 -297 -59 117 9 -37 -598 264 -498 70 -506 -436 169 115 108 -55 135 361 -161 -120 131 -291 -381 204 159 26 -83 23 -56 -93 -215 -328 -45 -25 198 -347 -281 250 18 95 -141.8899999999999999999990746439054824677]
[-348 -214 -262 175 -37 679 -564 365 -271 -626 -191 128 -121 -80 192 -45 -60 142 -21 301 -62 71 -166 182 -99 154 278 167 61 479 28 14 -161 23 -186 -280 -171 -163 -497 186 -444 68 -165 155 558 179 -14 112 -158 249 21 -396 13 -44 -455 182 -17 40 -113 -206 -40 -412 -142 -236 -249 354 -110 11 -48 -214 -309 205 -192 -75 29 528 -327 96 121 -45 -11 -195 -4 -242 319 -425 240 214 -218 293 -65 96 -89 -95 61 -18 -7 430 -288 -174 82 30 97 -103 -23 -69 83 4 396 -69 -574 -41 31 42 201 172 148 -106 -178 -52 172 256 -318 -65 113 48 310 394 32 -484 -117 -308 195 260 158 142 -47 -8 473 -15 -167 -46 -93 -27 -164 195 160 205 460 -105 -182 -173 -226 644 194 -128 298 -33 169 -135 3 -128 89 -36 29 -19 -38 6 118 -362 -91 30 -92 107 212 -133 -85 114 142 -225 -170 -46 190 161 346 36 -212 -104 270 144 -167 -42 -72 504 274 81 138 127 81 357 120 67 -54 125 -171 -85 12 -291 59 327 -20 325 283.779999999999999999996775030620784649]
[1 -726 -727 -736 324 413 -82 -75 367 -122 106 137 -6 -322 81 -122 416 -137 6 168 -164 120 -111 -134 -138 -167 -403 -84 -199 122 52 21 -155 104 484 -224 368 -145 279 -101 -70 125 244 -12 60 -30 262 -160 -167 78 -404 14 -478 -157 -89 -43 58 -60 512 -252 420 189 -148 -76 -147 44 461 -265 65 -422 -119 -299 279 58 -124 -155 189 -47 -262 497 490 -263 67 -137 85 230 -213 -133 207 98 -302 -77 64 -242 -68 -5 86 -301 319 -144 -80 -19 114 46 -110 -30 -104 274 -168 -143 -247 -365 133 159 -138 41 150 124 239 -102 35 144 271 186 629 -34 53 94 546 -12 -130 -180 -81 30 41 15 10 247 -43 103 77 145 276 -220 194 -26 -94 -300 129 -41 216 -265 -286 -121 -396 -196 -101 -77 148 -170 -57 -130 16 169 -273 -70 247 -103 -255 260 209 63 -116 -7 -150 353 -209 330 -135 -93 101 171 -352 -424 149 -296 -254 -128 -147 247 -7 -47 307 -47 -276 -179 -410 53 84 -624 433 -51 -151 2 -278 312 -222 -485 -147 -197 102 -500 -283.7799999999999999999980651512642060749]
[-309 588 708 43 496 -566 286 -55 147 91 70 -43 -366 57 -192 84 218 -344 -441 55 -232 -50 175 186 -95 -99 255 -128 182 294 -172 -320 -123 -66 -203 200 -107 93 64 -250 320 245 312 73 -491 -185 89 152 86 -753 -82 -39 334 392 971 -153 -238 -186 -589 64 147 -8 658 411 685 -202 -156 318 82 249 356 564 -148 -164 -15 -257 386 -21 -81 96 -42 -202 93 -78 -36 210 91 -45 243 -398 -25 363 100 224 515 -93 -230 154 -297 -117 -204 12 -71 -457 75 -202 -19 -402 -17 -78 80 108 -403 68 -37 355 -204 -170 -133 -361 64 -95 -68 -20 -87 104 22 -12 161 -26 -165 -353 258 -131 -51 53 192 174 619 -13 133 -369 -535 130 194 65 332 -362 -246 281 -120 -422 234 -2 320 -338 -58 40 -219 284 84 -158 -74 -271 -35 -140 -296 -286 341 26 -201 -214 -236 -40 242 213 -184 -141 197 280 127 121 210 -61 -218 -138 439 59 -183 -305 -469 -7 -84 97 38 -126 -177 67 142 -134 -286 134 63 -345 -291 277 17 127 -22 -124 -447 164 -283.779999999999999999992157461256682163]
[107 922 -777 -309 -404 -874 -205 -282 221 -719 -248 204 -195 -153 -407 -122 -154 356 80 257 -2 -29 304 -9 -66 -154 -296 -87 -274 492 -62 -113 -307 201 88 130 86 175 0 -22 3 -275 270 313 -330 405 -16 30 -50 -321 -55 -75 -129 194 -108 261 50 156 170 184 -17 -84 -345 -397 72 250 -123 -354 -227 -298 -45 174 146 -167 -16 157 392 -199 2 202 -128 575 20 -547 -92 -31 -29 -238 -257 -24 -75 218 -20 -98 165 765 -79 -351 118 -21 -289 160 92 515 195 179 209 -255 -71 -506 -63 259 22 -385 -135 138 -113 -75 247 -117 -12 -190 -39 196 -191 177 -32 37 -19 364 -16 62 -433 -385 -241 -328 -138 509 -503 151 7 -316 51 -414 -523 -248 85 -53 -94 21 292 151 -189 125 -124 440 393 503 52 -257 -362 -133 -32 164 208 452 183 -72 -229 2 -104 205 -297 201 -521 56 -67 -132 -84 -26 322 224 -35 591 218 5 195 -142 181 -47 10 -201 105 347 -246 8 -286 -247 -43 20 -509 -55 160 -188 -117 -28 -59 338 -72 187 -234 530 -70.94500000000000000000765560590113140454]
[-312 -802 148 256 -92 -762 -326 -55 -236 8 -85 -128 -5 155 436 136 20 279 88 -327 182 32 314 43 -42 27 626 156 -264 -237 -280 -312 -349 -266 -158 -191 195 -91 207 364 5 73 -292 -107 367 -95 -7 239 -636 -71 -114 -59 -178 45 276 -115 -68 7 546 -57 -439 10 183 3 -155 -195 113 147 334 108 -221 -64 114 234 140 -31 -430 -292 161 -493 -243 254 69 -26 -213 205 -276 164 109 54 -91 -145 -21 -229 54 -265 213 120 184 432 454 -116 -133 -84 -22 -187 153 -75 109 299 -80 -59 240 -143 -77 -134 -70 139 -366 132 6 -174 204 31 -93 3 -45 42 -246 -15 57 219 -109 591 96 94 269 -128 -141 66 75 -353 -160 -106 -57 399 -4 163 268 -104 83 557 -76 33 -393 73 -406 -237 240 -233 -148 235 -112 338 -4 -48 120 -294 2 26 67 455 -13 -302 231 137 272 -125 -190 335 -128 -267 -62 73 534 129 33 317 142 -168 31 -108 517 -128 -487 23 584 175 -381 -109 567 79 202 -341 -197 -65 231 -252 9 51 -303 81 212.8349999999999999999869547308209512258]
[-793 142 -556 589 -204 -436 -290 449 -278 253 -30 18 536 269 -9 -41 -256 -88 -162 183 245 -461 84 -386 -125 34 -92 149 193 -163 -38 251 72 124 -306 -209 -216 -265 180 423 58 361 -14 -128 185 297 -264 -150 194 110 188 70 -89 -50 -176 334 358 95 -70 29 82 -23 -128 -24 48 -233 143 -109 -186 147 -91 -310 54 280 258 -193 211 183 -62 218 37 -364 7 208 80 254 -325 -334 277 21 439 126 137 -48 -21 283 212 116 -25 -76 14 197 -181 246 280 64 -577 -2 193 -32 -7 -468 101 44 234 85 -293 -55 138 -185 -74 -115 -48 271 115 100 -149 213 -44 -128 263 118 -179 173 111 61 284 -21 161 230 249 -165 -97 303 58 15 212 208 63 133 318 -113 -29 -73 362 111 -37 238 -184 4 677 -172 69 315 -270 -194 324 -302 -230 100 198 -418 -135 -99 -171 -302 71 -180 71 -8 234 42 124 15 -210 -37 -536 179 -78 73 -109 -5 -299 -237 -157 108 -57 99 -387 -145 98 -202 -352 -223 84 -17 -463 29 67 62 -265 62 -212.8350000000000000000005591070149080475]
[137 -656 -54 692 -26 -891 -592 220 -77 -65 -348 13 -287 -342 -103 293 -71 180 128 491 -63 -167 -59 -201 -333 35 -146 397 57 -89 115 -184 411 -43 175 299 -10 -448 72 -66 17 221 199 -107 504 92 -150 455 -413 -15 -332 113 -233 276 -346 101 115 -164 -112 -78 -185 -405 132 -208 -71 170 275 -60 -132 39 -293 -487 92 -19 47 121 -203 167 329 -437 -429 -64 -177 -228 72 206 -181 -124 -129 256 -47 -82 -192 -560 144 -170 378 -270 -211 84 156 215 147 -73 -388 1 88 -152 263 236 404 -329 161 156 -314 -471 -70 48 285 177 92 -9 44 259 81 -99 123 -19 77 -133 339 -36 -243 555 -169 -235 308 55 65 195 521 46 352 -113 -144 162 483 564 57 -223 190 36 -47 122 -292 250 73 -14 -176 -154 154 -226 -190 166 -149 170 249 -517 -118 166 420 47 44 -12 125 -198 -326 -171 49 313 171 -160 414 471 111 208 -216 164 -91 199 95 -44 155 388 155 544 55 234 -93 -291 249 76 156 -221 257 -191 202 290 -30 276 45 -80 -141.8900000000000000000024992201090660191]
[587 207 1006 -619 -671 237 25 85 19 -14 -224 -57 -136 160 414 21 -165 -416 86 -67 409 -125 -105 -16 -80 -45 -645 177 -64 125 -29 -162 -215 230 444 152 85 -121 -59 -77 76 160 -28 -304 -203 221 -57 -203 117 -35 42 -92 -656 163 -210 131 43 -121 -113 237 130 -445 -345 -69 82 -264 9 -452 -226 252 -36 -484 -253 -135 -22 -46 62 252 103 116 183 86 -183 283 -66 129 -289 -387 196 -625 -191 -246 102 65 49 565 -85 -157 -176 239 57 -56 53 165 200 62 -183 46 -67 2 221 -12 -231 229 30 60 -195 -10 -233 136 -123 86 284 373 433 133 -408 191 -135 -117 -24 62 174 -134 -167 297 230 379 353 153 217 -253 -43 -113 -275 -82 -11 69 629 -375 279 -194 -52 -185 121 -73 301 -164 56 -29 13 -83 422 345 -473 73 -260 -73 9 -144 25 208 26 388 285 -85 -102 17 221 462 115 -280 238 -259 337 -148 -186 -185 -402 -160 272 109 68 113 -244 -422 -101 -286 -297 178 165 375 -118 357 -261 151 99 181 -178 15 89 62 212.8350000000000000000031928306982312809]
[-912 -897 -354 -396 -1013 442 -375 254 15 -353 -252 120 -25 -115 31 349 42 419 0 -42 27 -216 278 3 -168 8 351 42 -37 78 -151 -28 -11 -160 -61 -181 182 220 286 -224 227 -568 69 507 35 -139 -158 8 -174 -95 -365 -288 21 -20 -351 -3 46 258 48 -288 -132 427 -286 171 -442 292 -516 -190 -312 2 409 60 49 -74 430 460 -210 -5 18 -62 169 374 144 -321 246 -98 64 203 -109 346 75 -261 -13 -138 125 -531 -79 133 -186 -156 -423 -7 -27 -285 651 224 38 -36 -600 -101 25 -372 10 263 290 -84 436 -238 -34 24 90 106 -335 182 -439 -48 4 58 -200 -57 73 -469 -182 183 -157 -117 302 -1 13 46 -472 61 20 -170 128 75 -50 -293 -34 -23 -10 425 -145 161 -214 -249 93 241 -36 -70 -319 -89 -158 -54 433 35 186 344 308 69 -205 -327 -96 -450 24 217 -27 191 -389 -228 178 -223 -275 -98 -31 367 175 -35 327 162 85 -196 -281 137 -134 328 252 95 122 68 -444 -312 -9 -448 -236 -108 250 63 -132 120 340 13 -212.8350000000000000000011055115082876068]
[650 712 -101 -24 -541 529 -223 143 -548 330 117 -287 17 293 348 -35 -137 79 -292 21 580 268 109 343 -19 -87 376 303 -27 -6 166 -287 -448 103 -152 7 57 -3 -121 -101 -73 268 37 -55 444 -274 -361 -2 182 -208 -156 121 -304 422 111 44 -178 194 379 48 -224 0 -29 -1 -69 -85 -2 -362 -267 20 -176 593 -466 124 37 -61 -29 206 150 231 53 -244 -59 -186 158 -89 -307 -235 507 -400 -324 -266 -152 64 23 -96 72 -197 -97 234 140 -190 162 10 93 -275 499 160 313 -30 -162 446 -117 -173 195 -8 4 -117 -316 142 -228 -223 -102 174 -94 271 -189 -312 -236 -401 -488 34 374 -69 22 526 84 279 268 -21 -433 282 145 -18 -101 1 301 187 85 -469 239 -250 -97 105 -60 180 250 -322 308 -346 -39 -177 12 370 268 -129 -494 309 -90 35 -202 286 36 526 287 -172 411 132 246 236 -33 -119 173 20 158 -134 345 -91 -64 -106 -54 -112 -1 42 290 -198 333 -491 -37 140 109 144 211 -289 -299 -143 -19 57 -302 390 177 486 141.8900000000000000000023014528568319542]
[-424 130 687 854 975 -261 -171 378 -380 -89 80 321 239 155 -11 -348 13 -186 -224 207 388 -94 -365 -85 203 311 -336 118 134 -62 81 -226 -60 -128 316 -101 -328 -457 -472 173 -74 115 28 120 346 -14 39 -912 150 -194 572 54 -469 -147 -47 178 -53 -272 332 235 -65 -255 79 97 -200 58 356 -195 -289 -61 -153 -563 -300 255 72 116 79 304 26 541 217 -186 616 -312 25 -172 131 -38 53 -240 -348 311 391 214 -260 -269 431 144 85 18 -439 20 228 -159 189 -21 -108 296 230 -63 198 95 279 348 -44 67 239 142 97 74 213 84 181 -4 231 30 116 57 292 -296 -164 -222 532 -120 -300 55 2 229 150 68 -267 125 98 -362 164 -127 186 -176 209 -497 7 -320 -132 156 84 328 212 -9 -204 250 46 -280 -13 127 -59 -141 178 -69 -4 584 267 -171 257 234 -18 -76 -110 354 135 248 -73 -67 105 170 -27 263 63 -228 12 386 -166 166 -113 -392 354 -152 52 -158 -339 -141 306 -227 262 164 64 -90 -134 272 -81 191 97 195 354.7249999999999999999960751908446189801]
[-695 -305 -73 -774 349 -982 -160 173 -210 -110 77 -24 -313 161 89 -249 134 327 414 -334 231 -214 589 -56 10 -72 138 535 141 -191 -272 -280 -380 243 87 383 -465 -198 -93 -59 496 236 240 202 351 -99 6 -86 -108 -99 122 -22 -498 223 268 18 -62 517 5 17 -369 156 276 178 -167 59 720 -243 3 -222 59 -58 -124 353 -125 -254 0 -257 180 -93 435 -27 -14 84 -74 24 -176 169 18 -150 142 -14 98 -371 137 -75 540 -297 -51 318 524 181 -61 188 -111 277 31 -50 82 -73 -41 -208 294 159 108 292 -116 -68 -56 -220 91 77 -122 -58 -307 -287 590 41 -280 -290 -435 348 -333 306 284 -156 -24 -22 69 79 160 -431 373 -238 -256 246 369 115 418 -440 186 155 -346 295 25 -317 -105 33 -79 100 140 -319 -397 273 -145 -184 172 -279 -110 734 -130 176 -317 -99 -244 239 98 -252 -252 114 -242 -203 37 421 -137 111 428 -166 128 -58 16 -79 -61 469 -456 -143 260 10 -128 -176 23 -173 132 -90 48 290 342 -61 -41 60 -204 301 141.8899999999999999999974742368282998907]
[-277 -519 49 498 -366 -96 -204 -382 248 653 106 -556 -63 5 -163 -145 -495 -301 -278 -53 205 -176 -138 -96 76 124 48 127 335 132 50 -293 107 -120 218 87 52 -61 -293 129 345 139 -27 2 -125 91 -232 459 368 -36 308 -209 -216 4 -164 198 -78 -275 -88 -19 250 -578 257 14 -48 66 275 -38 34 92 -238 -324 430 73 -207 89 -118 -15 7 46 -396 -45 270 367 -97 235 46 -388 -7 -481 176 -64 125 -92 340 166 423 42 -76 -468 -524 -158 174 123 65 -107 238 43 -138 -22 297 284 160 236 -272 63 165 529 -136 -61 165 397 429 294 254 105 -454 -102 62 -363 -41 -109 138 225 -138 198 617 137 305 -35 234 -84 -336 149 185 -15 274 473 169 144 -351 -595 108 461 332 34 447 -239 -146 204 231 -1 313 -219 -210 326 -82 -10 -71 63 -13 -1 443 -118 282 -519 -607 99 407 353 -137 242 -61 24 -90 -263 -402 -331 -211 476 242 208 -94 -179 218 -233 125 -194 -278 31 103 67 141 -60 -65 38 -181 -42 -58 212 -286 291 283.7799999999999999999903458274708530616]
[-336 28 4 716 -208 351 282 -411 481 147 119 69 66 -124 63 225 112 -143 253 -169 -100 -56 -339 184 -31 -191 371 -418 102 221 247 258 -381 174 55 -105 -54 356 419 -145 -15 -156 132 112 -99 -225 -183 327 361 344 -304 104 105 21 -245 169 -220 -5 -3 -404 454 474 -160 345 220 68 -140 -118 -126 342 382 -93 184 -123 32 237 -130 56 343 326 -302 169 -385 275 -11 230 -221 -172 207 -651 129 16 -92 -345 289 253 -172 158 69 -218 -32 359 111 475 316 -292 440 359 -206 -49 35 256 -160 -156 96 5 388 -87 -519 9 133 -494 253 -24 -206 470 -289 -247 -299 62 12 -116 146 -294 170 -318 558 5 43 -344 -134 -292 41 65 -39 -4 281 -119 31 347 103 -63 -25 -251 297 142 232 -164 66 -163 -275 -217 -15 66 -67 -17 -212 171 -181 331 -217 115 74 238 -632 177 -103 -80 96 -69 67 459 -248 402 -234 384 236 -165 -466 265 -44 -168 -18 100 -261 58 -35 -100 326 169 120 -115 10 -265 -103 326 -82 -105 369 -136 -118 -350 -212.8350000000000000000024735761529836827]
[-496 346 -751 170 400 -484 -525 186 -94 -522 -460 273 -348 -241 -276 -28 235 -218 32 -249 -50 -126 -258 -138 -173 -5 -33 -297 7 328 301 189 116 231 -91 51 -13 -319 -281 -86 -117 -296 103 292 -96 139 -60 -21 18 88 140 83 67 29 21 445 -148 -306 -231 20 139 150 -63 -253 -36 35 -181 94 -307 111 71 25 -75 -106 -408 71 101 243 -26 466 0 127 262 -53 131 -366 -141 211 -213 -201 48 126 20 130 -34 266 260 -71 127 -44 -386 155 -25 0 409 -432 29 117 377 -102 -83 -146 -462 145 106 -34 222 354 -220 192 -188 187 -66 131 136 -118 408 56 -160 -86 -27 -443 -166 -12 327 206 -52 -293 -39 133 419 92 -277 25 -92 -218 -87 -232 60 -240 42 19 50 -19 290 279 -199 -77 177 311 -140 40 611 -99 -145 -81 -151 275 -224 -149 225 -30 189 -251 11 -222 -358 59 -78 -207 43 -5 -290 -5 33 -34 -145 -129 -157 160 -9 377 -147 112 -48 279 -25 103 -261 -92 400 216 148 -4 262 85 3 -88 -205 50 164 45 141.8900000000000000000090505713398426929]
[290 692 -867 -218 -400 -429 218 317 25 -221 197 293 176 -5 118 -75 -31 -59 -54 -15 -62 -90 -161 87 519 161 -184 -128 -158 -144 -133 182 275 -454 -150 -207 122 -77 -453 285 -170 2 63 -309 165 -12 92 -344 -3 117 106 -200 -46 -245 -189 16 -17 94 292 242 -346 -338 -49 95 -99 -61 92 58 -1 -127 -254 -203 158 63 27 180 -90 -92 -106 86 228 -24 181 -288 -35 -65 382 72 -145 116 387 -109 -13 -109 -53 -57 244 -211 193 178 391 -155 -70 -206 -8 155 -5 125 67 -74 -42 -259 -40 268 71 -177 166 72 37 -22 -15 87 -148 -454 102 185 61 179 -11 26 -66 246 -379 206 86 218 16 -163 -3 -181 77 -251 0 16 217 11 -254 -390 -86 169 56 -59 -45 0 -48 104 -429 210 -257 -203 200 -104 -447 129 76 -210 -95 -425 273 337 -41 -145 -71 -131 19 -70 333 167 -1 -46 -169 372 95 10 109 301 -218 -271 42 138 156 275 62 -377 197 114 387 369 -113 -34 301 -153 252 25 129 199 -154 -154 114 -155 -86 53 425.6700000000000000000000261595222485041]
[119 755 574 827 63 -1011 246 -557 804 -328 -30 158 -579 -100 239 -128 160 104 300 -65 -86 -136 -92 -126 133 -144 -330 -469 95 -160 13 297 -83 277 519 102 406 -95 -299 -42 247 -263 -206 -170 -227 -105 -36 128 359 -215 -229 -182 53 341 -28 31 63 64 -312 214 -236 328 -255 292 83 -161 356 199 400 -255 -265 -245 -205 -141 -243 34 -13 -320 -36 420 -144 445 -231 332 -139 172 99 -102 166 -126 234 -40 78 -24 74 157 -352 -618 323 -176 290 75 221 -64 -628 241 -94 45 -80 263 11 218 189 472 212 138 -172 -131 -254 284 -137 -197 136 -23 218 -6 51 -78 320 590 108 39 -87 -563 -457 -242 185 25 -5 -181 -44 56 393 -20 440 100 1 -29 -58 176 -117 -78 153 85 -232 227 -368 51 -151 23 -272 81 -167 273 -190 -143 149 106 -280 -219 -239 523 138 69 1 288 -60 58 -78 617 -160 246 -21 -214 -29 -237 28 -193 65 108 -72 -235 251 7 44 -467 -32 -546 108 -493 309 -170 154 349 -39 247 36 100 81 -244 -166 -317 -141.8900000000000000000006020549189363326]
[-958 -752 739 621 -825 -528 14 463 -128 173 -44 -213 137 -349 -470 -30 25 -303 236 438 60 -86 235 30 -12 -25 132 119 -45 202 79 -204 239 -16 37 26 21 40 236 9 -49 9 166 430 -65 219 152 -47 -370 -321 -439 176 75 -85 158 115 -80 490 -398 372 87 -128 271 -101 171 -127 125 -175 -296 -77 127 -92 -376 -20 127 350 378 -108 82 -97 47 -586 -395 -25 120 106 -385 -56 94 364 -186 -531 282 172 79 -29 -498 -166 358 251 270 210 -204 50 -84 236 -125 -295 48 336 187 -98 -41 -214 -351 -455 54 -195 206 -4 204 -4 -225 75 133 400 70 133 -304 99 83 30 -236 -159 -257 47 -138 208 -264 96 -87 -217 -146 29 43 -150 -65 71 -106 -60 -17 239 -29 -248 -147 417 84 -337 161 -214 -252 344 505 -98 187 -117 21 -118 40 99 -94 -42 -264 -2 147 -155 305 -297 -139 -445 -298 83 -24 478 -96 -50 60 255 -325 -420 165 -388 -71 91 38 -129 -236 -12 225 -30 -559 10 -138 136 -403 -173 -73 390 -208 -23 97 124 -212.8349999999999999999938837691651279175]
[835 957 250 202 950 -129 344 143 107 -306 33 339 -171 233 -68 33 47 -162 -232 325 -16 -39 127 129 53 166 151 128 -207 -65 -138 331 -146 -38 -72 -261 235 -39 309 273 462 -298 269 -205 -233 19 -62 -193 -643 -1 -9 -120 -38 170 -109 168 492 -15 -327 -170 143 412 141 -313 150 -288 -25 70 285 -173 23 34 180 -105 42 106 -63 36 268 47 -150 325 -89 -414 -59 367 305 26 113 199 81 -34 -255 313 203 -194 -85 234 80 30 -28 -162 218 -380 -465 -88 178 62 -243 15 -6 -281 -16 -71 -265 -88 -388 464 291 -45 -109 -142 60 224 -198 38 190 -132 110 280 133 114 -325 127 22 -323 -112 -117 311 -288 138 -237 -161 66 112 -124 38 -82 -294 -326 -360 252 164 -259 -261 116 131 -234 184 261 -298 310 9 287 118 70 243 125 177 241 74 342 512 62 24 145 112 -154 -302 318 -229 101 -182 15 279 -150 76 -50 52 -285 -16 120 283 -257 -99 -59 429 -200 -110 -257 -5 26 114 -161 355 45 246 732 -25 -57 -48 39 -283.7800000000000000000018864381196912299]
[548 -541 -67 -367 236 282 -197 52 -148 446 -266 -539 476 -100 -214 234 -533 -61 -724 -12 243 -189 204 189 -87 -50 226 -108 57 159 489 -15 -244 105 -113 188 -161 12 -236 -48 207 171 76 400 57 78 174 401 -64 -262 -333 323 -30 176 -15 88 -141 103 175 -158 -72 55 302 121 -92 -102 258 -60 -546 293 175 -306 371 275 -177 -195 286 100 -83 -128 260 130 -58 -37 460 -160 -427 -291 194 -18 -137 -407 121 -113 396 -63 468 -101 132 -99 110 61 -465 -7 357 250 371 355 -195 266 237 131 106 128 69 83 314 -180 254 -294 -4 367 148 380 -41 513 -5 289 -187 -158 -61 -133 25 -8 350 -161 345 50 -306 -196 -74 44 -286 -304 -377 -190 188 90 283 -467 388 -68 -302 -402 310 163 390 199 -145 23 -375 67 223 -146 161 214 -122 -6 -137 447 45 39 94 62 112 -433 -292 -332 -54 -279 -272 -165 -29 -283 294 90 51 -384 -4 194 145 72 52 104 -64 18 163 -320 124 279 -32 -158 290 19 -340 137 -27 787 -431 356 -8 173 141.8900000000000000000004795003159786805]
[274 241 -566 -577 -794 383 -371 -146 -64 393 -90 -54 -448 -157 50 341 -32 -2 233 -124 -180 416 -169 -372 -380 73 308 15 166 439 200 -338 -16 -144 -155 268 12 -592 231 116 153 -560 126 -395 73 -178 -92 765 -55 -59 -385 68 53 -83 77 241 -334 -464 -555 236 105 -474 137 3 -76 376 -77 324 173 389 -216 46 21 -94 -141 -241 -122 397 81 43 -300 -255 -153 90 -236 -117 -7 -263 -378 -9 -180 -209 -266 -303 33 423 408 204 -197 -370 361 412 49 -377 -278 -36 148 -278 24 -37 -197 38 -455 174 -418 -11 -179 164 -26 32 -18 -70 -79 302 -224 -570 -94 -356 292 -422 -374 -53 365 320 -54 182 171 -126 425 -135 -13 -277 82 -136 121 72 472 325 199 15 -82 -154 -192 538 132 77 -18 -421 90 113 302 18 343 -288 -178 199 362 -168 -326 -270 191 -33 160 -194 534 -217 -356 -385 -78 -8 20 -97 204 460 210 267 -119 261 152 -19 -378 436 142 520 401 -3 59 210 -279 -306 -29 206 -109 -419 143 12 3 -114 29 223 159 31 -70.9450000000000000000009555998533522597]
[-903 144 -984 16 245 232 209 -15 248 46 355 -113 12 -104 -78 305 -14 17 315 -86 -190 -411 -42 -207 104 165 103 -210 -217 -219 491 -100 32 128 231 92 311 -17 -91 -242 -296 -105 -372 206 -348 49 48 318 13 -217 132 476 -36 -148 -12 -208 83 322 171 15 -206 -214 135 532 -408 536 266 443 26 -234 -15 51 190 28 -74 275 171 -286 354 197 -70 -79 189 -225 -105 -81 -131 -172 -23 -63 -263 -104 -211 -356 -377 568 -206 113 162 -152 -147 79 -277 -94 37 154 115 124 -155 85 22 -67 202 332 -55 -122 84 -268 -9 255 36 39 -28 -4 -39 496 -74 -465 -20 368 178 -361 84 -199 -48 -164 47 147 -221 -91 -63 325 168 162 -114 -93 -118 -347 -117 48 91 324 -78 278 307 4 120 109 -197 -7 -65 -173 -118 60 -486 284 -22 -184 -357 -73 -170 -17 -168 135 -141 -63 17 127 -164 -331 79 284 -47 -229 151 59 18 -164 -153 214 -117 -8 236 36 460 -309 87 -37 118 -73 -221 56 267 -157 40 -197 -357 251 -63 -406 87 -264 -0.4931985238577866772444077648682170256222e-20]
[-399 669 939 607 915 -294 148 437 -73 145 -234 -213 3 101 206 -114 -17 224 -305 -126 311 -346 268 -238 43 -259 -67 274 -294 184 438 -90 -62 -178 -56 116 -114 -112 -45 -3 134 140 196 -3 173 102 46 -9 -83 -164 330 -66 33 449 -9 56 -92 289 -138 63 -516 268 -67 73 133 -192 135 -307 -139 -326 160 -551 -4 18 110 -251 244 -33 255 -154 304 141 176 199 53 -114 81 -11 62 -364 -29 -56 256 7 60 -254 341 -26 -39 199 236 -108 -75 -34 -126 359 -123 182 268 -140 -66 145 154 98 306 177 53 8 23 166 217 22 360 73 50 -142 -7 310 -189 127 -223 130 82 -104 -555 -121 548 -210 -80 105 48 -75 109 119 121 -85 -440 -148 -255 -110 340 350 315 215 323 -41 -384 195 323 -26 -8 -485 54 400 -302 -28 153 -114 -101 309 -273 120 -84 29 51 334 254 77 -128 472 12 -117 -56 -195 47 -613 102 -325 54 -31 303 -73 567 -361 80 -156 57 -94 -108 -415 493 -109 230 436 -183 222 79 199 -91 85 -189 71 212.8349999999999999999998700510243671704]
[-600 604 -553 909 512 -827 -522 -226 49 -462 118 131 234 269 -133 42 -112 401 260 359 -266 261 155 243 126 -70 594 46 286 11 181 296 21 165 -316 278 -11 161 -99 63 -46 19 -127 591 112 247 234 216 -255 -54 231 -277 45 260 -125 105 -115 35 572 -50 186 321 115 -61 -475 -161 126 335 -77 -268 -480 208 -262 478 -242 494 -220 -205 206 242 67 -36 -116 -110 103 -112 -41 399 -20 555 453 94 -348 -484 215 -241 403 2 -202 333 130 -23 167 -252 199 -389 249 84 118 -74 -422 129 442 271 -109 154 142 -351 -81 41 21 436 -330 35 -378 22 128 60 -62 -316 154 -264 -131 247 239 -242 -2 13 -43 1 -14 20 268 -197 -271 23 -163 72 251 11 238 -561 -266 99 13 -34 269 317 -314 28 109 283 -184 382 105 189 194 4 86 -288 -22 -48 46 228 173 -21 -3 142 259 136 -50 -205 -358 51 -151 84 -95 302 241 100 -195 -32 -125 280 -252 9 -94 -347 15 4 -86 -371 -8 -43 -90 92 -14 -216 20 -8 -80 -153 -141.8900000000000000000073472335907726824]
[46 -749 -711 742 -646 466 -83 -4 24 170 -91 -105 -193 181 -112 105 190 -393 64 32 -205 -299 -60 -122 -181 -432 -312 639 -114 -64 257 134 -179 -260 12 287 355 -131 -174 -572 -65 131 -124 -36 88 -192 56 -171 238 -289 457 -38 -85 196 396 -380 13 -192 120 236 -496 391 -266 -17 -69 -226 77 307 77 -549 121 -118 -478 -253 261 284 312 -220 -53 75 -105 -91 429 -49 -212 62 156 324 -94 -80 -231 -240 -48 -79 245 -481 -124 -207 -47 335 -333 -67 -113 -123 238 -139 -384 -36 332 145 -120 -381 -309 358 -56 111 427 -196 -16 92 -278 -88 203 72 84 230 95 230 -161 -257 -108 -115 144 -11 -196 76 -12 -93 1 -35 -4 214 -284 10 423 56 -51 -350 -33 -234 -102 448 322 192 -151 257 23 -270 68 343 -272 -240 -230 125 192 -36 -340 207 85 -331 -215 263 -60 138 128 287 163 82 39 223 212 237 110 -557 188 -89 289 -250 146 -3 -59 6 525 -225 77 -193 -172 -117 344 -45 230 66 167 98 -102 79 86 -379 -203 -73 152 -244 -70.94500000000000000000289934100691332859]
[-938 -684 182 -319 -760 -440 -117 -19 -74 -2 -125 -26 -409 -228 102 -152 -287 372 199 -67 170 282 180 1 -82 -283 31 542 -217 130 -139 -500 101 -112 155 283 -328 245 109 -35 162 207 -27 125 233 18 149 -118 -198 -743 -517 88 2 152 724 -402 172 246 239 -25 -364 -67 23 39 -168 166 467 -41 -39 -142 0 284 -197 63 -72 -123 -25 23 -269 -542 306 60 183 -356 9 -149 59 236 388 107 -213 -250 242 -77 -53 -131 -231 52 51 90 -150 -6 -6 133 -194 -76 -227 -337 89 -73 -71 71 376 -139 1 -61 -236 -259 -8 -236 38 47 -172 329 159 -50 182 -5 27 71 175 6 -236 275 120 161 -87 -74 260 566 51 52 -9 -41 -141 -52 -188 150 -116 -644 -3 307 27 178 -267 -186 -9 -182 -153 -233 291 -232 -559 288 63 -74 262 243 -3 138 -302 55 -202 -127 173 95 255 29 -47 -39 97 -183 -1 207 -13 -104 -67 109 187 -151 -300 -255 -111 194 -254 -71 36 -49 89 -304 414 21 -123 1 -294 -398 190 69 -25 336 25 176 0.4240683581920878926859895183265614093671e-20]
[-817 552 -691 -689 688 185 -183 285 -269 159 -188 66 222 31 260 -231 -211 426 -486 -441 436 -137 212 -401 96 -54 -26 -396 17 -169 -320 -82 -208 -79 -9 65 181 -336 221 108 -46 131 87 -329 63 -134 227 -376 -357 -413 -102 -292 -145 338 240 339 44 262 406 -143 -671 -291 240 140 -165 -314 -206 -136 -254 -90 -147 307 245 37 -201 -468 -70 -139 -237 -451 229 -28 348 51 -53 257 -208 -164 -146 306 -87 217 -24 -44 -13 -439 65 -110 -157 91 44 -334 -459 -510 -250 310 109 -43 85 212 180 -16 183 224 26 -78 -245 224 237 -52 59 -193 -99 55 -268 -81 164 28 46 469 332 272 76 83 150 335 131 -280 309 -117 -376 -36 -71 -103 85 136 -172 22 354 -160 -40 208 17 101 -331 -141 -62 374 105 -13 -53 91 256 86 151 24 130 -147 10 -28 -190 -132 226 -186 42 -70 -84 90 -172 323 90 -104 -48 -517 -89 -139 245 253 -31 393 201 -519 182 -504 -302 158 275 -96 -391 -160 -288 93 295 -246 -148 339 239 223 -197 -19 5 -197 -283.7799999999999999999998398252631731146]
[-319 -585 380 -469 366 342 -4 253 -27 -131 71 122 -9 -150 -37 -9 -31 105 -261 2 27 -24 -5 -126 -5 504 -280 -224 -31 -57 -94 -86 297 42 -51 -505 219 52 -215 -324 -235 -378 -149 -29 140 -75 -171 -98 171 242 -180 109 34 16 -197 359 369 227 -7 -63 -87 -211 140 -121 -56 328 207 -310 369 -77 49 -26 69 140 -411 26 -16 178 29 25 -140 144 -88 -105 -129 119 -448 -383 63 180 294 -43 108 -121 -292 23 80 -85 104 -40 84 -181 -249 142 -568 295 516 290 -33 173 459 -101 198 273 201 -460 -140 107 93 -89 335 70 -209 -344 -64 -454 200 -194 -248 241 472 -247 -159 -365 -14 -27 -32 10 -144 186 105 466 484 339 132 -183 -54 104 136 -30 -340 240 129 -82 -144 243 -37 40 101 -38 -25 389 -31 67 -16 -159 -7 216 -596 -19 122 -159 78 204 -390 -250 190 -412 -82 -535 107 -107 -24 34 21 -194 -293 261 224 143 74 -85 -48 -478 112 294 294 455 -131 -52 190 194 82 -39 -35 77 110 238 -191 -64 110 157 0.355403481620950186194686439174195147217e-20]
[720 -248 439 -515 -869 -741 70 40 203 -553 78 -166 334 -413 -80 -309 -350 -137 216 113 -203 301 130 96 -160 355 -360 -425 259 128 159 64 111 355 235 -420 -70 284 206 280 48 -72 -152 538 -8 204 -114 64 -56 28 29 162 317 -35 -294 123 -301 -128 66 586 189 -262 78 44 223 184 -116 5 -153 226 -133 -266 106 -168 -69 25 62 -106 -139 322 -346 -83 -317 -5 254 3 -11 -397 -24 -140 -118 94 149 -35 -322 -161 -116 314 160 -293 -384 93 339 630 42 55 -160 -448 -482 207 20 171 43 118 113 -84 152 -155 449 -116 67 -221 -261 221 -363 66 181 151 -146 -135 -11 -558 -439 -589 548 -52 4 83 -258 77 -206 330 179 -26 111 -142 -10 -46 -329 41 123 -519 -87 -18 310 -31 522 409 -174 134 -107 340 67 -408 147 -226 138 65 57 -217 -26 -224 2 -555 -234 -160 -68 114 217 -249 170 115 -93 25 -294 188 -36 301 -276 -224 37 52 22 -202 -164 178 -167 122 156 -47 -283 32 -74 168 -343 -248 -6 59 289 292 -49 438 70.94499999999999999999832377690829205097]
[257 -187 -870 735 -628 827 -115 -212 -144 279 -526 -23 12 -87 -210 -221 -146 -169 -471 7 197 -145 -189 -75 -68 -109 226 -71 -131 179 -121 -181 18 4 -98 38 53 65 17 589 -33 9 32 -29 -187 65 76 24 27 -420 -354 -151 133 224 349 68 -274 17 253 11 -131 -226 -163 -78 9 56 -305 -63 -403 303 -109 417 231 -297 -255 -232 82 108 -178 -153 134 -116 76 -116 -90 -330 -281 59 -66 -36 -652 -67 -69 636 152 272 -8 78 85 -288 -408 -148 -131 -119 52 -87 236 -226 464 -167 199 163 -249 -362 245 169 -135 -10 150 515 105 -47 21 544 466 50 -25 280 434 153 -3 -14 213 184 318 464 36 -172 -257 260 -90 -7 -206 84 67 -95 -223 -82 -275 136 106 157 32 -413 278 244 34 47 309 -314 126 -67 274 -47 -108 -127 -157 142 235 -257 95 78 33 138 243 198 149 51 -186 131 94 51 -257 -279 65 -415 -132 11 -16 53 -4 128 -283 -99 43 193 -296 224 -222 410 229 -115 109 201 -141 -139 -55 -287 -141 182 13 400 141.8900000000000000000030769976889986394]
[-104 -947 -544 978 -932 -983 428 132 -15 531 580 -449 425 -30 -411 126 128 -141 -177 210 315 -10 -288 132 128 208 -142 -149 -8 72 189 -69 58 121 -189 -66 283 275 61 116 -123 -55 -88 123 -773 184 -248 580 215 163 84 661 162 -532 372 153 -277 -219 -104 -86 -53 253 327 216 43 -140 -37 164 -77 -142 352 529 169 158 295 -71 300 -538 638 -192 111 368 58 -7 153 218 -293 -72 173 -306 -157 -326 204 -50 -238 -4 -32 -99 550 145 -307 -88 329 290 309 -489 14 55 -453 183 138 217 -61 88 -144 -42 110 -9 72 -89 300 -149 -189 8 -128 50 -160 2 215 142 210 -126 221 -356 -42 -112 -382 44 -246 149 -212 -10 30 313 58 -16 47 -146 -204 115 135 -5 356 189 705 66 308 267 -87 -178 45 146 -74 271 -396 122 49 19 -384 -102 142 54 -393 -117 -321 -25 113 -204 328 -499 91 361 -44 38 -115 -135 329 234 -103 5 -34 -93 224 -3 111 -214 -145 53 72 -48 -224 -46 458 456 -231 -280 -3 -174 73 -45 295 156 70.9450000000000000000012065061898007541]
[-780 -223 189 926 806 -173 138 40 -219 -31 189 207 663 -271 52 -28 31 -27 -151 426 338 100 71 153 140 -10 224 -209 192 357 -26 -301 -377 479 30 -312 152 60 196 556 -218 -30 -212 -344 -173 102 -83 199 306 468 9 191 -422 66 240 5 333 -38 155 -96 -85 323 115 -308 -123 227 -75 138 -256 -248 21 197 385 -23 -184 373 -84 196 550 160 216 -130 84 -528 -238 142 132 65 39 154 -153 -186 130 349 185 350 -148 -237 210 -418 177 138 236 -188 215 -54 -26 -112 -235 16 220 -78 112 134 -159 97 -105 -25 275 326 461 -162 28 253 -345 -51 197 -67 145 46 -205 -183 70 320 -100 15 296 257 -219 -131 -402 -15 -238 -100 -91 -3 314 331 306 -181 126 -573 -72 -237 157 -198 472 299 -5 113 -301 134 -151 379 -209 176 249 -51 -30 456 185 -101 262 278 200 -71 -3 -102 251 -306 132 86 48 10 237 -177 31 -132 223 407 -323 25 -19 389 -98 53 469 -110 -120 399 40 -350 255 -21 -356 -142 -146 66 -156 -312 -198 -152 283.7800000000000000000062852682949745908]
[-715 -189 758 602 -684 16 -104 -156 482 253 58 -11 -102 -215 94 103 82 302 -221 145 -153 -250 -176 -61 -198 -128 205 -87 -405 -94 -13 -76 -244 27 -229 103 59 420 467 -62 -206 -293 165 -53 128 143 -504 77 120 -24 -141 -402 104 -49 -232 -457 152 208 44 -260 -269 144 -623 -126 22 408 -127 -90 125 -44 198 238 -17 102 22 -109 -186 491 68 -39 -153 244 -132 -591 28 -83 -224 -38 153 -277 -191 70 243 -135 -210 153 -441 453 -24 403 116 410 -280 199 5 -82 373 83 -171 -342 -211 209 99 -326 -112 -10 0 -241 -470 -192 -56 -43 360 -397 -42 -218 -21 -254 136 -337 339 -83 129 -59 -99 -42 89 103 -102 156 225 62 103 -54 -199 -299 119 74 -101 261 235 265 -57 -125 -74 209 85 -155 -107 -202 42 -288 -88 179 -117 412 -114 64 -566 -336 -76 -147 -341 631 -393 362 85 -308 -315 248 104 12 36 153 -44 -181 117 -22 28 -252 -297 -217 34 230 -215 -23 -219 209 383 197 35 -177 -294 -314 -142 -154 237 -46 247 -200 109 -358 -283.7800000000000000000021367886941656652]
[-126 -282 -824 110 500 -736 -226 -85 -118 131 -50 -261 -46 197 234 117 31 404 -114 -580 -389 -11 445 39 -302 70 276 -184 -380 4 235 97 83 163 -327 680 262 -159 -56 -478 15 -81 53 -339 29 -21 -98 428 -236 -147 -128 -46 178 -273 -5 126 -381 237 -195 268 -420 -47 -103 -65 -438 -241 -490 92 416 -25 -508 259 325 -81 6 227 82 -328 8 -376 -17 -261 428 193 251 147 -153 23 -357 365 -74 115 -264 -103 -116 -16 262 -269 -573 -48 431 -474 -28 -449 310 404 359 194 -239 -29 174 -84 -37 668 119 -109 323 164 327 54 -203 89 -301 -85 -169 62 -10 -477 -262 -172 4 189 -493 231 169 -67 19 -291 72 -211 289 344 -62 474 -383 237 159 -123 36 115 106 109 42 325 -429 -221 -114 304 96 88 339 347 -219 -86 87 204 -146 256 -221 -70 -123 -245 -494 -459 187 -48 65 58 -188 -304 -76 -174 69 -478 -222 168 249 67 180 34 403 -190 221 -490 -102 216 138 -13 145 -203 -256 186 127 155 40 113 -28 36 -198 67 217 -3 -212.8349999999999999999927232509215873586]
[603 -891 -782 150 -948 -409 -307 43 71 -569 -268 222 -212 -41 -127 -369 43 340 132 -78 451 -52 124 -37 126 282 -13 416 -76 143 -321 -447 -69 -117 194 367 -223 -199 -233 23 -28 264 69 240 53 -154 278 -485 -585 -261 82 58 -163 345 398 161 -48 391 -9 334 -273 -112 469 26 16 168 70 191 -222 39 -197 -412 -35 -41 -38 -199 4 56 150 9 -26 150 11 -83 -209 -166 -378 343 141 343 -268 241 190 -20 30 -182 177 -136 8 156 16 -187 27 -160 -507 14 169 -463 274 137 -126 142 189 305 120 239 -75 170 108 204 119 83 40 380 200 -153 261 257 -37 16 -85 -6 140 -3 -260 -40 168 257 273 89 206 -322 41 -494 -211 -12 -143 -54 -168 -324 -204 -112 126 71 -76 -167 -131 337 -83 16 -188 -257 -199 563 -61 149 342 -44 77 177 261 -262 -179 30 -193 182 -122 56 -127 319 -129 -485 61 633 333 -317 -132 -22 169 159 -149 -110 -104 147 -161 90 239 -258 -92 -383 140 -108 499 -111 -213 86 35 446 58 284 -194 204 141.8899999999999999999980360540229367857]
[89 -482 -754 -621 523 663 -484 216 -239 77 60 -114 281 7 -20 57 -183 -174 -49 116 324 56 -210 16 84 104 257 47 32 -48 -293 -157 -92 -218 -12 -431 279 -130 -20 349 84 -94 -3 -11 -188 62 -236 167 -40 402 102 -79 182 25 -89 124 503 -439 230 -200 -260 198 213 104 129 -44 71 62 -131 -307 119 392 52 -18 666 -161 -12 -240 -75 -26 14 -49 44 -57 84 46 355 324 -322 -487 -67 -105 63 103 220 205 408 332 30 -190 -143 -5 -217 366 -115 -374 88 56 -263 -78 -337 -320 88 -343 131 -19 -394 -271 -204 -355 112 -23 -170 -106 -224 -53 -28 285 -246 291 113 177 124 102 -64 16 225 -206 -13 347 222 -308 -167 155 189 346 54 -105 56 241 42 -69 50 69 296 -111 -127 242 -148 60 228 -206 -46 -254 281 -239 -195 -106 129 219 289 77 -335 -288 224 51 58 -144 64 -218 152 173 254 10 114 263 -236 -109 120 -143 175 -154 168 -162 -411 220 13 272 -66 51 -95 -80 0 -82 2 -57 -266 -568 -42 -224 181 127 70.94499999999999999999573525089062659785]
[-304 190 29 -218 -170 89 517 64 -181 2 274 -462 109 83 -45 83 114 -184 -118 -118 335 -58 53 207 113 -77 13 503 394 -144 -218 -375 -396 -87 215 80 -246 476 376 127 130 149 -140 29 -251 -12 258 112 229 -19 319 -41 26 644 228 -154 10 148 6 93 -268 298 337 406 212 249 271 101 -218 149 329 154 194 -53 -184 -377 13 84 281 199 279 -44 174 183 46 206 -110 323 56 -564 -135 -211 234 127 465 -91 146 278 274 50 -343 319 -95 91 139 26 3 -183 -61 63 -239 111 51 -60 -206 272 -40 -95 212 -109 -238 11 161 202 -282 -314 -138 76 -424 -111 -122 -297 78 39 96 16 194 -409 225 191 140 -210 -177 -109 341 67 -33 -59 -263 -510 107 -284 265 -213 693 -162 475 -43 -223 493 86 -68 182 166 -76 -157 -169 355 194 486 -264 -50 57 -38 -27 -78 226 -96 40 79 -318 42 -123 -214 -13 -412 456 -427 -200 270 -440 244 -212 -257 -91 -85 -254 -179 -48 40 147 194 -118 -47 -190 -108 114 -94 13 -314 -31 171 0.1274452679396935107943283210785168080292e-20]
[359 935 -695 234 201 -893 387 -80 -39 -362 119 -54 -132 56 -69 -209 -18 388 376 19 -83 -736 258 -94 23 -450 -290 -284 186 -38 43 142 -19 233 -70 143 392 181 17 51 54 -470 -15 -85 -182 -53 -306 77 -71 -29 44 239 323 -160 -199 214 29 -311 -169 99 68 261 -431 -357 116 -102 -68 244 10 -438 -249 423 144 -159 236 120 212 104 -8 36 360 -103 146 -204 137 -89 175 227 -326 377 -227 -102 -256 53 12 13 -212 75 -39 -106 -129 95 101 312 452 -122 -70 -377 -58 205 -375 213 -153 -47 -38 78 350 -305 250 24 -92 -101 -173 50 -203 62 23 22 280 274 -238 -178 -655 156 83 172 -296 310 -180 -100 -106 377 168 -217 -358 -112 60 49 -162 -20 -17 124 135 291 159 -128 632 738 24 384 -207 -79 -18 81 34 720 37 330 233 -299 -127 10 212 -43 -9 334 -319 234 246 -599 -5 252 249 -128 -36 127 -220 -303 205 -107 25 247 -175 309 -75 -334 25 14 -61 313 -211 125 -223 106 77 8 -146 -140 26 -253 -68 -14 -70.94499999999999999999840149957412935772]
[557 289 -433 481 -297 895 467 68 -61 4 -95 -178 -147 45 -33 -127 -178 -188 -216 171 143 -278 -267 225 -130 64 -33 -70 -226 -39 -100 47 -188 88 -185 -339 -350 24 169 -32 -17 15 43 -310 -334 -10 -43 94 23 -430 -151 425 491 -153 30 164 -98 225 -194 -27 -145 -25 -83 582 669 -22 313 232 72 -220 101 -268 -228 224 113 -368 -22 -226 -63 321 57 399 -169 277 257 -64 51 -104 477 -241 251 24 200 272 -69 -104 279 -76 -180 465 174 224 -63 118 -302 -92 170 361 169 -36 -291 193 40 185 392 275 -1 -100 -186 520 -145 39 -120 184 307 119 -127 113 158 -34 -6 20 208 -757 -336 -54 -93 -81 298 198 -226 35 -104 382 68 -28 2 30 -251 -150 388 49 396 -151 105 448 -495 -186 -455 -173 159 -86 447 -115 -174 -63 343 85 -685 -221 105 155 -260 26 -44 109 255 -95 -243 89 -189 271 -161 245 -220 165 240 -108 -138 -325 -109 -39 -145 2 360 -356 19 -223 -55 -203 93 82 280 70 -390 -296 -53 73 30 -99 -410 -106 -283.7800000000000000000108665822682053923]
[-1005 -276 925 -344 -105 -900 255 -276 135 12 58 192 460 -157 306 192 37 -570 -209 399 -348 68 63 197 49 177 -359 -25 334 201 356 282 23 431 376 -415 -110 75 34 317 -36 223 116 -411 -457 359 379 -290 54 250 382 345 -247 248 236 139 60 -458 -25 104 127 -184 98 268 -122 -129 79 376 -178 220 203 -129 405 -108 -269 -397 241 -14 -16 501 248 -286 55 291 -10 44 257 7 197 -383 292 -42 393 -176 -29 157 -1 68 277 -155 43 50 163 374 -162 -67 -471 122 -28 160 278 23 -64 -394 -103 119 -120 194 189 26 -71 -258 187 475 327 286 115 -81 81 -113 -145 13 204 -152 348 -225 64 -427 -103 -199 41 56 -123 -81 47 -71 210 -321 -263 -263 -130 -265 513 -299 436 137 -33 -253 262 176 -300 192 -70 191 -412 -315 154 -167 61 153 350 276 638 89 -107 -43 -116 -203 90 -279 -154 135 75 -312 246 -423 169 -511 -360 491 2 -10 45 -122 -14 293 -560 103 -29 329 -29 170 286 221 78 76 215 168 -48 37 -166 299 141.8899999999999999999989993898567857489]
[246 252 -789 -334 -838 266 -307 -237 307 87 75 368 361 -327 202 490 334 97 151 -315 -642 672 127 40 20 -117 173 33 211 15 189 -295 -124 -128 -38 279 320 225 -75 -115 -210 165 -89 90 15 -28 252 66 -227 108 264 283 164 -179 673 -628 -279 77 499 128 -82 147 582 92 -363 -4 170 66 -396 34 -72 42 -2 269 4 22 -218 -219 162 54 -32 -168 -401 -145 -124 29 -354 147 32 -313 -53 76 134 -661 -152 -202 545 49 12 143 -22 47 -316 -212 151 -344 -71 417 -111 0 81 -380 -240 138 -78 189 292 -467 150 15 113 -219 66 -19 309 68 -125 -232 240 44 231 112 71 479 -285 -135 -243 -63 -110 184 290 364 -137 -226 -23 213 -5 -284 172 -63 252 -400 427 -233 237 -246 -205 162 134 -8 120 271 -522 -29 -378 -30 -79 136 -106 235 45 -463 -135 -396 104 -44 -92 247 339 -436 60 -472 -86 -54 -97 530 152 38 -547 252 -73 173 107 -360 -29 280 -108 -85 57 -194 196 80 -196 -127 -34 -107 -51 -222 112 -77 -35 -253 354.7249999999999999999921105044751295151]
[540 304 -129 -816 -752 -718 -391 -390 179 -420 21 254 -266 -55 -44 32 253 -127 390 -225 -313 24 249 -68 -382 65 -230 360 150 -76 382 -143 -205 202 127 -74 30 -244 -176 -231 -370 4 18 372 361 -210 151 108 -96 -109 74 145 -158 453 336 -518 -189 77 48 386 -244 319 128 76 239 48 341 18 -76 154 -451 -391 -323 91 -354 -322 255 17 -157 131 -278 -198 -395 -1 -192 -142 -590 -116 28 -112 -65 -13 -339 -310 -70 92 200 -103 56 -30 108 -97 22 61 -135 240 -183 -289 22 175 -169 -209 -221 -200 243 147 279 -314 -137 81 -319 104 105 193 153 180 220 -30 -322 -97 -305 -80 65 -138 202 -106 88 118 68 11 608 115 343 -256 -180 258 111 -178 302 265 600 -70 -516 245 109 -129 -219 -1 186 29 -38 -190 -261 413 -103 -229 -87 -58 -397 323 239 204 31 -308 238 -100 -86 -101 67 71 -40 -117 192 -16 224 4 85 46 21 -255 -233 155 302 303 0 -116 -188 66 96 -338 234 268 66 -151 -48 44 -271 -42 -176 121 -286 -34 70.94499999999999999999754785725991030263]
[774 250 931 -45 -222 615 273 221 275 270 56 -19 312 -67 -399 -336 15 -536 198 260 101 415 -52 -21 400 241 -131 -256 -203 -42 132 5 -86 -484 -47 -232 -100 -507 -113 467 -72 215 2 -403 259 -178 19 -207 -196 388 -200 69 -50 -228 -356 -172 -85 -241 30 -226 297 -213 -25 77 -57 64 -36 -14 339 166 -176 -309 268 41 -222 -141 -80 136 -484 -71 -16 -454 41 -339 -403 94 -380 -151 -302 397 -157 -28 -170 -249 -233 -136 -155 58 284 -259 71 -265 -139 -368 -392 78 -29 -127 220 34 73 -156 -256 -276 -311 -344 28 -3 -294 120 189 -182 513 -56 -172 -111 159 -137 419 -80 176 84 334 77 605 120 210 -135 81 -91 107 -178 -112 -208 -169 312 92 -65 -149 258 -14 217 -190 150 -167 214 -25 -199 19 -36 254 -16 -123 219 -8 -96 313 -668 84 196 358 15 -67 281 -106 88 -54 -230 -56 -247 69 84 23 116 180 77 -155 244 263 -223 -310 599 -187 -204 47 84 -154 224 381 -183 24 -148 60 103 241 238 -60 -105 238 300 301 -99 -212.8350000000000000000002048010824065073]
[-32 -765 -2 942 120 190 -484 59 185 -588 21 -68 -64 13 -117 -223 69 -27 -419 356 138 -184 -168 196 6 -23 -29 -238 -101 63 151 238 260 105 74 -164 67 -187 -470 -331 -319 -202 -100 434 147 178 44 -164 323 -170 193 -449 255 128 -290 -153 31 -83 -128 10 21 -237 48 15 76 106 -230 -111 101 215 4 66 -547 -158 -27 314 255 115 -340 67 -30 171 95 161 98 -264 41 105 -236 -196 -191 -100 43 308 34 144 -144 -259 113 -47 147 13 66 94 5 613 349 47 -19 210 142 409 48 -37 388 219 61 114 -80 0 -75 -100 -2 -362 -12 129 -263 240 -321 209 -21 -3 201 -638 -510 553 44 89 -10 235 -127 437 258 -261 204 -108 -61 56 46 611 120 -33 212 -329 -131 294 -177 41 -363 -390 9 -196 61 -29 617 -146 -351 45 191 -148 -144 -12 113 741 361 -179 -109 19 -1 209 -177 195 -14 169 31 92 -227 112 108 -200 531 -368 -68 -105 180 37 -275 -33 42 369 4 -63 223 80 129 154 -218 86 -106 272 -121 -57 -70.9449999999999999999942570985230399441]
[-837 481 -563 -895 -92 450 -126 -39 154 312 -23 317 184 -114 182 -234 234 463 -244 -43 -344 -241 354 108 -8 -245 78 194 205 -9 -94 -32 -454 -166 -200 -7 387 -3 -154 233 133 78 -168 -467 204 -236 -295 55 -10 450 226 -296 -242 111 -75 259 98 -77 61 -287 -383 201 -67 -254 -193 64 4 191 74 1 74 234 506 158 40 21 -678 325 224 71 186 -41 295 -203 -355 142 306 190 -387 44 -118 -30 175 77 232 -271 480 -53 -154 78 340 -89 146 -356 -135 41 480 143 -27 -105 37 18 1 -56 -83 -58 -62 -63 -163 10 -281 351 356 -22 155 -391 -35 12 110 -247 -234 121 202 248 15 6 218 183 -49 173 293 -279 42 15 -131 126 383 424 72 -223 106 -356 161 99 -348 -347 -159 -212 -117 199 42 -323 -72 457 -51 -68 496 -170 133 65 33 -84 214 -8 -159 -14 -196 177 -108 589 -40 -422 -121 73 84 -202 75 -447 151 449 -98 197 108 -7 -323 -53 173 -253 -74 -99 -143 38 -43 188 -60 231 68 64 -108 1 -145 -8 -70.94499999999999999999159201144668645303]
[-54 45 -27 683 199 156 157 19 59 184 432 -214 -390 190 -19 162 16 453 95 -473 -89 -24 -121 51 -140 -104 -400 81 35 -133 37 -50 3 -104 167 244 -80 -49 -264 -375 -181 -117 241 80 164 -361 48 -236 314 -266 -269 289 62 -301 322 -373 -323 175 -20 155 215 -6 -212 33 401 128 -113 128 241 -245 89 34 -314 266 -276 -332 48 186 194 -265 -21 125 -33 196 -13 -26 -132 -321 332 -138 -4 209 -97 -22 -411 49 -129 -113 -72 -59 -59 -208 175 173 413 -39 -19 132 81 133 -258 335 -202 183 136 192 349 197 -51 -552 -86 242 -139 -181 -45 -74 -344 -257 -204 -263 -347 -118 53 94 -115 -263 -374 289 81 -288 -55 489 205 157 -114 -191 -110 33 372 -43 -208 -100 -71 162 135 -155 70 5 216 87 -180 -150 -81 -75 224 258 -501 166 -213 -217 -143 -193 123 71 -292 -343 -291 421 212 -278 89 -171 356 -236 -209 291 51 5 71 -219 83 -151 195 303 260 -238 -169 73 -311 106 249 -22 107 46 198 374 -210 242 28 -137 390 52 283.7799999999999999999963910798760665294]
[-597 541 -632 -439 262 -180 -194 -178 -93 813 -19 -9 375 321 46 -205 -137 111 -136 -255 -32 136 -195 188 287 113 -95 -8 -221 -165 23 -30 89 1 -311 -13 311 -16 154 141 -205 -124 83 -415 18 -254 -171 200 293 423 77 -169 -131 -361 -327 32 375 -81 339 -85 -12 12 -495 -153 216 52 24 386 25 -119 153 149 340 207 -177 -314 31 331 -15 41 119 122 -46 -179 136 -350 -54 155 -292 343 91 94 -619 -13 262 336 385 89 -401 -69 94 0 35 -171 -159 42 549 140 -140 -228 333 -48 -149 -8 -86 -115 -227 -75 -149 250 139 495 153 -298 -415 -281 -84 -413 118 -204 -227 477 -119 17 228 78 290 91 -199 11 35 98 191 56 144 103 34 -188 239 81 154 -43 -483 -164 -299 8 71 22 -150 73 256 98 -271 -163 -57 140 167 -232 28 59 137 -276 -115 208 10 126 99 -95 95 255 172 151 39 49 -375 -196 -103 -214 355 -306 99 260 -114 252 -230 -123 -57 183 65 264 -307 -77 -211 -364 391 -89 136 -92 -126 179 -333 -58 -70.94499999999999999999859543626926896318]
[378 426 208 160 -443 961 -99 -59 146 -213 -88 188 -173 -144 170 -81 -207 272 -96 7 50 255 79 -91 -53 72 -238 83 -374 16 210 110 23 308 135 133 105 -42 -298 -576 -307 3 121 -201 53 210 -59 -249 -128 -157 177 133 291 9 -332 303 196 98 363 92 -86 -202 -309 -263 118 -21 -85 -54 -361 -267 -483 -290 -18 -396 -144 37 -186 115 48 13 -7 106 207 -295 29 -287 -43 -179 88 177 -336 -186 -373 162 -162 79 -204 -137 14 -172 -28 -245 -80 -132 -180 117 420 258 118 73 -186 243 306 246 -47 10 399 -274 431 -5 41 3 146 -77 499 311 289 -188 223 30 139 157 87 -589 -290 -299 -3 517 -100 -91 -396 400 312 -89 -443 5 -2 -163 429 -477 28 -26 -109 167 -283 443 403 296 391 81 -408 -198 -79 134 -229 117 -93 541 -509 139 -100 236 -154 415 -400 92 194 329 398 -49 208 320 -1 -357 433 -242 -126 -273 101 402 184 -399 519 122 322 -127 73 -436 -96 -92 -186 270 87 366 113 62 -135 381 -308 55 344 143 283.7800000000000000000004418140318942499]
[956 -606 -668 554 518 3 -126 -344 -168 167 -189 160 26 -218 -247 -291 160 146 -368 156 172 -132 -215 -142 362 -87 -74 -51 -62 -38 -210 -63 -61 -189 273 174 104 264 104 272 -346 366 79 -58 -53 -76 191 87 53 -411 81 -359 -60 232 -244 -45 178 -158 397 -67 -210 -235 -87 14 11 18 -77 -121 -267 -199 -38 253 116 307 113 53 24 -92 -453 -217 425 -34 80 -256 70 -89 -231 309 -92 27 -128 192 469 136 114 14 283 -231 -149 36 -223 -101 -52 -97 177 -43 -42 -40 240 -149 36 49 186 -61 -134 -41 -92 -145 -161 -235 211 286 240 -386 -14 -104 -47 48 102 286 266 185 246 154 -388 -89 -68 329 -195 413 -283 -9 317 -209 135 228 -200 265 -102 246 155 89 -181 84 -376 77 -76 502 -331 -144 -101 -72 159 -90 173 183 23 -274 -31 -115 126 -134 48 131 536 496 -458 125 -91 92 231 138 193 196 -230 -53 -404 -85 358 -18 177 -204 -320 233 -285 11 1 -298 23 87 -83 -317 346 75 147 -201 -116 -320 -11 -489 -127 -221 0.2278404373791959025146195913502644714299e-20]
[-579 656 176 -206 202 -57 301 -179 -284 -166 256 -137 126 377 454 -168 -263 121 166 -327 310 -336 131 7 -59 88 89 -306 -55 40 -315 381 -313 169 38 259 392 -156 -35 -458 -55 -187 -407 51 -95 29 32 255 -71 -340 -321 127 188 551 -195 395 -20 38 152 29 -84 -154 -137 348 -81 -141 -62 -61 -62 -135 46 374 -143 42 376 171 51 -421 73 -10 -41 493 60 319 395 282 -175 -88 -281 187 -282 68 -254 -165 -185 270 -57 -260 -182 201 133 -158 -66 339 144 302 349 176 -94 187 -15 513 28 198 310 -46 -53 -285 -43 98 -227 -285 -511 90 -24 370 -431 -135 -24 406 346 289 287 -402 125 260 -87 145 -114 323 -81 524 509 61 -159 137 113 77 185 -8 483 277 264 -334 24 -270 174 339 -321 -76 35 111 -149 -67 131 2 -210 232 117 -121 128 191 -204 -167 229 76 98 111 98 -95 -112 6 410 71 226 426 225 66 -254 -334 402 -157 55 -281 -209 76 66 -492 -85 352 -175 273 101 -98 -4 -377 -251 108 -29 142 54 123 70.94499999999999999999612085518877625656]
[-652 -763 -496 895 -874 -336 218 -624 213 50 322 102 196 -52 52 -221 80 454 -20 86 -186 281 -50 -141 -46 283 -14 -435 316 369 -317 52 125 104 288 -345 6 -153 -32 247 -98 -90 -423 93 -408 118 -221 154 -53 455 99 190 341 191 133 467 -100 -154 98 -92 202 -596 -141 -25 338 5 -494 109 200 -2 326 177 -170 -82 -109 258 -211 -203 201 7 -518 128 64 -74 -177 143 69 68 -472 -168 -207 386 29 -162 -31 112 130 0 -77 86 -248 36 280 339 -163 -60 248 -152 305 28 -153 199 -46 -149 -39 -106 -667 281 199 88 245 -306 -396 -312 252 -62 214 -97 368 217 288 -68 167 -367 294 -41 -626 407 -233 499 170 185 567 -216 196 147 235 308 86 22 147 -144 -143 -98 77 91 -141 195 -44 370 -433 529 -51 68 117 -101 -198 -365 -129 -277 122 216 -341 374 -201 101 -12 310 484 299 381 -55 167 513 -21 222 -70 631 -368 -570 357 -287 276 -23 22 168 -204 179 -342 -104 -108 -365 324 407 142 -227 -220 -66 525 -11 10 105 -212.8350000000000000000057209466817862207]
[104 565 -90 -512 726 91 -163 330 -293 -427 -352 -228 246 -89 103 299 -453 319 -232 50 103 -247 119 24 -218 175 15 275 66 175 -141 -203 68 164 -250 -136 -412 349 -74 -219 -271 242 -119 587 528 -149 -19 -180 -65 293 594 -222 301 -158 37 -170 -341 46 -267 190 -162 81 404 -113 94 11 -52 17 -319 317 -132 -221 -235 -189 288 155 127 53 126 -206 -151 -258 48 -360 215 -391 -49 35 154 44 366 240 251 -213 -96 -597 -57 -189 -37 35 -343 -60 214 -222 456 -65 -421 33 -264 -309 -137 -57 303 143 179 -33 239 -70 -1 -407 -152 113 -109 -65 -208 127 -26 271 -487 -223 -26 -333 -185 139 -48 -74 173 -17 -187 248 228 162 -141 -77 203 -51 -161 55 464 -94 414 25 -344 218 104 248 -92 375 109 135 -156 -54 128 217 -46 -84 122 69 289 -266 -51 -290 64 -250 -2 -109 -320 -419 78 -334 -74 -102 -40 -86 -200 362 -24 411 325 145 -190 -235 -203 53 -19 355 59 134 -314 -79 355 214 -136 -117 -61 -269 -90 -53 160 497 30 -286 -283.7799999999999999999932402698600566822]
[187 -687 394 520 370 756 -334 154 274 -267 -13 515 53 -15 126 -240 180 111 -131 -345 -421 -122 46 277 113 371 -113 40 -211 -229 -1 123 109 287 106 442 26 -410 -154 -446 101 191 -108 -43 307 -73 86 103 26 -350 303 -74 281 69 -111 -54 127 65 -119 -55 -252 222 -141 -205 -7 -134 101 -164 -98 -207 -167 -292 124 140 -26 362 -291 -224 -209 -170 21 25 -3 -51 126 -549 89 -28 -444 320 -52 117 -137 -397 -58 -112 477 64 -355 334 351 530 -85 77 -342 76 205 64 127 142 289 -3 217 234 31 -24 25 9 -118 299 -112 -9 54 -206 -226 -13 127 -175 124 204 -112 196 345 -346 -129 -306 -252 185 -4 -89 58 -94 200 -262 -327 13 202 -55 88 11 102 131 -189 95 -311 -166 124 64 -359 97 -144 -106 119 -224 297 -37 37 48 -212 -166 -11 -65 -186 -92 -113 -143 -187 14 -381 -34 -217 184 220 18 -218 416 53 -35 137 -6 178 171 299 -40 -195 -24 364 141 320 -21 -287 -33 102 -214 312 428 88 450 -34 -139 -96 -265 212.8349999999999999999962106217658910488]
[-443 168 526 -69 -382 420 245 -458 426 72 87 22 -177 -38 -150 23 -84 -494 -426 124 -515 30 150 75 -85 -149 -62 380 55 182 -368 382 217 142 -14 -225 13 175 -276 -521 286 326 255 -169 -211 249 583 179 306 -375 -35 311 379 -163 639 -66 140 345 130 9 51 -218 -280 20 161 229 400 210 -145 -190 -36 6 167 -540 -17 -9 22 -216 -478 -115 -351 -98 -149 -73 -350 -283 60 80 130 323 338 432 -205 -10 -231 -101 2 -382 -380 -104 149 189 -538 428 -185 -280 137 -147 198 279 -43 -363 -394 -379 -157 98 -148 -356 552 -319 -4 -19 -198 -2 353 9 370 17 1 55 277 -1 -314 16 209 -388 -685 314 -246 -225 357 394 -110 277 -328 -60 -145 106 7 -120 -81 175 -234 -347 -268 -89 236 -193 -146 192 -213 15 -467 -266 137 94 -32 234 -37 -332 -410 42 85 206 -189 76 44 197 95 2 179 307 22 -141 -28 153 -436 -114 -36 143 318 -77 -80 300 229 274 -378 642 374 108 -37 72 106 154 292 31 366 59 74 -317 -19 154 212.8349999999999999999856850457391864079]
[-614 160 -919 419 342 669 -158 230 13 -178 182 205 -192 116 86 28 -19 -222 -75 271 -58 -144 -49 4 108 55 -515 248 66 6 40 299 -73 -129 285 33 156 331 -156 -82 183 247 7 -14 -86 -206 -199 -305 -286 -226 6 -59 -282 287 95 -152 359 -313 -23 67 -192 71 -608 -10 262 29 14 557 -535 -330 24 -259 -200 167 269 -126 177 -321 -192 125 543 -90 -170 -87 94 40 179 299 269 50 -160 152 170 138 225 -210 -233 84 201 -37 -386 -56 -60 -211 -136 -422 -571 -239 40 248 29 24 34 -63 24 -513 60 -468 -223 184 -114 418 89 185 -79 426 317 -183 -137 -242 288 112 5 -44 30 115 -75 319 76 331 36 -55 -44 -422 171 172 236 -147 15 -130 132 316 384 44 35 -110 287 234 -373 -200 -59 -159 -100 110 99 95 501 157 212 -215 74 24 206 -151 -251 250 -170 311 31 -240 6 -157 253 -279 92 119 -264 -383 -92 -245 -537 120 -147 187 17 -100 -217 -363 276 -44 124 119 157 148 -34 -203 -102 277 -269 50 200 -89 -141.8899999999999999999953997195508051818]
[789 -843 -909 383 -187 214 239 -517 -124 -508 -2 -5 433 12 -23 -80 -305 9 58 -748 -111 1 63 362 182 -134 132 -251 -260 -65 203 137 123 327 -142 394 198 647 10 -246 -207 110 188 -29 -391 284 228 150 186 -331 -6 -25 519 5 108 60 101 134 3 176 -101 31 -266 96 -258 -238 144 -85 -332 29 -44 514 64 -19 -337 55 -143 -86 -415 0 157 200 -167 33 685 -384 115 212 92 143 120 -147 -215 284 -87 396 33 68 -3 222 -57 246 -145 161 291 -70 408 411 -192 -350 -25 178 426 -8 11 73 -107 -627 -91 84 -161 188 -176 -130 -205 409 -122 -403 -110 281 285 625 -207 -175 204 94 -346 55 -373 58 132 158 -72 299 -319 208 -374 -588 -480 -5 188 265 157 -290 -55 -314 47 587 -87 -295 -230 88 -258 98 -171 582 -223 -112 -162 -390 -333 361 -88 -10 -100 189 455 148 7 -411 -270 368 -128 -292 166 -187 138 110 74 -59 -64 244 -201 -158 15 36 -33 8 186 175 159 188 -24 194 -161 -272 141 177 -236 -28 113 -224 141.8900000000000000000074166505231546471]
[626 304 -914 -329 -836 444 141 -133 462 -7 141 -183 -226 -293 -178 -671 -29 320 -170 -182 -302 -118 44 24 -161 122 -13 -132 -197 77 301 437 388 33 -27 469 -136 -17 -143 -159 432 -105 -143 37 54 -46 415 245 -324 -259 -91 -245 469 167 -140 83 -249 312 -536 -7 -18 -90 -60 4 0 16 -32 17 360 63 132 -311 58 -37 -211 -4 -246 139 -68 -317 56 144 110 126 288 25 132 172 -398 307 -220 156 -54 80 -240 38 -44 -19 -130 113 160 172 200 172 -221 336 386 94 326 -24 52 248 187 -9 -83 171 -52 108 396 154 -205 119 183 65 -53 -469 -95 -124 -171 240 -23 -80 -248 -141 168 -15 -179 -173 -530 140 344 396 199 14 115 -104 -339 -15 -591 -138 11 131 -8 -283 -26 -81 -199 37 -131 441 59 323 172 -212 378 -25 -141 264 -145 -207 -13 -6 139 122 -181 -107 -196 160 -141 156 -253 -333 15 -43 -291 -348 -104 153 -252 -212 225 -77 306 -270 -87 -45 -401 -124 82 -189 315 -204 -197 411 -89 124 232 486 36 133 139 -135 -70.94499999999999999999220762284612057106]
[-257 125 -932 -413 666 -580 -321 -180 207 367 -410 -61 -9 -93 -97 -203 -297 -81 -560 -102 -61 553 -13 -64 -312 112 140 137 135 499 267 -239 -91 74 -262 -152 -47 56 245 -3 173 -98 311 258 -242 -308 93 154 148 -473 -31 460 430 146 74 -45 -95 -243 28 -12 98 52 190 74 619 -73 36 109 -84 20 -214 10 -210 -147 -142 -236 9 -133 -337 -163 -141 72 -237 152 -111 -134 -313 -483 264 -254 -14 288 -82 538 252 -119 134 -48 35 -304 -1 -265 168 -39 -315 -172 314 171 -104 -430 168 185 -266 -70 23 -108 -28 267 -191 -189 -41 -35 50 312 50 -77 37 -94 -96 159 286 -113 404 -233 -178 -215 215 -55 -27 108 181 -51 -6 105 222 29 -436 -165 -170 19 56 -60 -9 -76 -70 30 -34 -352 -70 149 -246 197 269 -448 99 -81 -263 63 -262 -27 -186 123 192 -93 361 -187 -416 -59 46 240 289 94 -370 -146 -83 292 -221 372 461 -88 317 -39 254 174 -11 297 242 -176 -41 -335 316 188 324 -3 289 -6 233 129 -160 395 -12 107 0.6402930471960225483709402537896293594599e-20]
[243 -113 491 846 -822 387 -508 400 -190 71 -126 -188 205 101 199 130 260 -174 -35 -473 242 -423 172 223 -201 -156 493 -159 95 -71 293 2 299 14 -21 363 36 -175 -386 -161 370 201 -253 -77 323 127 -146 316 379 232 -117 -93 75 -464 213 -175 -122 -206 -420 -225 -37 -140 396 -78 -511 -144 -92 239 -31 142 37 217 277 -29 -331 48 26 167 -214 -397 116 -314 189 428 543 76 -158 13 157 200 90 -243 -248 18 76 -72 -557 -31 -303 -168 374 -261 -256 -319 197 -164 -439 -60 92 663 146 -172 311 181 214 164 -173 107 -20 -168 -8 34 -137 -106 -146 129 -115 34 -49 71 -158 13 -120 324 162 465 345 26 174 -99 -180 257 -332 442 38 37 28 270 -22 51 -73 -303 119 240 113 -378 -248 84 25 -143 270 -263 39 -80 -189 7 21 -264 271 -233 120 -239 235 -359 231 -190 -149 -59 224 -155 -420 -134 151 -599 35 94 -377 32 -192 101 -123 -84 26 -38 -7 -150 -251 17 -90 135 -197 115 55 -315 -185 272 -227 195 -354 -160 -116 -256 -354.7249999999999999999889601515693043635]
[-157 -847 -687 -31 900 313 47 -317 180 203 -2 -132 70 117 -89 -25 77 -34 14 -116 -385 -326 -223 -393 150 45 -64 -381 31 -253 -145 223 457 48 231 175 405 -155 -33 177 59 -3 34 -265 -42 9 -116 123 113 21 -11 -303 -180 -6 -268 459 66 -244 282 -221 -150 -372 -178 -526 -430 -46 -124 172 -228 -25 -264 12 457 76 -371 348 55 -108 -493 75 84 -41 191 -103 24 438 170 -9 -333 15 169 274 -87 -370 72 47 334 148 14 -205 -44 -94 314 -83 251 64 -282 -119 139 112 132 30 134 133 -60 -265 70 -3 -177 -151 -194 396 -78 75 42 -70 103 -108 164 -15 -109 225 149 231 50 110 308 -73 43 -86 135 2 164 208 162 132 108 209 35 343 -264 -184 -46 305 -119 31 14 333 -171 -134 262 -129 211 -132 -129 551 197 -491 83 -110 373 -23 929 -278 -257 -2 -462 68 -30 -79 267 329 -90 -399 56 61 -357 60 -12 64 104 312 -204 -182 -96 -175 234 249 -345 163 -119 34 114 -265 218 184 -195 -280 -48 -418 -341 -44 70.94499999999999999999891670950333415118]
[552 -1007 224 -13 -425 686 -161 -117 76 -127 453 -208 401 35 218 252 76 -123 265 189 259 -15 91 232 -221 20 -120 -242 -85 62 -29 -94 -358 190 232 -197 48 238 -61 80 245 -83 93 -396 -265 -102 169 -97 105 397 -404 318 -198 -122 33 -28 -53 -302 139 61 -103 63 -238 233 146 107 405 589 -19 86 155 25 -2 -65 49 -128 -101 -277 119 122 -224 198 -69 -213 142 83 164 35 24 -279 74 29 156 -236 32 239 83 -275 329 148 349 460 329 474 -128 -381 171 441 -216 257 240 144 297 143 -180 -121 -116 -414 -144 13 191 -34 131 -113 -169 -79 350 -88 106 -294 70 139 -102 -142 -225 -207 -27 71 2 -235 31 -348 182 94 -268 -42 403 105 -24 -76 -87 -77 340 3 169 5 63 33 123 18 -235 201 -474 134 -119 10 57 -124 -274 184 214 256 -161 129 -207 102 239 -252 39 -321 -278 147 -128 229 225 432 251 -371 -463 -85 -170 -37 159 82 -242 41 -104 130 444 95 47 134 190 176 -217 11 94 -18 394 -186 144 -130 70.94499999999999999999856051212219560615]
[925 344 -741 465 -287 895 13 42 -112 -708 -25 0 118 -73 252 -6 126 256 312 448 11 -207 3 -246 -346 -171 -291 -254 10 -143 156 -9 163 290 -130 -593 435 -155 251 488 -242 -186 -2 -157 6 94 122 -185 -321 253 -76 -276 -203 172 -302 -61 137 74 575 43 -231 131 27 -84 56 -40 -45 221 4 -205 -380 173 -199 -239 87 -96 245 -19 130 524 -312 -133 -154 -42 -196 345 100 140 -9 -72 269 -134 53 301 148 -38 -40 -15 267 148 -205 -65 101 75 -161 -288 -424 151 -108 -231 -246 -194 -7 -296 -224 -50 134 -359 -196 177 -45 179 -83 72 167 88 -191 226 -263 127 -148 -129 -315 106 67 165 113 -185 208 235 35 376 296 -168 48 -127 13 -306 -169 242 183 -91 50 25 230 -129 -143 21 -220 -201 -13 -46 300 -62 76 2 -58 -30 406 -80 25 145 296 41 178 -190 37 -30 -203 -220 360 31 -589 -205 -100 -331 -282 -217 -10 -312 232 41 -69 -62 -73 18 291 218 122 118 -97 -13 -306 4 -392 -75 -39 -719 -148 -385 -79 -107 -212.8350000000000000000075852033717404729]
[-96 268 473 459 719 276 199 69 -53 303 25 -600 -488 -362 35 290 -194 336 144 77 -115 -422 127 239 -131 179 -140 20 339 219 46 -95 36 -97 172 301 189 -77 234 -152 -108 18 142 -297 358 -84 -288 369 -214 100 -472 136 75 268 -440 41 193 117 -396 -525 4 57 50 458 -238 107 95 -332 147 -319 -84 162 301 -97 109 163 198 777 148 -66 -190 -246 -131 -109 249 -109 150 -11 -88 -172 -355 -166 405 -181 350 346 -129 -117 -490 -98 285 345 -75 298 -93 692 372 184 -15 133 -490 204 65 -364 -117 48 5 -151 63 303 -432 -226 -102 64 384 151 -230 244 -338 -220 120 -88 272 328 264 136 206 147 39 64 364 -115 -182 -53 -374 41 45 399 97 -61 -2 -49 -224 80 -44 -433 333 -125 149 285 18 -259 294 -389 187 217 -461 -9 111 -91 120 -42 -15 -117 88 -263 -498 -29 -116 -57 68 27 417 286 189 -94 -66 -266 -117 -217 132 -290 -128 438 209 -94 -225 150 279 80 115 457 -667 -50 96 47 214 -121 -64 -293 160 129 -141.8900000000000000000014964009412518539]
[223 -833 812 -318 492 42 211 -315 140 335 401 -133 -140 -33 -21 -247 -214 132 -158 -174 -91 63 29 -112 150 -130 -519 -133 -134 -280 -330 66 -110 -223 267 -124 201 155 -29 -282 28 355 -227 -421 82 -63 125 287 315 -386 85 48 11 202 112 -34 123 359 182 -456 -214 262 -69 -121 118 282 377 246 -74 -125 -166 291 122 114 48 -325 -295 50 -36 -94 115 89 100 -74 -29 388 73 -183 62 -16 -268 168 361 230 70 11 -175 -33 -118 12 118 204 -129 208 -277 134 -210 -283 223 378 -240 341 180 21 -131 -149 -337 -448 -29 -25 -248 322 103 -141 345 171 -9 -99 55 -40 250 -38 293 -94 348 -154 -280 115 167 387 162 39 -122 244 60 -341 55 144 242 -133 82 -196 -240 -159 -79 -540 173 15 -434 244 317 -239 -235 64 -71 203 178 201 -296 -237 60 -16 -2 -8 -184 -202 20 90 267 -94 79 141 -117 -25 129 278 -537 -137 -276 231 -295 -205 -271 353 -309 -178 241 -221 -275 -38 239 236 -408 -117 174 262 -263 32 -42 -263 -269 29 425.6700000000000000000024841582163989368]
[-85 325 -426 201 -711 -304 186 624 -229 598 -6 -357 55 159 38 -60 -178 25 135 -160 450 -236 60 88 -77 -73 13 216 147 44 87 225 269 -60 -436 -170 197 -213 -346 85 249 -67 -68 96 235 217 -149 -4 259 -12 -316 149 -187 -189 -150 192 277 448 45 -70 147 234 -125 -143 172 -238 158 -351 303 -219 -71 13 -478 344 176 172 539 -48 77 210 -173 -227 -230 523 -8 207 -44 -321 12 7 336 -121 -202 203 276 -316 -120 -644 -11 356 -1 -142 -187 57 -72 39 -22 242 124 206 -27 36 -163 -80 -28 -282 20 169 -227 325 -287 101 131 143 258 178 -303 52 -303 -144 -50 -364 -260 84 -92 -4 74 -42 -37 -175 -103 250 8 386 160 57 42 319 121 -216 -136 145 -119 83 37 338 -408 -423 -143 60 12 285 -63 -257 -52 -375 -387 388 -30 -138 -161 342 69 20 418 -324 200 -181 331 336 136 -21 100 -218 191 -248 231 -47 -49 -552 338 -128 91 111 431 -84 178 -419 358 55 -21 89 -127 -138 112 44 103 158 -78 87 276 9 -141.8900000000000000000031867913750308488]
[-217 377 -663 457 97 932 -31 76 340 -213 24 158 -100 -68 95 199 76 244 141 416 -113 -54 43 211 98 -199 174 266 -280 -151 -59 -68 -279 -48 47 -94 -106 193 -88 -11 257 134 359 208 -145 461 -316 244 0 -105 4 -4 -348 -257 -25 -97 -197 143 168 -184 223 417 60 68 -637 135 -153 -50 44 76 367 -468 -92 -267 184 392 -235 173 576 71 -343 164 -125 -114 -133 1 -606 126 253 -21 7 -281 86 299 -276 205 -32 -35 -329 347 130 214 -197 156 326 -423 -72 283 -16 96 -167 -277 -95 -280 -339 -101 420 -232 56 149 104 -273 237 -188 27 37 -291 -181 -251 30 134 -384 -216 -60 -340 -125 -230 206 -67 -41 93 42 -289 -343 -168 -136 333 -87 125 -149 242 31 390 37 57 125 84 -14 23 281 -353 52 69 413 -9 291 -60 352 -42 12 -89 130 -386 122 -198 69 9 -65 282 -226 -6 -495 151 454 -468 100 334 86 -162 274 148 -585 68 249 -224 11 -77 157 -75 203 -102 -214 -297 252 40 -94 -35 242 229 82 191 81 -70.94500000000000000000733429409492339486]
[387 402 985 703 833 -982 102 86 -103 277 17 170 382 -276 258 -334 158 23 28 150 255 282 -74 148 118 7 140 -132 -71 -197 56 364 29 334 -75 -364 -85 -42 -354 228 294 -149 -157 -145 50 178 133 221 33 64 167 -25 166 -34 -485 490 253 84 97 24 137 -85 -205 -160 -67 105 -130 6 106 21 24 337 65 -195 -59 -197 -475 -64 46 40 -97 130 83 271 14 -116 242 -61 -408 430 344 -196 -638 97 -197 -280 125 -79 -191 -6 365 -236 214 212 -475 -203 264 205 277 -147 63 121 260 -63 114 -4 -73 159 -36 -191 -104 382 -271 52 166 -116 172 -108 215 22 7 101 -155 -97 417 -98 -350 -288 -102 -55 -181 475 316 510 37 115 -158 213 -146 -467 185 -342 33 -162 -281 26 -76 -154 -129 -171 138 264 -89 -171 -75 -312 -33 130 -180 78 187 327 -16 -134 406 -178 269 142 4 195 -176 -194 -266 -8 -274 -399 -64 -53 240 388 26 -17 -111 32 -6 50 35 -107 -154 -4 294 -286 -138 600 380 -53 62 155 -228 361 265 230 354.7249999999999999999979631078081490899]
[-593 327 -668 -234 -535 963 -206 -172 522 69 -198 330 -147 -197 -301 -65 182 -46 222 511 -45 135 -54 -181 94 -73 -81 213 -187 249 156 -39 411 73 37 150 211 -453 -60 33 -141 -226 225 -4 -338 154 -75 536 -105 208 -20 -73 -268 -245 146 -89 -34 23 256 168 -180 244 126 -96 -51 -162 64 482 -246 260 147 -129 -34 -595 23 -170 86 53 148 -295 -468 95 8 -176 -136 -322 -148 -15 -97 -131 -29 -393 -229 21 396 228 24 -404 333 -227 176 103 -113 124 -240 -69 -141 -51 120 40 231 88 -188 -307 -115 -407 -189 -180 -118 56 259 -157 59 -90 392 340 46 76 10 293 155 178 241 71 -131 -73 -264 13 -98 207 62 -55 15 -172 184 -203 58 -108 335 196 178 77 103 -34 62 -349 -16 -129 -1 -212 153 -61 -538 427 -252 70 -80 -333 39 55 372 63 -363 -126 68 -243 -163 6 -39 69 93 13 -336 109 -191 -430 -9 -64 59 71 -107 -365 111 164 -15 -137 -16 465 375 59 -282 -112 -18 260 22 -96 9 -99 -239 -5 285 -164 70.94500000000000000000554598938730770305]
[686 124 155 604 -383 950 -12 -51 -109 201 0 -376 -386 -134 -63 259 47 -100 -300 -12 200 240 -486 318 56 102 20 85 -281 19 62 144 -197 -582 160 -194 -160 -54 45 -157 234 209 -136 -277 109 -456 -13 -188 -98 -247 -114 -97 -16 159 -366 -302 129 -45 -45 -121 -328 138 -517 -66 107 280 29 113 -20 -201 -445 -216 -84 17 160 363 -540 281 13 -140 27 -108 -285 -139 100 131 657 -114 84 80 -327 171 -231 72 27 225 -145 426 -297 -76 -33 151 -42 -17 -271 -52 -31 111 189 -28 53 -322 110 -78 -69 -203 165 -227 -252 351 -47 82 244 160 -136 226 -162 -376 186 72 -117 296 392 377 -310 -30 324 45 13 -444 -215 100 -18 218 227 -147 173 -30 -191 66 80 -298 -114 134 -304 44 552 -354 -40 -149 101 -388 -65 -368 59 159 164 332 -200 149 153 254 264 373 157 -319 64 75 103 -370 268 -52 176 30 255 473 -138 -175 189 312 -408 100 -97 -295 288 -13 556 -208 171 -71 280 59 -173 -253 227 -133 -209 49 403 -182 -3 -134 212.8349999999999999999998709638310978197]
[944 597 774 704 306 11 -100 -108 -287 123 65 62 390 -11 79 389 29 -109 55 -106 327 277 0 1 14 14 63 -276 78 332 218 45 -351 295 -152 -18 227 -220 369 163 -218 -511 -116 184 -107 113 -79 115 -136 211 77 31 -219 -127 -603 214 136 -61 274 148 -1 320 -285 166 -140 98 -115 -267 153 46 -273 -54 -425 -4 82 -148 -90 -159 356 612 85 -53 -300 80 164 129 -245 -265 -202 -73 -73 112 29 47 169 -11 -83 -154 314 165 -146 156 272 289 211 76 117 381 -158 -164 -56 303 59 264 -233 21 27 -8 -93 -93 -155 -320 -249 -44 -407 -67 -165 17 -310 6 -506 -273 -360 -509 -51 80 120 -86 19 -212 6 271 47 134 600 157 75 -168 219 -245 366 -197 204 -115 127 -39 -54 -190 60 -23 -468 435 -282 3 -58 -281 -407 -23 -425 -64 117 352 280 -182 112 -300 126 4 551 184 -321 -144 175 295 -156 193 390 -216 -127 140 80 -335 208 -141 -77 119 192 -67 29 60 -138 -65 79 -245 -312 -37 -90 -82 -8 59 31 -357 0.2291951071909648745954392714055392055172e-20]
[-397 198 734 492 958 -690 -283 -272 73 -451 -64 -150 -103 117 -98 -4 -259 -60 -441 -418 -117 126 210 125 -88 385 -50 -182 155 103 43 416 -49 264 -105 36 274 335 -42 -253 267 -141 170 164 139 540 -119 163 72 273 -81 -528 177 220 -187 -114 70 -82 -535 26 9 197 -171 -446 -114 235 126 -161 -122 248 -168 -7 194 256 -30 326 -69 -81 -92 18 312 458 -70 83 -4 91 -54 237 242 -309 -342 100 -75 -110 -143 334 -131 146 -199 254 -26 338 -325 256 53 85 51 19 -481 -115 50 218 130 -316 4 43 -217 -402 -70 -125 -288 -37 379 -9 -424 334 -28 -316 -135 -418 166 2 -64 170 -77 361 185 -11 -142 -6 133 -65 306 -62 -166 -277 283 169 -5 218 183 97 -136 -362 213 -227 357 35 146 -14 -86 157 265 10 249 184 147 122 -86 -309 -121 66 66 372 -176 78 56 170 34 -134 -423 -62 36 -204 235 -69 84 -104 -332 7 91 68 204 -22 40 236 -308 137 -33 53 -32 168 -533 -272 -85 22 75 337 82 -51 93 -131 -141.8899999999999999999977225493396049205]
[-558 588 -519 303 1004 -621 29 4 -631 -261 -87 -223 -510 465 65 333 -14 66 69 -221 491 -147 231 137 -195 373 131 286 -246 273 -218 -21 -208 261 -86 361 -266 -186 -96 -364 330 -92 358 58 288 -89 -238 51 -257 -340 184 -105 139 147 270 172 96 -202 -381 389 -26 158 -60 -87 165 5 -194 38 -31 139 97 -34 -220 -94 235 329 116 -172 152 169 -245 -123 -8 -299 -206 -55 147 -54 113 87 -547 -107 -59 -26 205 13 174 78 -304 -35 108 178 233 231 -7 53 416 -370 155 -33 207 275 11 188 288 -140 -444 10 348 248 11 -392 -103 419 -98 119 88 -78 -383 -266 -305 56 283 -305 -558 195 -29 194 -68 107 -174 -98 104 -285 366 43 132 17 130 -20 -210 396 -123 -19 56 198 456 -240 453 270 -315 -70 75 438 393 -11 -11 324 -33 -451 18 262 -18 158 287 172 195 66 -170 -375 -85 -251 25 212 177 143 315 416 141 -379 18 216 -75 -165 346 151 174 -173 183 207 60 173 195 -128 -64 -130 13 485 -9 348 221 380 212.8350000000000000000009883717475575876]
[470 933 -773 -1012 -270 631 251 -412 -60 146 24 -436 -411 342 -189 242 -338 72 -44 106 -192 133 239 -104 -339 18 -10 225 189 192 108 -114 57 273 266 169 -133 17 205 -150 79 303 160 503 -220 -67 150 187 -28 -422 149 -36 68 177 89 -618 44 -327 121 -15 173 27 -34 465 293 144 249 -5 -20 203 78 -198 -331 144 -164 -80 731 0 72 180 138 30 -273 329 126 207 -12 10 392 -437 -132 167 -455 1 -435 58 -149 112 -239 16 -1 58 273 229 135 99 -213 -95 -57 75 174 350 -73 169 236 76 -442 31 -168 -273 -145 -137 10 173 74 214 -69 325 -492 237 0 -421 212 -380 -237 -393 181 -3 364 25 -253 -257 477 -488 295 -33 88 80 115 199 -117 177 -107 133 278 -242 196 -141 122 164 5 -145 125 15 178 -31 -5 -163 565 -7 -40 158 190 142 6 205 -349 106 92 148 7 54 280 -74 118 -13 167 -126 -36 -369 -148 47 239 262 310 -412 -380 73 116 -128 -437 103 50 57 62 -66 68 118 189 176 -29 195 141.8900000000000000000039859738625535172]
[200 -35 -348 -668 -722 -658 140 263 -316 -419 43 -112 -394 -287 42 -49 152 -273 239 -201 -177 -85 -214 113 197 -165 -172 -156 56 -299 -145 -185 8 -181 -201 127 -112 32 -205 129 -252 -141 313 -67 -463 164 107 -43 -31 -160 -65 141 171 -198 499 -94 -212 122 397 194 -7 265 39 85 329 -201 -383 125 -19 -333 334 -189 97 -168 -28 -116 217 217 -57 -156 -54 139 -24 -294 87 -139 174 108 47 -407 -47 -512 383 359 -144 56 49 -332 559 77 -388 7 40 79 484 -98 92 31 108 -59 -257 -227 -299 92 93 334 793 142 301 -92 -57 -80 181 -440 277 100 -340 80 -13 -66 187 -319 -410 -111 373 174 -487 -151 -283 -124 242 10 -504 -100 -98 -172 -347 -422 168 -50 41 -122 305 58 -19 94 83 293 -422 507 -281 -92 63 8 -38 135 -443 -111 152 102 -350 -134 -214 64 -229 242 149 374 274 44 -141 188 119 -301 -467 -20 107 -381 -51 -46 196 230 -247 76 -485 204 52 -78 -163 -57 144 45 -522 271 -271 226 119 -205 -184 65 -59 289 212.8350000000000000000053274704353266701]
[37 141 1011 -806 -757 907 60 175 -120 -266 -375 -73 184 -82 -92 -287 -163 377 8 -75 317 4 -234 47 -29 199 -291 -234 -194 371 99 100 203 -255 7 -433 209 113 -17 51 -235 48 104 17 230 279 -185 -408 -134 -181 214 -133 148 240 -621 -94 339 370 488 -64 -138 -11 -286 134 552 10 13 -183 -393 197 -237 17 -327 -99 20 -319 -59 -32 -154 85 -162 -189 -339 -239 38 -77 -213 -374 201 210 541 -25 -123 -111 327 275 -1 -126 -50 -424 21 -384 -16 11 -247 292 -153 133 -118 -106 124 -97 232 -71 287 -207 -77 -312 -188 -1 -119 138 -186 26 -158 351 -307 -16 -120 247 48 -16 -287 -206 -252 -50 275 68 -132 -347 -127 238 198 -27 -75 -21 -318 -61 223 40 177 15 -473 -70 -274 231 -32 243 101 -313 -262 -46 -57 21 188 -123 -347 -127 -42 73 -201 -86 163 76 54 -150 118 -102 20 -249 527 292 -41 -264 -121 -69 -361 21 214 -414 344 -216 -137 -237 63 -65 427 147 37 -97 144 307 122 -225 209 -179 -120 172 34 -179 259 94 -0.1903433062364014667281050460778679678242e-20]
[-393 563 83 -280 -382 544 -52 -588 369 224 64 -65 366 207 -139 -179 104 67 -7 51 374 -53 0 -37 19 189 -238 -53 63 -250 16 -371 -370 45 106 42 157 239 151 156 -95 -45 103 -116 -331 -530 -56 26 291 -37 110 -213 -319 97 -39 371 -240 110 151 44 -191 20 -25 305 -63 177 493 134 147 400 30 180 41 -13 -148 -490 -424 -8 617 473 89 -184 30 121 -110 -22 -204 77 -2 -440 87 27 143 174 478 270 462 -448 -46 113 170 197 -17 82 -114 -24 87 189 -33 91 20 142 -37 273 -53 173 -308 37 -91 206 -1 -122 3 -206 -99 -160 -90 -152 -28 -219 -412 129 196 -135 -53 -130 160 253 119 -152 -28 -157 141 -7 445 -42 105 -353 -75 173 24 -338 -229 -195 221 151 -222 -185 -41 -188 229 380 207 -104 -498 -81 -75 -159 -463 148 51 -152 -175 53 -239 33 2 -456 -97 544 349 223 -230 101 -256 -274 131 -251 -233 338 -44 -258 20 17 -136 -355 1 -107 -379 -311 -220 -127 216 -275 -176 54 -244 -175 26 -286 -197 -198 -212.834999999999999999997984806241956519]
]
