[[2027 0 0 0 0 0 0 0 0 0 0 0 0 0 0 0 0 0 0 0 0 0 0 0 0 0 0 0 0 0 0 0 0 0 0 0 0 0 0 0 0 0 0 0 0 0 0 0 0 0 0 0 0 0 0 0 0 0 0 0 0 0 0 0 0 0 0 0 0 0 0 0 0 0 0 0 0 0 0 0 0 0 0 0 0 0 0 0 0 0 0 0 0 0 0 0 0 0 0 0 0 0 0 0 0 0 0 0 0 0 0 0 0 0 0 0 0 0 0 0 0 0 0 0 0 0 0 0 0 0 0 0 0 0 0 0 0 0 0 0 0 0 0 0 0 0 0 0 0 0 0 0 0 0 0 0 0 0 0 0 0 0 0 0 0 0 0 0 0 0 0 0 0 0 0 0 0 0 0 0 0 0 0 0 0 0 0 0 0 0 0 0 0 0 0 0 0 0 0 0 0 0 0 0 0 0 0 0 0 0 0 0 0]
[0 2027 0 0 0 0 0 0 0 0 0 0 0 0 0 0 0 0 0 0 0 0 0 0 0 0 0 0 0 0 0 0 0 0 0 0 0 0 0 0 0 0 0 0 0 0 0 0 0 0 0 0 0 0 0 0 0 0 0 0 0 0 0 0 0 0 0 0 0 0 0 0 0 0 0 0 0 0 0 0 0 0 0 0 0 0 0 0 0 0 0 0 0 0 0 0 0 0 0 0 0 0 0 0 0 0 0 0 0 0 0 0 0 0 0 0 0 0 0 0 0 0 0 0 0 0 0 0 0 0 0 0 0 0 0 0 0 0 0 0 0 0 0 0 0 0 0 0 0 0 0 0 0 0 0 0 0 0 0 0 0 0 0 0 0 0 0 0 0 0 0 0 0 0 0 0 0 0 0 0 0 0 0 0 0 0 0 0 0 0 0 0 0 0 0 0 0 0 0 0 0 0 0 0 0 0 0 0 0 0 0 0 0]
[0 0 2027 0 0 0 0 0 0 0 0 0 0 0 0 0 0 0 0 0 0 0 0 0 0 0 0 0 0 0 0 0 0 0 0 0 0 0 0 0 0 0 0 0 0 0 0 0 0 0 0 0 0 0 0 0 0 0 0 0 0 0 0 0 0 0 0 0 0 0 0 0 0 0 0 0 0 0 0 0 0 0 0 0 0 0 0 0 0 0 0 0 0 0 0 0 0 0 0 0 0 0 0 0 0 0 0 0 0 0 0 0 0 0 0 0 0 0 0 0 0 0 0 0 0 0 0 0 0 0 0 0 0 0 0 0 0 0 0 0 0 0 0 0 0 0 0 0 0 0 0 0 0 0 0 0 0 0 0 0 0 0 0 0 0 0 0 0 0 0 0 0 0 0 0 0 0 0 0 0 0 0 0 0 0 0 0 0 0 0 0 0 0 0 0 0 0 0 0 0 0 0 0 0 0 0 0 0 0 0 0 0 0]
[0 0 0 2027 0 0 0 0 0 0 0 0 0 0 0 0 0 0 0 0 0 0 0 0 0 0 0 0 0 0 0 0 0 0 0 0 0 0 0 0 0 0 0 0 0 0 0 0 0 0 0 0 0 0 0 0 0 0 0 0 0 0 0 0 0 0 0 0 0 0 0 0 0 0 0 0 0 0 0 0 0 0 0 0 0 0 0 0 0 0 0 0 0 0 0 0 0 0 0 0 0 0 0 0 0 0 0 0 0 0 0 0 0 0 0 0 0 0 0 0 0 0 0 0 0 0 0 0 0 0 0 0 0 0 0 0 0 0 0 0 0 0 0 0 0 0 0 0 0 0 0 0 0 0 0 0 0 0 0 0 0 0 0 0 0 0 0 0 0 0 0 0 0 0 0 0 0 0 0 0 0 0 0 0 0 0 0 0 0 0 0 0 0 0 0 0 0 0 0 0 0 0 0 0 0 0 0 0 0 0 0 0 0]
[0 0 0 0 2027 0 0 0 0 0 0 0 0 0 0 0 0 0 0 0 0 0 0 0 0 0 0 0 0 0 0 0 0 0 0 0 0 0 0 0 0 0 0 0 0 0 0 0 0 0 0 0 0 0 0 0 0 0 0 0 0 0 0 0 0 0 0 0 0 0 0 0 0 0 0 0 0 0 0 0 0 0 0 0 0 0 0 0 0 0 0 0 0 0 0 0 0 0 0 0 0 0 0 0 0 0 0 0 0 0 0 0 0 0 0 0 0 0 0 0 0 0 0 0 0 0 0 0 0 0 0 0 0 0 0 0 0 0 0 0 0 0 0 0 0 0 0 0 0 0 0 0 0 0 0 0 0 0 0 0 0 0 0 0 0 0 0 0 0 0 0 0 0 0 0 0 0 0 0 0 0 0 0 0 0 0 0 0 0 0 0 0 0 0 0 0 0 0 0 0 0 0 0 0 0 0 0 0 0 0 0 0 0]
[0 0 0 0 0 2027 0 0 0 0 0 0 0 0 0 0 0 0 0 0 0 0 0 0 0 0 0 0 0 0 0 0 0 0 0 0 0 0 0 0 0 0 0 0 0 0 0 0 0 0 0 0 0 0 0 0 0 0 0 0 0 0 0 0 0 0 0 0 0 0 0 0 0 0 0 0 0 0 0 0 0 0 0 0 0 0 0 0 0 0 0 0 0 0 0 0 0 0 0 0 0 0 0 0 0 0 0 0 0 0 0 0 0 0 0 0 0 0 0 0 0 0 0 0 0 0 0 0 0 0 0 0 0 0 0 0 0 0 0 0 0 0 0 0 0 0 0 0 0 0 0 0 0 0 0 0 0 0 0 0 0 0 0 0 0 0 0 0 0 0 0 0 0 0 0 0 0 0 0 0 0 0 0 0 0 0 0 0 0 0 0 0 0 0 0 0 0 0 0 0 0 0 0 0 0 0 0 0 0 0 0 0 0]
[0 0 0 0 0 0 2027 0 0 0 0 0 0 0 0 0 0 0 0 0 0 0 0 0 0 0 0 0 0 0 0 0 0 0 0 0 0 0 0 0 0 0 0 0 0 0 0 0 0 0 0 0 0 0 0 0 0 0 0 0 0 0 0 0 0 0 0 0 0 0 0 0 0 0 0 0 0 0 0 0 0 0 0 0 0 0 0 0 0 0 0 0 0 0 0 0 0 0 0 0 0 0 0 0 0 0 0 0 0 0 0 0 0 0 0 0 0 0 0 0 0 0 0 0 0 0 0 0 0 0 0 0 0 0 0 0 0 0 0 0 0 0 0 0 0 0 0 0 0 0 0 0 0 0 0 0 0 0 0 0 0 0 0 0 0 0 0 0 0 0 0 0 0 0 0 0 0 0 0 0 0 0 0 0 0 0 0 0 0 0 0 0 0 0 0 0 0 0 0 0 0 0 0 0 0 0 0 0 0 0 0 0 0]
[0 0 0 0 0 0 0 2027 0 0 0 0 0 0 0 0 0 0 0 0 0 0 0 0 0 0 0 0 0 0 0 0 0 0 0 0 0 0 0 0 0 0 0 0 0 0 0 0 0 0 0 0 0 0 0 0 0 0 0 0 0 0 0 0 0 0 0 0 0 0 0 0 0 0 0 0 0 0 0 0 0 0 0 0 0 0 0 0 0 0 0 0 0 0 0 0 0 0 0 0 0 0 0 0 0 0 0 0 0 0 0 0 0 0 0 0 0 0 0 0 0 0 0 0 0 0 0 0 0 0 0 0 0 0 0 0 0 0 0 0 0 0 0 0 0 0 0 0 0 0 0 0 0 0 0 0 0 0 0 0 0 0 0 0 0 0 0 0 0 0 0 0 0 0 0 0 0 0 0 0 0 0 0 0 0 0 0 0 0 0 0 0 0 0 0 0 0 0 0 0 0 0 0 0 0 0 0 0 0 0 0 0 0]
[0 0 0 0 0 0 0 0 2027 0 0 0 0 0 0 0 0 0 0 0 0 0 0 0 0 0 0 0 0 0 0 0 0 0 0 0 0 0 0 0 0 0 0 0 0 0 0 0 0 0 0 0 0 0 0 0 0 0 0 0 0 0 0 0 0 0 0 0 0 0 0 0 0 0 0 0 0 0 0 0 0 0 0 0 0 0 0 0 0 0 0 0 0 0 0 0 0 0 0 0 0 0 0 0 0 0 0 0 0 0 0 0 0 0 0 0 0 0 0 0 0 0 0 0 0 0 0 0 0 0 0 0 0 0 0 0 0 0 0 0 0 0 0 0 0 0 0 0 0 0 0 0 0 0 0 0 0 0 0 0 0 0 0 0 0 0 0 0 0 0 0 0 0 0 0 0 0 0 0 0 0 0 0 0 0 0 0 0 0 0 0 0 0 0 0 0 0 0 0 0 0 0 0 0 0 0 0 0 0 0 0 0 0]
[0 0 0 0 0 0 0 0 0 2027 0 0 0 0 0 0 0 0 0 0 0 0 0 0 0 0 0 0 0 0 0 0 0 0 0 0 0 0 0 0 0 0 0 0 0 0 0 0 0 0 0 0 0 0 0 0 0 0 0 0 0 0 0 0 0 0 0 0 0 0 0 0 0 0 0 0 0 0 0 0 0 0 0 0 0 0 0 0 0 0 0 0 0 0 0 0 0 0 0 0 0 0 0 0 0 0 0 0 0 0 0 0 0 0 0 0 0 0 0 0 0 0 0 0 0 0 0 0 0 0 0 0 0 0 0 0 0 0 0 0 0 0 0 0 0 0 0 0 0 0 0 0 0 0 0 0 0 0 0 0 0 0 0 0 0 0 0 0 0 0 0 0 0 0 0 0 0 0 0 0 0 0 0 0 0 0 0 0 0 0 0 0 0 0 0 0 0 0 0 0 0 0 0 0 0 0 0 0 0 0 0 0 0]
[-212 643 576 -259 -767 -630 -165 83 -663 35 -26 81 -5 -63 69 591 -49 58 233 -114 168 26 80 86 -11 -34 67 -35 157 -13 -65 55 -130 76 13 277 71 -219 30 -20 -112 -49 -21 286 170 193 -187 90 68 -64 40 -90 223 17 129 -152 22 -87 -171 -14 66 30 107 220 -153 96 187 156 17 -88 -43 -21 84 -236 -66 -51 137 -29 87 -64 -19 -144 71 -107 -27 -38 -30 12 101 66 -326 -23 73 -218 -20 273 -41 234 -224 289 51 -203 -7 -82 42 222 -16 -45 -96 183 -36 -243 83 301 -240 66 -99 -32 228 -13 121 -48 9 28 -28 -138 -52 -91 78 -197 97 261 112 194 0 37 77 303 144 -50 17 217 -84 -36 -246 18 45 24 25 88 250 -186 161 -71 -341 -10 20 2 73 102 52 -1 109 -7 13 217 -47 68 -248 -31 -150 109 -28 -212 225 -93 -165 234 197 148 -60 3 37 -181 -214 198 -312 8 -90 -101 82 -186 -214 -52 139 6 -15 97 17 -103 -171 -51 -123 188 -138 -139 90 32 -115 -194 252 -222 -0.2044348813098356513960602811501646169923e-24]
[951 127 63 891 -179 540 601 -707 -1004 -666 432 283 212 -234 -30 -235 105 28 18 -147 205 243 -28 96 309 36 -384 63 68 68 -39 80 -100 -164 -45 223 51 -160 -43 -254 48 -219 -105 15 -100 120 -83 341 -35 47 69 -180 154 167 -4 59 -26 21 173 97 -132 -95 -81 195 -22 88 -185 180 -122 -92 -58 -145 115 -98 -93 121 87 16 303 115 91 22 152 37 -147 -262 141 -197 -182 11 -133 -115 -102 -204 145 38 113 21 -68 87 -162 -201 -93 -19 151 -118 -251 108 114 -39 -27 -296 122 -77 59 -4 62 340 45 131 -50 107 -79 139 -18 13 -46 92 54 64 -50 40 21 120 73 37 2 -196 -31 109 -134 -18 251 81 -72 149 -177 -75 -106 -56 242 -158 -29 90 139 98 175 -85 32 -71 286 61 -85 -161 -111 -57 -58 -75 18 -22 285 111 -135 -32 62 19 -53 -13 17 129 -19 56 142 -293 84 164 -288 36 -64 149 -59 199 240 113 88 -56 107 198 181 -8 -67 64 -170 13 114 -211 202 7 -58 -223 134 -111 -212.8349999999999999999999998500651836036]
[898 -545 321 841 662 122 846 -553 -593 -508 316 211 14 -182 388 -568 22 16 96 -116 -148 126 -10 122 221 327 34 -45 -68 -55 31 65 -15 -30 32 -2 96 140 -280 150 76 -7 -50 42 107 -43 -256 104 -262 39 -113 -59 71 97 -111 166 196 199 86 -140 32 -206 -44 67 85 -43 -44 -101 -102 -69 6 -168 -22 124 -176 181 115 213 -81 46 33 -89 -109 -81 131 -176 -92 103 -39 -115 121 -124 -179 43 -163 207 85 -95 230 -99 205 129 93 54 41 -169 -140 139 146 193 155 -22 150 -94 -109 -11 -7 -38 -179 -281 58 182 56 61 -137 263 174 214 -266 49 185 -108 -116 18 -18 -51 -318 -111 -38 -41 -245 -126 369 458 126 66 -22 122 -51 126 38 -37 -42 383 50 -24 139 3 -192 119 -31 -81 -210 126 -48 32 -106 -30 -6 21 152 -129 -204 8 -86 -95 16 171 107 -130 -203 69 -63 -211 -96 -91 -35 -8 -102 28 330 201 18 64 -173 -144 -136 -138 -179 -45 32 170 -226 -18 0 85 -27 -107 33 -61 149 -82 141.8899999999999999999999994026361523722]
[677 -4 448 -502 -644 5 645 630 741 125 304 -316 159 437 -63 7 -55 185 -239 -213 24 4 69 -186 102 -55 192 -9 28 -40 -312 -85 -275 110 33 -283 -252 187 225 60 330 -130 144 -276 -332 -154 108 66 57 14 -55 -68 -78 156 51 -157 79 -163 121 91 -107 -159 35 44 142 151 -161 43 253 92 66 19 4 112 200 -92 -55 -70 156 -26 -44 26 -69 215 275 -26 20 -92 -35 74 124 45 184 153 67 -346 -102 -85 -147 -172 -2 -136 -61 -112 -312 -23 -109 154 138 -123 118 305 38 -119 -48 -44 -64 223 -165 78 48 65 -102 -44 196 -17 -273 94 -34 11 -215 -120 155 -155 -212 69 -100 -215 72 -51 -117 -245 79 -34 65 -94 72 -30 -25 -41 -149 -4 -80 131 131 162 21 6 265 -173 152 -105 127 -97 -20 -119 120 28 184 -44 -116 -57 41 25 -330 -59 -20 -156 -170 137 -61 -9 -216 134 -35 293 25 -62 -42 7 -96 -140 -22 -29 12 -113 299 -66 -204 33 -93 -164 125 161 -140 4 164 -102 201 252 -211 -165 -70.94499999999999999999999890967406969148]
[575 319 -478 614 221 -56 33 178 7 969 -40 -148 121 208 -47 299 185 -279 -114 209 -268 -354 227 -26 -197 -82 112 -18 -81 234 -161 80 -11 223 68 -49 85 311 -11 145 -290 3 90 -30 185 -157 182 27 115 241 -57 109 -181 -139 -59 110 -163 -141 71 48 66 67 -57 -250 122 -38 -197 136 280 199 -212 237 89 -19 12 114 -241 -70 -85 9 80 -74 -111 128 19 141 116 65 45 10 74 143 -92 -92 -31 83 278 -181 217 56 -115 84 -233 -245 34 -129 122 83 -45 23 -149 113 -292 -52 65 -43 39 -9 -177 -35 104 -245 180 -219 76 -14 -123 78 186 -193 -209 64 -138 31 -162 -224 -9 -194 -213 -232 288 217 -266 -202 -120 41 105 225 79 49 -88 354 -29 -19 24 -113 -84 68 -57 50 -295 -201 -56 71 217 5 58 -63 -27 -18 -52 -101 55 155 -85 332 -1 -37 58 43 290 -39 -133 83 135 -190 93 76 -56 -56 85 143 -4 50 -168 91 -132 19 102 17 26 69 131 -145 139 258 -267 -21 -147 25 -204 398 -0.8222770531661738654889693873081650543622e-24]
[917 -63 4 -562 299 -141 -235 79 -642 314 -54 278 247 -112 142 -335 18 84 310 -328 -75 106 -148 -55 223 31 -33 14 -222 98 90 245 -291 -210 -190 -209 -247 513 -89 159 66 184 22 1 -212 6 -136 46 -60 -114 -23 3 -164 3 -90 -3 171 193 121 14 -39 -48 -297 25 180 109 -167 -131 221 63 40 -84 -207 357 -199 -63 307 -15 -97 49 113 218 -110 -126 283 -215 21 14 208 -128 103 -51 24 153 88 145 -30 47 175 3 272 -84 118 -33 -362 -207 3 36 142 -34 254 -125 49 134 76 -173 207 -115 -261 7 -170 99 125 -36 -17 181 210 230 -56 60 17 -10 -210 -202 -158 67 -275 -84 125 42 -389 -280 262 164 11 127 -6 -121 213 -29 28 44 -1 333 -65 292 -47 34 173 -190 210 71 -13 -312 -24 -87 -86 -269 109 53 181 -245 -132 -84 -270 -133 -5 -60 -75 -46 -156 162 -150 -80 222 70 -67 -24 185 -64 178 -215 39 77 39 -141 150 19 -89 -20 35 -19 -133 -10 -91 -59 179 -166 171 170 8 -167 141.8900000000000000000000030129748365302]
[-782 -883 -680 -299 -248 -462 215 -717 -642 998 329 96 165 -46 453 -412 20 183 -93 -368 -5 215 -69 -97 9 118 -213 -93 -276 180 177 -50 -282 -552 -302 -179 -188 256 -168 165 194 99 -92 -270 -118 -232 -21 300 -212 41 48 -18 -146 185 -322 -112 -51 118 110 7 -37 -39 -232 -34 74 -51 -189 -58 164 113 86 -41 -56 256 -100 -127 -198 -120 74 31 -147 121 -76 9 193 60 -330 43 -108 -279 384 59 -174 28 95 140 186 27 279 -167 -81 114 56 163 56 -145 -67 -42 269 31 126 92 -43 19 45 60 256 116 -159 -69 -200 55 44 -200 -127 165 7 116 -200 87 -175 -111 -156 -15 -137 194 -283 -6 -4 -27 -90 -106 367 -36 188 269 104 -52 -7 7 81 18 -299 125 -121 42 -8 133 -192 -197 275 5 -120 -135 -158 -267 -190 -123 256 306 286 5 -191 -70 -127 133 217 100 5 -72 -26 129 -90 -223 -59 -15 -51 130 -171 -115 146 145 80 137 -261 67 -126 -211 47 76 334 22 -27 -168 39 46 -122 -63 42 -48 -36 144 -70.94499999999999999999999844150721054815]
[404 -695 917 94 -974 167 -115 -915 816 302 59 -319 -212 301 -59 -241 101 148 208 68 -93 -229 -23 207 11 161 540 26 122 -350 -152 25 -24 198 397 36 105 83 -58 93 -30 228 136 -105 -92 -157 -56 102 -87 5 -71 -89 237 -211 11 -100 27 -156 -276 -247 73 -235 137 -67 -138 -13 180 139 85 30 -3 8 42 -56 -2 204 71 157 -60 -450 0 -251 -73 -164 134 -115 -98 204 268 -269 -77 64 248 177 -89 324 -60 -82 -344 -12 159 41 -90 -59 -355 -95 149 52 -66 130 53 65 116 160 -254 -129 -150 37 -222 -56 -58 -64 167 67 0 -33 -91 30 66 -220 18 183 148 48 -108 -56 -216 -182 -87 -272 -139 -65 26 154 -76 -402 339 8 52 286 -101 238 157 -4 146 10 383 -43 177 90 -152 -386 -32 -14 133 321 -109 334 146 -111 -206 -55 -37 64 -12 -173 -96 -55 4 41 -265 114 -223 75 -138 167 114 -130 -27 28 338 -315 -316 74 -40 -158 -22 -232 -299 -147 47 172 62 82 -50 355 -192 -204 20 191 25 -325 212.8349999999999999999999970944162694856]
[-656 -640 971 -652 -335 -104 378 -648 783 -188 105 98 -163 -25 300 -512 37 -21 81 176 277 -119 -141 -18 -1 108 -126 -52 -227 12 229 -18 116 -480 -121 -41 0 -150 -143 -17 -67 37 -106 -191 81 -180 35 135 84 -188 43 134 -16 25 -109 365 -112 275 134 -184 134 222 -133 159 -64 -72 64 -83 -77 -175 110 122 -86 30 20 105 -243 108 -80 31 118 53 -168 241 -139 315 -132 2 -162 -41 -141 -52 16 195 -69 38 160 -214 69 -61 -304 261 125 228 36 -137 30 -99 9 -2 -233 -36 -44 37 -134 -3 128 192 -35 -326 -145 109 118 -44 -41 -223 230 84 -117 100 5 37 -147 171 108 -21 -51 69 90 -82 43 -261 103 204 193 -42 -111 96 141 10 -170 164 -183 -155 244 -179 117 -292 -171 246 189 53 -97 186 -298 -38 -238 81 149 240 64 35 -157 142 120 67 84 -98 -196 -176 -230 109 225 -32 53 -151 56 228 -207 -23 73 275 -98 112 -375 131 -367 -102 -33 88 434 -25 33 -105 233 250 -196 20 -409 17 205 -21 -141.8899999999999999999999970692234600519]
[-682 -417 -44 690 181 -690 498 602 -788 -318 261 -145 -277 459 207 502 115 -223 176 27 416 -166 -13 -144 -128 -106 65 -231 48 -144 -111 -145 -94 -106 2 404 -294 -305 76 -7 134 -177 -191 -379 -65 2 -19 -34 180 -3 -54 -30 241 60 182 -49 11 -134 8 94 111 24 48 302 -12 176 -190 84 87 -2 49 195 97 -426 300 114 -160 -204 83 -99 -146 -40 -147 131 -89 277 161 -237 -310 -28 -335 -47 247 -247 -281 -82 319 286 -329 -172 -355 -31 8 29 -27 109 -63 -94 105 -92 -14 -17 -71 249 -168 124 -117 573 186 4 -29 -61 18 -38 160 -311 -302 -27 -26 -103 -152 124 279 361 -70 115 59 -5 -30 -302 234 54 40 -63 -201 -75 -151 62 -5 10 17 -392 38 -91 22 -164 67 140 -168 172 192 -45 150 46 -32 -96 -123 300 151 202 6 293 -145 -46 317 -31 -151 281 -69 286 -207 -131 104 40 -43 270 -236 60 -356 -101 -43 210 -108 -116 -253 193 -91 43 108 76 -40 -68 -187 132 22 218 18 -4 -264 19 134 19 -0.1757455879087578940568465366879602473835e-24]
[152 52 817 -943 247 327 471 -137 -388 -601 -189 148 -106 92 361 497 -267 -46 138 -41 114 73 66 -5 -97 16 128 -182 -113 -110 59 -79 10 -97 -293 44 -10 -565 -74 -45 -55 -154 25 23 106 62 -94 68 84 -4 -68 312 -57 86 41 82 85 169 -220 -69 112 70 -45 137 -88 164 106 -288 -78 -102 381 -35 -14 -268 309 161 -159 -254 -99 145 -45 197 11 -60 121 126 -30 182 35 150 -91 11 -274 -31 -147 -112 -437 383 60 58 -43 144 106 -51 414 135 63 -69 -96 274 -73 -35 140 165 -325 373 14 -258 357 -218 185 45 56 -63 204 -301 81 -94 -8 165 119 -51 130 49 341 133 127 360 231 -59 -82 -61 124 299 172 159 -42 -40 -31 8 176 -198 65 -59 -200 -219 -290 33 -36 201 130 220 6 125 -178 -89 -228 72 -106 186 -179 146 73 -206 195 84 -21 431 214 -87 -7 -35 51 -153 -318 -112 -50 51 -138 -296 247 -6 -186 102 -64 208 -25 -9 39 157 -171 -278 -69 75 62 53 299 18 52 -265 27 135 212.8350000000000000000000048911451143428]
[846 994 718 904 -884 777 -201 -104 -269 449 -32 32 -183 -291 -266 -654 -110 -228 99 -23 374 144 -217 99 76 256 -335 57 5 -433 264 -176 146 -47 71 32 -171 -61 -156 92 314 134 -143 -275 -137 152 -85 -192 -122 199 181 -153 233 27 -107 176 -230 109 103 -61 -1 -12 -66 35 -78 -114 -8 -253 -335 -132 271 -163 -31 255 -159 150 312 432 -90 -18 -63 89 -27 -307 -143 9 6 -187 -133 157 -24 -118 134 105 -27 173 239 -124 -21 -135 14 -116 127 225 -115 -179 -128 -62 -33 -346 118 -189 7 -165 123 -181 7 364 -219 82 -336 195 40 134 -103 51 -118 40 -274 62 283 -193 -198 -147 141 33 -149 -163 -300 207 -15 -221 40 254 280 116 -88 2 52 100 -108 -278 -101 -40 353 152 259 108 -136 -130 -61 15 -108 -31 -205 -59 -49 133 311 -21 394 -97 23 94 111 -219 96 19 -90 -61 -241 -163 269 152 72 95 -19 89 -101 262 -149 43 159 182 -304 -110 26 -65 -49 117 256 177 49 -409 -53 -112 -163 60 -104 47 -74 10 -0.4042262117871783389007449632736486411222e-23]
[-831 331 -973 -982 270 603 -458 -131 250 13 33 304 -171 -369 134 -235 123 405 203 -76 202 234 -75 135 128 -80 -222 50 150 -7 161 367 25 -226 -217 160 122 -203 81 -17 66 -3 -322 100 -185 302 -326 -87 -124 -277 123 -151 252 -210 -100 -240 69 34 180 -200 91 35 -55 117 -172 -231 400 46 -246 -292 -334 -131 -150 -143 42 -47 98 270 -4 23 -65 -3 3 -30 -156 -38 90 -6 46 -126 -174 -111 116 -106 -118 188 49 113 165 352 41 -134 158 213 228 78 102 128 209 21 31 -238 227 -66 13 -306 42 46 124 -170 20 130 -11 233 -135 -120 502 -4 17 44 270 349 -6 -97 162 240 60 25 154 -40 73 307 -38 259 -66 150 -130 -97 -88 27 51 -173 308 9 -259 4 76 -223 -144 199 202 48 152 -107 30 187 92 17 -207 -119 108 389 73 -118 218 -254 -219 -55 159 78 -230 27 339 -179 97 19 -163 -130 69 76 38 22 -1 10 230 -139 129 100 34 -80 154 6 -257 -19 -52 -337 308 -204 48 -71 339 -404 -70.94500000000000000000000074438151950554]
[-907 410 -31 255 -33 782 -676 -656 -841 -901 442 18 26 83 339 -274 164 42 17 -93 -57 42 68 -141 238 151 -122 21 169 -155 -83 -103 -239 -59 114 -110 -65 74 80 75 173 -54 -177 -100 248 -229 87 -33 -233 -102 80 -63 -130 346 -124 286 -68 83 104 208 3 -112 73 178 31 259 -119 -89 5 -213 -12 -10 65 52 -79 -35 34 101 330 423 35 -310 -227 -121 -6 -27 3 -236 -277 127 -192 -41 12 -223 -85 -86 68 -252 -274 -198 100 -85 -64 91 -241 191 -241 -55 283 10 16 195 -33 -281 -300 -57 -237 128 -16 -121 116 44 -46 28 -97 123 -269 134 -336 -100 -105 -122 -109 49 -161 112 -282 7 -31 78 -92 -119 489 208 168 26 121 276 -117 195 92 -260 -175 188 58 -16 152 159 -187 -8 214 -87 -103 121 -171 -144 103 -101 -21 152 216 -316 -128 -10 -245 -302 48 -31 -111 -21 160 -172 9 14 -116 75 -287 33 -52 -2 -179 363 98 -20 -62 35 100 -398 -176 146 95 -71 -116 40 -55 -63 -6 -46 -162 97 229 -225 -425.6700000000000000000000015141949048534]
[258 -176 18 -706 267 182 -289 733 -403 -44 -289 -238 -299 -184 259 -139 -208 153 17 -67 -327 -84 63 59 -145 206 50 -34 -3 220 -61 73 40 -211 142 -81 35 64 -149 5 37 44 -172 300 143 26 -69 -130 43 -20 120 88 144 -55 6 -86 144 43 -213 -178 47 182 98 31 -30 -134 153 -229 -40 -11 -84 -52 125 -52 -312 42 133 115 -176 -42 -238 -7 49 12 -32 246 -307 235 150 -369 141 -65 7 -34 257 -40 -67 -24 -38 -197 118 204 221 71 199 -105 -104 -130 159 203 306 90 -60 108 -234 253 -12 -528 45 -79 244 57 -80 90 -224 346 -15 -101 -174 -141 -56 -253 172 -81 -49 -132 -70 297 116 -107 -20 137 -95 94 65 -349 140 122 -116 135 -142 34 145 87 -88 -127 -77 -297 204 200 -135 -25 44 286 0 106 44 33 -164 -347 -264 108 -210 37 -221 -152 -77 95 72 -45 5 121 -164 49 53 -48 205 -137 -162 -195 110 -17 -185 -206 78 -81 -329 -335 -235 -252 83 71 111 232 -120 103 -206 -35 17 156 185 -255 141.8899999999999999999999987082239856115]
[-902 51 -956 -794 -380 600 -162 -899 704 -694 -156 -148 -220 211 196 214 -219 -74 282 190 -125 -208 -155 -65 -189 173 179 -106 -144 -21 5 -237 247 -161 243 47 -398 -258 -309 -97 -133 56 -19 56 -73 -30 -126 118 104 -87 -221 130 163 -15 314 217 -28 -219 -377 -21 92 -13 135 76 -128 -35 39 -159 100 -130 353 -22 91 -278 -45 98 224 -40 -204 -67 -79 8 130 119 158 145 -93 211 112 -399 -27 -49 66 -218 -235 250 6 223 -304 -419 -271 216 -27 233 -14 -179 -149 -163 9 11 41 33 -285 201 -645 133 24 -11 24 -22 114 -79 148 5 -28 -2 -410 129 -147 -32 -219 90 230 -28 -18 -8 -88 199 39 -330 5 -89 121 -228 -4 -493 193 37 -24 -16 29 -52 105 83 -7 -166 162 139 219 145 -22 -379 132 128 -121 -26 -131 335 -53 -46 -40 73 -140 -155 157 -132 -122 179 -88 -65 -193 -12 -281 110 -229 159 79 13 -380 -257 65 -118 -125 62 -279 87 -518 -185 7 18 -15 166 186 200 -179 500 -331 89 -120 11 -23 -103 141.8899999999999999999999982117717298506]
[-703 -993 365 380 379 -858 -735 544 -195 108 -377 13 -333 -150 -77 104 -49 290 -8 -108 75 275 -189 2 -189 12 -178 -24 48 2 285 -301 12 -307 18 65 -166 -20 -204 -34 60 392 22 372 -36 -141 22 -65 -217 -194 2 -48 88 -34 -139 -319 -282 0 -160 103 2 -78 70 -181 -303 -99 116 20 -74 69 -304 -104 -73 71 -183 -144 276 -171 -41 -112 -193 -39 -68 -220 -107 12 -285 -120 155 -43 129 -5 -16 -286 116 233 -62 -86 -220 212 145 -90 139 334 19 309 -24 -485 -156 52 280 105 -151 -24 47 117 -44 -87 139 57 -116 -89 88 35 -291 225 78 -202 -84 -25 -5 92 -27 -42 44 294 46 209 -17 -10 207 200 -94 -311 -200 -23 175 -137 152 0 47 -297 -14 -153 -334 -88 34 166 -191 117 -47 195 215 -86 127 81 150 37 -61 61 2 194 -89 -264 337 -88 14 -28 281 -203 0 -53 1 4 -339 120 251 255 144 65 -186 -181 -171 6 255 -55 50 -371 181 -158 20 -133 161 -76 -220 -211 -384 143 -120 15 6 71 -0.1315302497154822707682413152952861923328e-22]
[537 23 -423 959 729 -705 931 -182 876 -912 -466 224 -254 -82 17 369 -255 -193 -65 93 -125 28 45 132 -298 -21 -49 140 121 211 177 -111 450 192 167 -23 3 -232 92 -236 -248 -37 -76 191 50 243 -80 -26 108 -115 -247 -28 127 -171 156 -219 238 -235 -137 55 77 107 184 -122 -9 -171 365 -95 -199 -250 372 -138 -41 -296 402 -32 -9 -64 -151 -182 -151 118 508 -40 -9 126 -309 189 60 -51 -19 74 -6 142 -58 -218 -73 363 25 -155 -152 62 88 285 382 84 11 9 -279 -24 -206 -26 152 78 22 95 -160 -370 362 -63 238 143 -300 63 7 -23 -71 -169 -121 433 309 98 96 -176 165 0 294 360 88 205 -63 144 194 -201 340 -27 -74 -102 -82 -105 -10 -105 114 -174 -116 -197 -78 124 94 -188 -276 -257 26 32 -28 126 -27 39 -282 -124 132 30 312 56 222 -79 4 -68 67 -83 261 39 -38 7 20 -189 175 -137 -2 -145 -17 -120 273 -46 96 174 -285 313 45 18 55 5 -62 45 -68 -204 124 70 237 8 -106 208 0.2244277720917569745924151299086915511957e-24]
[566 -885 57 -292 -18 -342 105 -41 -623 -238 572 137 301 192 231 127 20 170 -183 -171 -96 -95 120 -176 414 20 -45 -152 -190 236 -188 -88 -141 235 -87 -396 114 119 181 -218 -157 -208 304 90 272 -69 77 304 204 -104 -281 131 -178 254 206 237 312 115 239 -40 -74 -103 -108 6 53 105 -224 112 125 81 -256 242 -168 -6 -3 -177 -341 -392 271 214 238 -220 -63 269 65 -274 106 -156 -228 501 -132 121 -335 -90 -176 -134 -125 -322 -8 205 -83 110 -56 -259 -221 123 -157 142 -219 122 -6 34 110 -107 -131 -51 -209 -111 80 -167 407 89 -76 -251 2 -102 244 232 283 208 -79 -72 37 146 -48 -210 72 -156 117 127 -139 -207 38 -37 -183 144 -18 143 175 -160 179 296 -16 282 17 12 -1 -35 40 227 172 83 -250 115 5 -114 -16 22 -144 127 -130 -173 75 134 -251 312 60 -128 -326 -60 -187 31 -155 -398 -120 18 -132 114 -45 -27 -54 88 119 -115 -131 178 -6 327 -62 47 -292 -97 -137 400 96 174 -41 154 -98 -73 204 -77 -212.8350000000000000000000062352378790946]
[-974 -743 886 660 654 389 -287 57 835 237 -450 24 79 -67 -161 290 -197 -287 53 107 -381 -390 -290 -97 -505 -105 133 -207 -42 103 105 -144 373 -33 110 -86 -197 259 130 62 -212 191 -181 -29 59 -133 286 -127 -158 -7 -233 11 -38 -250 -89 -156 215 -105 -390 143 114 154 -145 -282 181 145 -24 -52 -66 183 329 -146 -46 -65 43 60 129 -182 -282 -363 -167 226 46 -66 -107 91 35 247 116 -299 154 40 -14 170 228 -136 -54 316 131 -376 72 296 68 -111 -29 -244 0 -73 -30 -130 -96 -113 -37 191 82 180 41 -299 44 585 -236 -256 -168 -28 121 212 -142 -191 206 48 -185 -239 376 -17 172 -31 226 140 -144 99 46 -153 -12 -411 55 -279 74 -104 -159 -215 81 15 17 -150 142 122 -191 128 87 -78 -300 -167 99 -148 144 -328 -69 -47 325 87 100 135 109 164 20 107 196 -66 -257 -96 109 -54 -260 249 250 -51 153 -496 207 -109 -40 -71 250 -271 233 130 4 212 133 44 -15 233 30 -26 202 142 82 27 326 198 -257 253 283.780000000000000000000019580713104645]
[-955 946 -246 -940 -399 860 447 904 431 356 -305 42 -213 -88 -41 267 101 422 130 101 -146 -29 87 88 -56 -78 240 -60 198 -151 -207 94 177 186 170 -138 43 -451 109 -71 -205 -82 192 214 -183 14 -6 -1 -122 -228 -357 26 -132 -30 85 -103 -35 -124 -204 -226 3 -26 61 -209 -446 65 544 -44 60 -214 -95 -212 -107 -34 368 129 110 106 31 -8 -126 -175 -66 78 80 -11 126 133 176 -101 -178 88 326 -246 -137 54 -677 -36 -153 175 22 109 -7 8 100 205 33 419 89 153 -168 74 226 -368 -455 46 -125 -165 86 -3 327 148 -50 223 63 -206 115 -149 190 84 21 142 416 47 176 250 353 -128 96 -140 47 315 -49 -4 -28 -338 409 -72 -366 -87 -116 -43 399 21 -55 -198 12 -17 220 240 -103 5 387 -10 -73 361 138 340 -370 -213 -200 264 111 -118 110 -129 -118 -219 278 -125 19 -107 -158 169 -263 192 165 -85 40 -206 -97 -350 -60 90 263 17 156 -75 -85 -62 -180 -149 161 33 -342 65 197 -41 115 24 38 -639 70.9450000000000000000000085891488380471]
[56 852 361 394 228 121 -992 -293 94 141 231 -192 -87 137 46 -494 -234 257 -305 -384 -52 322 40 -213 180 153 -26 -84 30 -149 -75 -157 272 -61 -23 -639 63 63 -12 300 305 40 -59 -168 -200 176 83 -16 -22 105 79 -242 82 16 12 -525 169 -113 -16 -168 173 -253 95 -255 -56 -197 262 -289 -320 -93 75 -85 -287 65 154 -90 -78 385 5 -103 -123 -60 150 26 333 182 -107 210 -148 40 269 128 248 105 -88 3 -67 -269 154 -46 257 172 177 45 -68 -32 -23 295 69 26 370 242 190 -305 -125 -184 -242 -165 -363 -106 241 194 -139 26 -119 106 -26 -78 -312 150 199 -185 100 -320 25 191 -299 72 -228 203 48 -59 -114 174 378 154 441 118 -267 225 -35 173 -45 182 -78 31 18 25 70 -71 -172 -144 -55 188 30 -72 52 263 107 -96 55 151 315 -48 -225 56 156 -300 20 -107 -13 -82 -194 -248 -167 232 273 -257 -42 239 -204 -41 32 -28 -208 24 -68 -184 -468 227 144 207 210 -202 -337 -62 -183 -230 251 171 -182 -166 70.94500000000000000000000956573339516174]
[652 273 704 568 910 669 96 -220 243 216 193 -149 38 60 -92 -298 15 -119 -321 217 177 184 132 119 313 215 154 74 134 -291 41 -11 16 407 -108 -97 390 -110 134 93 207 -205 97 -204 29 240 -351 -326 -215 277 80 -29 105 137 0 440 235 227 265 85 -152 -434 169 304 319 -170 -118 -205 -417 20 124 -202 10 -86 -174 -111 -215 205 118 302 14 -93 87 -223 -101 -186 140 43 -97 185 402 -241 -153 36 -118 -385 -145 -57 192 -139 276 52 -120 42 329 -225 261 223 33 -310 349 49 165 -518 362 -212 -49 18 131 -47 247 -16 -89 -21 90 295 158 156 -357 27 338 -185 69 -295 141 -49 -110 -194 -15 135 -87 -114 -175 440 185 219 -293 -58 -168 -100 61 -74 -9 157 79 211 -15 -65 -284 86 -41 64 -156 186 43 -164 196 89 -16 -227 -86 -80 -92 -57 -135 -249 227 313 -3 28 -31 -228 53 92 14 -254 132 -237 50 244 201 138 320 -180 -207 -96 215 91 -221 136 -335 39 -222 -34 79 -170 388 1 236 -165 79 108 141.8900000000000000000000001023999515139]
[-61 -906 975 229 -841 -747 -279 366 174 402 -294 151 -65 -455 -154 -332 276 1 -82 393 282 155 -59 251 -6 -64 -193 208 35 317 172 369 45 -11 -68 -67 139 -154 -44 -355 -258 -141 -3 22 -17 90 -224 -429 -106 -169 -30 114 -383 -8 142 608 -296 259 195 -39 -75 125 -96 155 -162 -40 -165 -97 -231 -65 -20 -70 -119 108 85 -110 91 172 226 264 238 85 -28 131 -108 78 430 -223 -106 -68 129 -191 -166 -260 155 -293 -286 -110 43 -114 -240 90 -114 234 253 -81 86 59 233 -278 -439 -122 -89 -508 347 -121 297 46 133 -156 105 275 -52 73 -157 89 267 245 -126 211 -10 -21 -12 -49 156 50 237 -346 283 -66 -325 -6 -156 144 -21 -139 -213 -288 -27 -710 -151 -53 -7 -71 55 -25 106 -386 -16 84 149 548 366 -68 -274 -14 225 -242 -321 -56 61 75 -155 7 126 -385 -136 -263 20 -127 37 96 285 306 405 -275 89 245 157 105 10 64 212 61 83 111 -104 104 248 -71 -192 -134 -46 -134 229 -141 256 40 -202 21 291 -231 -212.8349999999999999999999986861798040405]
[-179 600 297 798 -160 -132 -837 939 -939 729 -213 -411 -155 66 -102 -223 -98 366 -156 95 -15 290 -191 -327 -113 -55 -82 -30 -10 -404 55 -413 -87 -115 102 113 -295 -350 -185 -90 345 309 -3 -19 -173 -145 95 120 -54 -52 78 57 -75 70 22 -258 -391 -271 -446 87 -100 83 162 -409 -131 -172 75 -134 -111 -50 63 -28 -5 44 208 -42 -11 -195 -194 -163 -223 186 8 2 24 -12 -173 -32 117 -25 129 -19 -59 38 -65 70 -141 45 -203 -84 -137 110 273 199 113 104 -221 -541 -28 -6 180 337 -127 -49 127 109 -8 -33 -106 183 -130 -4 -31 -192 -105 14 -165 -211 42 255 47 -140 -163 -282 163 15 64 14 -101 202 25 -34 21 -159 303 -50 180 -112 154 246 -48 -4 -131 -268 -3 -20 -81 448 -160 -199 224 0 -41 -116 -4 -34 85 85 184 8 -50 -41 74 -4 17 252 17 127 -38 18 183 -172 -154 37 -296 -59 179 319 154 -33 -376 -314 -183 262 148 -143 110 -539 50 221 211 -150 257 -22 -10 -31 -335 16 108 14 -497 408 70.94499999999999999999999097958986652846]
[-561 -509 336 -744 213 -286 -468 200 -713 -908 134 165 319 -124 -134 -55 -404 537 49 -143 -70 13 -340 110 41 -329 -69 -61 -109 -77 155 213 -31 -227 -214 -142 -192 -357 151 -448 162 -34 3 122 -374 -8 -153 69 -182 -406 187 14 125 -325 142 -29 -24 -144 -275 -174 -197 120 -207 3 -238 22 159 151 5 -8 -14 -288 64 -107 229 161 432 -16 111 -277 173 168 -147 47 22 -399 342 182 235 13 -225 -9 -361 0 -5 193 -297 269 -164 227 -137 -138 -195 -52 -122 13 -117 -113 56 38 -340 -272 -17 210 -189 -144 68 -36 234 294 -230 127 218 156 -22 -128 410 65 521 -41 -72 227 152 -130 118 79 146 -131 288 22 -20 -156 -137 -94 -145 -402 -9 -391 27 -368 285 159 383 -4 42 137 94 -198 281 224 366 67 146 -506 -35 -35 163 162 10 -190 -5 141 270 -254 31 -82 -201 -147 -174 -49 -638 138 75 -105 -139 145 -249 -200 54 -95 153 -579 -78 121 406 -108 333 139 253 -88 -136 -17 -151 457 26 21 223 53 189 -255 208 -341 70.94500000000000000000001282001813202636]
[620 -456 384 -227 -347 -560 -266 -928 697 287 245 95 -116 -270 -76 -96 74 257 352 -481 314 94 -5 202 289 390 -199 -39 82 32 -234 190 -83 15 -55 81 -93 -45 -170 -33 133 -226 -66 -53 -132 229 -127 152 -61 202 57 -279 156 -8 38 -346 27 -75 88 -397 232 77 -396 81 -342 -44 -212 -44 -173 -110 -186 114 53 -5 -56 163 277 113 133 -189 -103 -121 -125 -163 216 -32 244 -125 -19 -17 -101 77 243 -186 -59 273 21 -261 -288 265 92 -73 50 -242 -351 -101 -367 254 158 11 496 -288 8 -123 -243 -130 119 193 -361 -166 186 169 125 81 -278 -162 8 253 10 -148 -12 -22 100 66 35 209 -236 -384 -107 -352 -42 208 -62 234 -395 68 -29 97 86 66 238 28 186 256 -243 114 200 29 310 412 -104 -63 262 -100 25 85 71 243 162 -131 100 367 -72 -115 240 -119 -442 79 238 85 -550 73 5 -386 -26 499 -324 57 -230 115 120 238 -311 201 -141 31 -8 -57 -150 -84 -6 216 78 -122 -72 -54 -80 -152 10 95 165 -683 70.94499999999999999999999452059083256109]
[-439 -619 476 823 512 -929 -495 -651 -667 525 311 -221 120 266 -201 83 249 282 -18 672 137 -5 -70 -157 192 -98 149 -25 226 -216 -185 -179 -26 51 168 188 168 -38 30 -47 -156 -117 -82 145 71 -198 285 16 23 -288 48 -124 6 11 221 297 -76 -21 -25 204 5 -193 274 317 33 222 -173 326 -291 -132 -408 231 75 -188 325 -116 18 53 121 100 233 -181 -42 331 -104 11 246 -255 18 -74 -173 -182 220 -22 16 -269 73 -335 -382 -206 -73 -180 -119 -18 -181 121 -135 -151 58 -24 -97 -43 -130 -4 21 -260 54 374 52 59 93 -184 35 -23 -200 128 -300 129 176 -340 -256 199 218 -76 -5 76 -46 -12 -71 26 31 -206 31 -229 -517 -570 -143 70 19 113 29 54 -253 -179 101 -84 203 -142 135 269 210 -60 336 2 57 -14 166 57 21 108 93 46 -188 -27 155 -170 -244 -248 -167 -12 152 34 52 88 -22 195 -33 66 51 298 -291 267 -206 -172 206 -79 168 -252 35 104 42 -28 191 -69 161 78 103 -216 -249 109 171 -246 -212.8349999999999999999998969382944034592]
[42 272 -169 534 -670 -736 -657 25 351 742 108 7 243 -149 -101 -241 46 36 -249 34 -78 330 -153 -128 204 -48 41 318 375 -404 -66 -229 274 366 118 331 28 -289 -138 -115 297 -28 -48 194 -1 324 -185 -86 -231 -104 55 -198 59 238 332 467 -124 -169 -137 225 -258 -157 505 -122 85 30 26 163 -197 -350 40 -492 24 176 -6 109 485 506 -23 164 127 -114 206 -51 -23 -414 79 -136 -264 267 -121 -193 -320 -192 -472 113 151 33 -317 -261 -14 -219 12 82 -57 345 -367 -120 -88 -23 -276 192 -103 -185 -149 -140 -148 40 -74 -42 -39 206 -112 142 -269 111 -40 -145 -403 270 398 70 -291 -93 -139 -167 -239 16 72 382 -180 -80 132 331 260 -60 -47 -72 -99 80 -57 -321 51 107 -4 -18 178 280 -138 -220 -47 125 -138 86 82 -42 85 -105 -324 -277 -16 -285 47 -11 25 -202 -203 47 127 -30 87 -114 199 182 -353 -115 -51 38 129 381 -219 -218 18 117 32 -378 -125 -219 -30 250 -239 14 -86 256 -137 -231 40 -64 -92 -195 -247 72 -141.8899999999999999999999885925028257814]
[383 366 -544 -352 -975 -424 135 -164 945 -694 318 -130 -289 -127 -55 -325 -168 -205 -76 213 -231 -315 113 147 106 316 -290 -229 6 -248 -49 -41 -47 420 376 -49 51 196 154 -28 457 -329 -196 -196 328 -195 384 -303 90 107 -78 93 212 220 2 117 244 -43 299 -135 100 125 32 294 318 -2 -121 -199 -202 -132 -45 218 255 34 -112 362 64 69 -146 289 -211 -98 -462 -33 -73 135 110 -125 -279 374 -485 -52 109 144 80 -518 196 -158 -13 -251 59 12 237 -153 -212 16 -335 -115 306 -158 243 -59 42 -146 106 162 -378 83 -66 50 -64 181 -16 211 -129 272 -400 111 143 -116 16 -591 -52 23 204 -274 16 -156 -185 95 5 -161 386 352 176 -253 -331 411 -59 307 -248 -252 96 92 527 -8 24 13 0 21 -120 -186 -50 39 -242 -62 243 113 310 86 206 -51 36 479 -356 -404 -182 51 -226 86 -181 -6 350 39 316 43 -331 -154 -78 -126 -318 558 227 -261 133 -223 229 -170 -156 46 163 290 -64 -126 283 -25 113 146 133 161 150 -104 -283.7800000000000000000000382943996644344]
[-436 -223 170 -862 799 -138 125 -173 555 629 -283 -134 -180 -202 63 -219 88 -277 184 -175 -76 21 257 108 -12 299 178 217 45 -195 -147 96 -117 222 45 164 -17 14 -32 -34 248 -123 80 -345 89 48 -54 -304 -85 -103 113 247 -346 280 -147 170 211 57 54 -127 62 136 -26 -7 56 194 -264 -411 -52 67 235 -17 -20 319 -22 81 -19 57 -118 378 -51 -152 164 -278 120 -128 103 -256 63 60 47 -34 -67 119 -20 -293 -180 140 12 -222 -12 -80 467 -221 1 94 121 15 165 35 210 313 6 -108 155 64 14 -229 -231 1 -159 117 -172 61 122 -217 126 -69 -64 369 75 -454 -365 54 -34 -28 18 -63 19 17 -292 -97 189 413 205 152 -115 -23 14 134 -230 -233 31 294 -42 42 -420 190 75 67 -172 172 -22 124 20 132 -181 -359 -29 54 -175 -312 8 123 -130 -321 -89 267 14 100 -6 -250 81 182 169 -265 66 3 208 54 171 283 -155 14 -10 -165 129 -252 -157 19 -190 -62 -104 -48 111 -62 117 99 49 246 -194 22 212.8349999999999999999999321750702089989]
[-545 838 701 -555 -26 -781 -152 557 -569 773 -171 296 5 156 184 435 -287 -340 330 147 -365 -67 -8 -68 -194 -33 185 -38 -149 96 -116 62 152 -68 -55 516 -209 -45 -205 114 -241 9 -31 311 -70 -114 -259 -27 27 -116 31 311 172 -247 68 -251 247 20 -304 11 -23 135 -29 -85 119 182 -12 -18 303 -19 176 -101 201 -118 -29 -90 278 14 -389 -202 84 2 147 36 84 12 238 341 412 -326 -91 -67 65 271 -96 293 40 238 176 7 264 13 26 -79 0 -135 -148 156 -189 537 52 -129 -166 471 -99 297 91 -189 228 14 -23 -146 181 106 68 19 201 -140 -3 -153 26 75 -235 135 -254 -106 -43 258 93 -368 -28 -37 370 -84 -106 97 -211 76 99 305 90 123 15 97 -73 -67 -145 118 -69 -25 -134 -127 -163 127 174 207 -172 -147 -161 197 131 -378 -207 -353 30 73 -153 260 124 9 3 6 -231 -114 -107 45 -283 171 174 -327 416 -37 -214 85 123 -108 -20 -79 -179 -196 6 77 -256 205 -266 152 3 233 -3 -99 -6 128 638.5049999999999999999999656674647792031]
[-1003 -735 331 62 -410 -1009 394 793 439 -994 -118 70 207 -240 -126 433 266 -192 304 168 -388 -427 211 249 38 -98 19 32 66 201 25 202 185 182 211 198 171 133 196 -356 -604 11 -38 90 343 224 -152 159 6 -132 -146 115 -73 127 -55 692 214 11 -74 133 -148 -104 37 85 -48 12 -95 112 -98 135 -244 -18 184 -183 -503 -29 -116 -195 80 411 -115 -162 624 -367 -369 -436 -42 -159 -100 32 -102 186 -332 -574 35 140 166 184 -227 -306 -57 -89 -192 -260 23 -111 116 -35 -100 -278 -111 -155 -169 54 -251 -213 -24 -98 310 278 132 -357 -229 -279 93 109 -43 13 79 -96 -149 186 289 260 -120 -224 261 22 -75 3 68 240 -217 -331 -277 -94 -37 51 -53 -86 304 -107 189 221 -126 39 34 40 -33 133 -17 -114 7 120 18 19 -157 113 -255 -255 -149 -40 13 340 68 -148 85 280 -343 154 -39 -210 -97 115 38 -227 -55 -344 -102 25 99 102 164 -383 -16 43 -346 340 249 56 -274 354 -209 343 69 354 -36 123 -176 -133 282 -170 -70.94500000000000000000001414416849309414]
[-735 -483 -215 649 287 983 262 613 556 -319 -148 -166 -221 -290 255 435 369 184 -33 -199 -138 126 220 229 10 -19 -73 163 147 139 60 12 -98 -90 -122 10 123 -57 17 -391 -220 70 -66 -39 66 229 -15 -87 -13 49 -43 271 162 87 -168 -59 99 4 -323 -59 -160 27 88 40 -174 -10 -142 -78 -110 -96 -5 149 -47 -223 -322 -195 -92 -245 262 166 -357 -167 401 -358 -160 -30 -249 -250 -57 -213 75 259 -334 -537 442 -215 -280 374 -420 -237 -12 84 45 20 176 233 8 -298 57 76 242 -38 95 41 -162 -3 -96 -416 447 62 228 -161 -84 -161 -208 49 73 -233 -47 -58 -195 -49 233 184 -52 -2 7 173 201 28 -143 389 -118 -17 -92 55 223 -297 74 -73 69 -280 189 -189 -359 7 51 -17 255 -122 96 350 155 -190 38 -142 -128 170 -191 -36 -258 199 -75 198 76 -308 -206 46 53 28 135 107 -60 -19 64 57 -48 109 -9 -66 143 -146 169 -116 213 233 -150 -133 -41 123 -141 -82 -25 -5 135 -119 75 30 -53 81 295 -202 70.94499999999999999999993160403639268578]
[173 -875 428 -663 538 48 -124 -259 -551 -350 -146 -198 -280 -13 -299 63 139 118 -246 152 -62 -219 51 90 -78 -60 78 93 253 -107 -10 -87 331 433 -9 -34 224 -177 -124 -88 154 -141 415 -142 -254 39 56 -195 144 407 -134 -45 -2 -227 240 -27 -206 -159 140 -265 66 22 176 -650 -65 -527 208 252 21 -115 31 64 19 0 310 137 -157 223 -214 -355 -97 -72 61 49 78 -12 234 305 -90 131 227 230 127 196 -424 224 291 -236 31 135 -333 -139 -229 -42 -108 38 -70 362 -270 -244 -307 212 -86 12 67 -45 57 139 -331 -201 127 109 175 -102 -157 -112 -113 -1 53 57 239 261 -275 -81 -54 8 -73 -262 -301 -246 259 386 -389 -106 135 52 105 -69 46 35 -366 563 176 -248 64 -219 331 201 149 -268 -546 -301 -72 31 45 212 159 448 76 -306 -67 71 394 73 103 106 -196 -91 262 -13 88 27 58 -24 64 -36 133 265 -173 60 10 -115 -4 261 -231 -79 -185 178 -1 55 114 204 401 -289 -25 232 -201 -109 174 152 -461 66 0.2838258428112782794926966439602242231466e-22]
[164 325 439 -81 -890 -799 605 -1008 -90 915 160 283 509 -114 396 59 169 156 -187 -536 105 -31 176 80 -108 167 13 119 -66 387 -113 144 -481 -62 -308 -359 -92 393 405 -110 -237 -244 133 -180 -46 -65 -206 386 -121 -172 -169 -52 -107 175 -389 62 360 65 618 -17 -192 161 -311 349 74 284 -116 418 25 -21 -135 -181 -250 92 84 57 -220 -2 297 4 39 -121 72 220 -201 -174 -317 -363 -57 243 -33 23 -472 19 351 -336 -76 -164 476 347 -158 -123 67 -182 415 -75 39 273 171 4 -29 71 312 -229 -35 -369 62 44 99 2 167 197 -453 -67 387 -216 421 92 261 178 7 309 259 105 114 25 192 -145 389 135 -45 37 -197 205 21 170 -8 -181 87 -285 57 -180 167 283 25 80 -238 -384 87 323 88 234 112 -210 53 -70 -125 -252 -193 -217 -108 232 63 285 -93 132 -68 -253 82 16 -116 239 -95 -202 110 45 192 -65 -263 -63 414 3 139 -10 97 85 74 638 66 -230 -222 -498 -230 187 113 -282 431 -186 -165 247 333 -105 -70.94499999999999999999986125719477564653]
[-483 -110 47 421 484 729 -732 -349 139 -265 605 14 414 576 372 415 -33 -69 -194 177 -27 441 99 -245 317 -303 81 -101 -214 -281 -213 20 -308 76 -248 -41 -32 -256 -82 90 -68 -45 -56 136 -176 100 -155 101 -71 -129 89 153 39 132 264 -211 -106 -139 -291 291 -152 -362 242 261 43 164 -110 45 80 -124 -154 107 -55 -380 494 -390 192 -158 215 255 294 -165 -80 59 436 -136 281 120 115 -156 -28 52 -131 -304 -261 -3 -374 290 -136 -103 130 108 -283 23 -68 -46 -26 -68 128 549 103 145 -118 77 -211 -377 -97 123 87 -179 316 -95 366 -110 213 -144 63 302 218 -375 -100 218 -3 -192 -164 67 -419 68 82 77 -30 68 242 123 -399 7 59 152 -176 190 305 -13 -38 68 -263 -54 106 260 16 -124 326 -21 -185 -155 180 -68 -44 -134 -267 311 157 -291 -25 -629 -37 169 -324 131 227 49 72 -79 -191 -343 -469 35 -314 157 -126 -3 35 -116 -110 346 -60 188 212 -353 34 240 -203 -168 -192 248 -164 -25 101 -22 79 -369 87 148 283.7799999999999999999999742700573216881]
[906 703 494 859 -289 286 867 -641 33 240 338 -185 8 -47 62 -113 -293 195 -212 -204 -60 -61 -22 -36 -132 -79 47 -4 -70 -14 5 -209 -67 194 -64 340 158 -132 -164 268 515 -294 -71 -70 191 -65 -65 38 -186 202 67 -8 233 231 -189 77 -66 -28 268 -118 12 37 118 69 208 -175 28 142 51 25 -3 -139 296 246 -288 22 -272 201 -216 6 -321 23 -351 222 160 202 -151 273 -93 255 38 -81 -145 364 -10 105 245 108 423 164 52 54 152 -32 209 223 -120 126 26 63 -123 51 5 57 283 229 124 134 -90 -96 -220 90 -35 -7 -167 -83 79 -176 -47 -146 258 -161 -324 184 -181 -187 91 149 74 -128 23 39 54 209 288 466 -394 15 -63 233 -108 -188 -122 -88 -40 -26 -109 234 -348 -207 294 179 -129 372 -113 200 64 -18 198 287 -228 33 61 102 -171 -26 124 625 90 168 -46 98 369 -50 -365 -81 -398 -8 -37 -293 89 102 -295 4 28 -357 41 25 -119 8 138 161 -24 -121 8 16 -13 287 12 -357 -182 297 -70.94500000000000000000011176516277789156]
[843 -832 -455 -167 -689 843 -258 59 591 91 41 -111 -40 236 -310 -319 -224 -93 -235 207 -374 -152 -263 -119 167 309 -38 -28 80 -352 15 -321 598 377 506 -26 86 -84 -42 59 259 -117 -24 -220 -15 112 280 -94 45 -231 -43 57 86 22 347 168 121 -301 -25 -89 -21 -57 383 -401 81 22 158 -234 -152 -164 104 -392 -69 357 17 307 -7 566 -322 197 -27 -236 170 143 269 43 13 -50 -198 -9 -313 46 411 119 -374 77 11 -160 -211 -390 37 128 104 -140 -376 308 -19 214 -209 -140 270 -35 -195 -272 -142 -84 -211 -42 -207 34 -80 -1 -123 237 -314 77 -187 -497 -129 410 57 -279 -250 -6 -263 -254 -5 -24 -174 191 61 -174 334 -107 354 -277 240 110 -308 285 -307 -57 205 217 223 5 -58 434 -1 181 -153 -142 40 102 110 138 -195 307 -187 -23 -21 -308 46 254 -209 -208 177 -139 -103 41 -96 -22 33 282 -255 94 121 -313 303 199 -255 -197 74 -6 -252 -96 -130 -308 -222 242 6 357 157 16 -510 228 -313 362 -97 -185 -266 -17 -0.1560180573135784356956433068311373979498e-21]
[-938 509 247 -267 196 646 -959 721 532 531 -38 -217 265 239 74 -89 324 180 7 -46 -60 235 33 -224 104 -179 -74 -379 -177 37 -140 538 -522 -393 -59 -29 -23 116 -6 159 -44 242 -22 -203 -452 -78 -324 -121 30 184 256 85 38 -192 -2 -497 -133 160 13 -122 -154 -121 -173 155 133 -198 -35 194 101 454 -120 -18 61 -36 -9 51 -12 255 -121 -390 178 356 -111 -57 -19 101 36 -141 -39 -401 7 292 236 -12 234 148 99 -77 254 -74 195 19 -170 -275 -223 -206 109 45 359 64 318 -162 -48 274 109 -236 374 363 -54 -195 46 14 119 -82 330 254 9 -83 112 -446 -167 207 197 174 -278 -217 -271 -260 0 -220 71 261 -307 -66 -321 -98 178 -265 -20 3 -199 223 105 84 43 81 95 -396 -8 -102 187 417 216 -302 38 -12 -13 249 -52 -332 -25 123 -389 -72 -164 303 -148 36 172 256 -44 363 -420 -102 310 268 180 181 -103 -25 190 -406 -71 -42 99 164 -57 -22 -25 -265 127 -20 55 106 -355 77 -131 -418 21 33 188 -275 354.7249999999999999999999906955989309069]
[-233 -461 938 814 932 0 509 -724 -910 -495 -76 269 373 138 52 436 301 -137 -86 -287 -212 172 206 292 -28 -566 -229 170 74 126 -33 440 -223 431 -160 540 -13 -153 42 -245 -81 -201 -192 -199 -304 240 -224 -93 -219 19 -134 33 -106 73 38 -149 -178 -143 73 129 -312 125 -70 150 74 -31 -224 381 318 187 18 -290 153 50 51 63 298 142 153 28 -143 105 160 -6 321 -62 298 -204 -240 -120 -201 373 -321 -443 55 -127 -194 627 145 -41 119 -73 -351 -457 -69 117 -11 270 207 108 -183 -10 -167 -111 249 -203 157 171 72 5 -198 -9 -193 135 210 -23 98 -250 156 -129 84 332 -230 279 -216 -110 -35 -350 142 -66 -94 678 87 267 -104 320 -247 -250 -334 -320 -9 -454 344 -97 -304 44 42 297 -31 -503 151 635 298 -397 61 9 -22 -148 -383 6 10 146 64 31 35 -244 -459 33 507 320 31 322 107 8 30 -54 -352 99 119 -186 57 -350 208 227 290 119 44 205 313 54 -247 98 -359 86 -62 -318 353 101 135 -189 -112 -125 -70.94500000000000000000023654858178271888]
[-541 146 916 108 423 -283 433 -728 541 -912 426 -5 -91 133 132 279 -285 137 -178 240 4 -53 37 -100 237 22 -370 -314 129 -399 122 -231 24 206 -212 -31 -53 -503 242 -252 401 -439 -2 -104 -218 163 -30 -189 219 55 -27 -43 104 -77 357 -15 221 -3 126 -109 -14 178 78 -163 -3 -78 300 -228 -340 -369 -188 22 55 -270 537 220 -124 -19 -76 158 -59 260 -219 130 52 -49 249 67 -330 411 -128 -132 172 -57 -380 -243 -91 156 23 -20 -140 -6 -155 -118 -74 62 -487 193 -7 -283 423 -91 118 -81 -93 -82 -94 173 28 -181 210 159 77 -317 17 -122 139 -26 -144 49 150 52 60 -83 32 32 -42 -79 32 76 405 -16 33 186 205 3 -324 218 -109 172 16 -64 69 119 -52 -55 -86 372 -115 24 160 -171 -34 -109 -201 -55 273 421 143 28 -1 -14 251 117 103 2 -90 285 -158 138 -398 -282 91 -130 -298 -7 -381 58 -248 -16 -45 184 -30 -115 -120 22 222 159 -88 477 71 -228 -192 -4 -121 105 210 135 259 -45 92 139 212.8350000000000000000000378240558016282]
[583 175 986 -802 -224 215 -680 395 877 -832 -253 -152 -35 128 1 29 -169 -163 43 53 -158 154 369 -33 -155 -198 207 109 -189 314 -16 412 189 -320 -191 -480 142 1 70 30 -169 -9 -43 -49 -72 138 -72 -215 267 153 438 -116 -283 -194 171 -115 283 -75 -194 -104 15 -67 1 82 -25 216 -8 -303 47 314 -73 148 101 -336 -190 79 -177 102 227 102 151 232 245 -96 264 209 -27 325 191 -312 346 -192 -196 -97 196 -83 -59 445 127 -86 -90 -11 -112 178 400 -151 617 43 343 77 -31 149 -29 113 135 180 69 -590 101 187 -36 -3 218 -36 89 110 -69 35 -360 -6 -293 50 176 -52 -259 -33 -110 109 186 -255 -14 -36 -378 -4 232 -218 174 -134 -81 -306 70 221 86 278 -203 -34 -387 -311 95 -67 -7 2 116 263 103 99 236 -129 4 -113 -226 -8 99 -224 -99 16 294 -137 -59 34 245 43 -155 210 192 -244 288 -519 116 110 281 -199 -77 -286 -106 -127 -117 -42 -2 61 -323 -26 -52 121 -28 160 -30 -390 -4 -24 -103 384 70.94500000000000000000008762972987982676]
[83 476 -853 -354 405 -8 33 972 844 613 -34 -114 -46 136 -205 183 -128 254 -15 -93 -205 -205 -121 -279 68 36 -171 -33 208 339 190 -138 124 -225 -261 127 -64 -228 155 -128 -90 -162 -32 220 -117 -3 -25 -23 -68 62 36 -122 95 -176 -121 210 101 87 131 46 -184 -8 -106 -157 137 81 -144 -61 71 241 -274 -232 189 -54 -517 -64 -32 107 79 25 -78 208 -57 196 -538 -3 24 -218 -182 4 275 -180 -302 -304 111 78 108 -111 76 215 -109 -107 -194 -222 128 -27 -138 -34 -240 -205 -9 -137 -137 -152 -181 -78 184 -10 279 132 25 -350 -36 9 117 109 183 -210 19 -103 -375 90 145 -3 -8 -62 206 -143 -8 -166 478 189 -271 -359 -325 -83 -246 -115 -94 -88 53 -21 294 66 108 79 -40 -212 85 306 -1 214 -114 176 417 -194 113 54 -19 -380 -143 214 -117 106 -21 174 179 91 -130 158 0 -187 -53 115 -14 68 -38 -78 24 -43 -73 84 242 -194 73 -94 171 229 149 -39 -121 -56 5 316 -31 -48 -100 164 -147 -35 49 49 -141.8900000000000000000000436150460939677]
[-883 405 593 -183 565 -975 991 969 -417 47 40 -255 -43 338 -49 -532 -277 -19 -330 -41 248 401 -168 -107 119 394 -73 -226 -198 -300 205 -205 -43 -294 129 -318 11 -366 53 -64 108 81 169 -303 -228 -269 232 77 -123 51 86 -50 -15 217 172 71 -108 -57 -57 -51 -79 -376 136 382 -63 132 -98 -19 -582 259 390 -232 73 -167 -11 -177 -135 81 166 -95 86 173 163 -248 40 63 -193 -196 -235 -232 130 -94 -109 114 181 -17 -390 8 -115 -172 -337 47 -36 168 -7 -136 287 -256 72 43 72 -15 -11 -197 46 -361 207 178 -20 79 -364 -32 -116 2 186 -92 -440 103 75 269 -273 17 243 -91 384 75 5 -47 -52 93 -353 -378 328 -116 -37 -317 200 -317 -220 -12 108 -274 60 -201 170 -91 345 -81 170 -133 132 137 -45 -28 -215 -228 -293 -197 329 312 310 354 27 -174 -8 -145 86 -37 -38 29 -100 233 101 -65 -197 -26 94 -252 -168 257 41 -55 14 -2 -246 83 -88 -4 252 -112 -199 235 279 6 172 214 6 -131 -16 -77 23 55 -283.7799999999999999999997689629482861677]
[635 -855 -800 -887 -246 883 -547 -319 -990 520 -86 -410 64 467 262 174 25 7 -96 -87 52 -132 54 -684 71 -114 294 -53 -22 -33 -36 -223 13 -439 -363 -170 -212 -199 73 170 299 -107 -46 -404 -64 -80 45 -530 168 -21 746 305 -308 181 30 203 122 227 -69 45 -165 126 -31 347 393 272 -293 -87 95 77 378 133 199 -3 -108 -161 -376 155 69 132 -20 -85 -145 147 55 538 -34 -13 -90 -197 202 -109 -61 263 211 -321 176 97 -156 -380 -309 -46 185 105 25 45 131 -223 154 12 142 450 -200 321 -49 52 131 -71 78 124 -81 -6 90 8 96 43 -78 -262 -64 -185 -170 -176 -168 -1 -388 5 -227 261 110 -57 198 -341 -99 -41 195 -113 9 -187 47 75 -256 245 26 56 44 56 -373 -26 9 44 130 273 -187 261 211 -261 -75 137 41 -214 -307 -407 -250 -103 -406 52 259 106 -322 92 550 -32 -118 214 337 69 80 62 -99 -199 18 -118 -151 -89 -364 131 126 -433 -233 205 208 -301 115 188 -111 34 -64 -237 -143 264 -93 117 141.8899999999999999999998075129782638301]
[854 591 -598 -492 -430 -268 -340 -704 -736 -253 13 522 184 -218 -65 145 -113 -198 182 368 -132 -97 -128 219 -71 -242 -57 59 106 -199 64 -12 42 440 -213 360 -369 -28 14 94 -131 -145 31 195 -53 72 -64 -430 -265 32 127 -89 -223 -181 136 199 124 144 192 237 -256 212 -134 197 -22 -80 88 114 82 -69 -85 -163 159 146 89 76 581 -12 126 129 -40 -127 -272 25 10 -242 264 -47 177 -56 80 -218 -317 -13 -269 44 20 40 234 51 352 -189 -340 72 87 115 -236 229 193 -78 -45 34 -185 -298 91 2 42 109 176 324 -37 -93 11 480 -94 315 -42 191 -165 -340 209 99 -1 -179 257 192 -137 -175 -65 -28 224 170 15 -116 -201 -246 -254 -1 -244 -125 195 -245 79 164 -42 63 -255 264 -323 -31 -181 -103 42 -173 -10 -233 369 -26 -13 -303 185 63 -23 -223 213 -155 -75 -146 38 -227 -101 104 -11 379 -69 -140 -106 -65 -111 -39 -68 194 106 95 109 39 338 174 138 -179 -72 -101 -143 -117 -242 -186 358 -49 215 83 223 -134 212.8350000000000000000000181477948544008]
[-22 -165 597 -234 507 -560 -414 705 123 -391 251 -220 3 180 -351 246 17 111 65 174 188 -244 -43 -335 5 -298 129 -287 101 -236 -74 -3 82 58 -132 -38 254 141 265 234 58 88 -107 -179 -19 86 34 43 257 -16 128 -178 43 -268 -20 -149 205 56 64 -134 185 -98 18 -385 16 -32 185 -86 -126 422 -626 87 -201 208 268 -31 -487 -104 6 -49 -93 44 -154 115 -57 18 -86 -113 -147 201 -47 195 330 249 -109 9 211 -150 30 92 226 51 91 -299 -381 87 157 195 -228 -285 -45 -116 32 294 130 -209 91 136 -357 -42 168 -133 -17 -215 132 -222 348 -289 125 -143 -93 57 246 75 -300 -149 89 32 -102 67 446 40 -670 -311 -532 -82 102 159 -111 166 -123 272 -87 -50 -116 129 -137 -189 43 243 -82 66 56 123 313 81 -120 163 338 -40 -283 53 169 262 4 304 254 66 -212 104 -194 -236 -37 55 -206 90 214 -286 20 455 -185 103 -458 -395 -118 -71 278 213 18 175 52 -82 54 72 -161 380 -307 -168 -62 18 -206 218 141.8900000000000000000000893656212047737]
[-563 -160 918 -325 389 -612 -852 -589 -10 -137 -163 161 -6 -507 -73 -340 20 -342 334 200 113 -432 -465 256 -215 -147 -336 -181 -163 -238 156 69 -427 -404 24 179 -271 368 27 43 -109 313 -229 -187 174 -46 119 8 142 -294 196 185 -155 223 -300 229 -387 252 19 243 96 347 -128 -331 -231 -105 134 -214 164 -119 5 102 -371 381 -253 -76 -26 -238 -178 418 -54 169 127 -257 -334 -202 -103 -381 -69 83 -176 71 -55 -72 18 373 105 -26 -152 -195 68 -137 154 -51 -177 -133 81 -285 -88 -210 -65 -22 -97 346 -27 313 63 275 -16 328 -524 -179 -199 53 201 -99 -135 -91 132 33 -83 -152 11 226 291 -62 193 230 41 323 68 -87 37 -213 65 55 170 384 -38 59 -215 -308 -179 -191 335 105 103 8 -410 37 342 58 -217 -95 -395 -215 -601 -190 246 203 4 -260 -148 205 153 73 150 144 -400 112 -356 -128 240 249 84 -185 -60 -50 110 125 -332 150 -92 184 -153 69 -66 -32 282 25 283 -191 63 198 -27 261 -149 267 -276 89 161 -137 -70.94500000000000000000007392531006819077]
[360 -961 266 863 4 -749 -759 736 -113 971 -8 -265 -244 110 107 -405 10 -43 180 -54 256 61 -277 -274 -446 -226 336 38 -104 -360 -144 82 -116 -341 -131 -182 -347 50 -152 256 133 355 -31 -508 -125 -293 112 -378 -288 -93 395 275 -82 -138 -265 -543 -8 75 -172 -96 151 232 -70 -46 -249 206 274 -51 132 35 451 199 -339 132 204 -252 -97 94 175 -236 117 -480 -350 37 35 177 352 74 134 -255 -231 130 239 306 39 132 -15 53 -30 37 76 85 329 310 -258 446 185 72 326 206 -407 356 102 233 -58 -34 -112 134 -242 309 -424 12 184 305 167 -503 141 -171 28 -201 -102 -83 -84 278 -77 317 -48 193 111 -308 -144 -257 -259 4 203 108 524 -271 90 251 -204 158 -56 -153 106 234 -100 -274 -196 -243 98 158 -145 88 -84 -84 -285 -16 313 351 -140 -20 45 -199 -206 -213 158 -265 -75 -92 49 -74 119 68 151 120 -90 79 269 -54 -143 -60 -248 172 228 -12 339 -380 -461 -85 207 -173 138 -110 -144 102 -15 -81 -196 352 -34 -147 141.8900000000000000000000036493331515538]
[493 1009 -803 -812 506 -904 -256 -530 -393 255 -261 -106 -153 271 93 -20 130 17 518 81 29 -116 -9 -7 101 25 28 -41 -168 -258 11 185 -62 -198 97 -4 333 -148 -195 105 -267 510 -69 144 414 83 37 127 81 197 331 177 32 -344 102 187 -270 373 -238 -102 98 -60 -50 -326 -257 195 36 -111 1 -76 -536 333 -5 -309 8 548 -181 -32 -204 -34 263 136 -189 -459 -114 -243 48 357 184 178 -270 150 -175 -261 -407 568 66 -63 -385 299 186 -171 -80 -266 -79 241 157 -439 -238 248 187 -174 -38 469 -139 99 -67 -183 226 -234 179 -25 659 -405 -276 6 217 -136 -29 -9 75 68 -191 88 -127 -44 -386 35 -305 -160 -68 -19 -7 514 -34 -1 175 215 528 428 189 415 142 34 -224 -252 62 196 -382 313 92 54 -247 226 389 188 -232 399 -110 140 -251 -249 14 -136 140 303 72 467 100 137 152 -137 14 -163 -169 -261 75 88 167 1 438 -289 -509 201 -236 -48 7 -409 -63 122 28 -4 -151 98 64 317 -331 -394 -479 -236 93 313 212.8349999999999999999999122895276190601]
[-823 221 276 960 844 -369 353 225 674 -141 248 -29 -7 -241 198 -241 338 -84 55 165 -491 -213 63 -85 -37 50 572 -70 -151 84 -67 27 382 27 51 125 -26 192 -273 281 -351 75 -241 -49 25 142 -98 30 -261 -132 -170 -102 -135 -12 -355 305 -85 -217 -242 -55 87 -261 -118 -414 -152 263 -215 -92 183 -17 -268 50 -332 101 -86 -13 69 138 -80 26 -42 -453 -190 146 49 -44 234 -67 59 -416 444 -147 -341 -417 -314 487 110 -9 110 -171 -158 283 99 -10 239 -179 285 430 128 299 -294 108 24 -252 -394 -73 31 -109 -388 142 -219 -184 142 153 -266 -120 232 90 206 27 -76 63 201 -59 -84 99 -73 -342 -132 -195 -7 -4 -23 41 -191 -124 358 24 -311 -158 -164 -62 235 343 131 -30 87 6 -129 420 -198 -110 -2 193 324 -70 -290 -264 -53 190 156 155 -41 133 88 76 19 -106 -36 -120 40 -277 50 186 -10 -112 84 -306 79 207 182 85 74 -21 -152 -38 -53 -133 210 79 -119 110 -79 -148 257 497 -196 -255 -257 -19 -62 71 212.8349999999999999999998877028915267578]
[-615 119 686 385 -403 -624 811 185 508 -706 -14 39 -53 -122 48 432 -155 -454 -60 55 -337 203 298 240 -176 -160 -38 112 -215 183 -52 263 4 525 198 90 260 351 -431 305 -10 -269 -255 248 280 281 -187 -366 86 258 -129 -112 169 3 40 -411 185 -10 -137 -129 8 57 147 83 142 81 -97 -222 158 -36 76 206 -104 -25 147 -214 243 323 -147 -84 -306 -110 149 -44 536 446 27 -96 137 -334 -123 80 339 140 19 7 -125 363 110 -237 439 -12 -49 11 -45 164 278 320 3 522 -21 -119 206 377 276 225 -64 -286 54 -299 110 227 64 114 -281 272 -211 -6 -84 -255 248 -152 -70 41 -408 -302 -25 142 6 113 -310 348 94 309 -4 177 -135 199 -139 -67 -252 -488 169 2 37 -306 74 55 143 -226 -130 122 299 165 43 513 -30 -228 -415 287 356 -374 207 -52 -183 -351 -222 178 578 105 87 240 -43 49 86 -64 -397 -4 88 -302 63 -336 -26 -8 -78 -42 45 -48 79 -204 -190 184 -259 -114 -318 -60 -33 207 -126 -170 43 83 354.7249999999999999999996621748536048511]
[-62 -941 86 -909 419 -221 406 -674 -291 839 143 226 -413 -623 -32 -100 -217 -680 47 -347 358 394 332 196 383 268 -319 30 -119 246 -168 -13 474 -195 423 165 -217 -185 -303 -11 35 -49 51 292 -7 299 -225 -229 255 -78 134 34 452 293 171 -80 5 113 22 160 154 -142 120 338 -102 4 -142 -134 -348 -159 24 -103 384 -233 -497 243 524 29 8 145 -16 -372 144 -22 44 74 35 -293 -51 249 -304 -102 257 -60 323 -133 184 -64 -381 -23 -40 -138 422 210 75 -198 -311 -19 -38 223 448 -26 114 -235 18 121 -472 129 66 -195 167 229 -56 391 80 14 151 151 -418 274 294 -348 -153 249 -209 -172 -190 146 -33 -49 -345 -46 177 446 -33 99 -315 88 98 -30 -178 -619 198 298 54 88 -12 -202 96 206 -205 169 126 323 -100 282 -112 -112 -12 -111 -128 -89 -137 2 42 -154 -66 100 -151 29 -187 -79 129 32 -100 341 -123 90 -318 383 310 187 2 -156 30 -144 -40 37 -223 -276 -255 237 -55 -6 -230 -389 -254 78 -400 176 190 -1 283.7799999999999999999999852583848604375]
[-525 941 -542 515 -267 597 -680 -785 -826 917 177 -74 204 115 -332 164 71 -176 -301 130 8 -13 146 -302 20 -119 -102 15 6 2 -388 -202 232 181 219 112 171 -224 -374 -20 -113 -255 253 149 164 -244 196 127 -8 149 -64 100 -115 185 66 52 3 52 -43 23 -22 -75 -34 -20 225 10 -172 209 163 163 -103 -85 128 26 -355 137 35 143 292 -17 163 -315 15 475 -139 278 299 -295 123 -78 11 7 -78 -42 305 -9 -310 -366 -71 170 142 242 -93 -282 65 -97 -134 141 72 256 -196 127 -9 -273 210 405 -250 116 -47 347 203 -201 65 402 6 162 -57 -136 104 0 -398 -367 -21 262 4 -297 63 -374 -216 -134 73 -29 -135 -62 -153 -213 -19 32 -137 -248 -145 211 -30 -303 331 -7 -48 -220 142 305 -179 263 122 328 232 9 102 49 -34 -80 -146 46 -97 -18 -52 268 98 -496 17 -15 252 82 -421 163 153 271 131 180 197 152 -117 104 132 -61 207 -202 370 -69 -174 -143 -302 160 280 -79 159 -66 -188 104 -221 -92 -277 160 70.94499999999999999999949631687453542427]
[-559 207 28 1009 167 -145 -75 763 179 -358 4 178 49 -50 -356 -3 482 -32 488 460 -398 -224 -243 356 100 -251 110 242 -101 -25 19 275 -291 165 89 509 226 187 -126 -238 -473 -93 293 118 83 -198 397 271 58 51 -181 194 -217 158 -278 281 113 31 175 124 -283 -106 25 68 15 376 -113 171 387 152 -322 336 -104 -88 198 124 -91 -470 87 140 99 -55 80 -61 -124 -436 77 -276 281 -281 -333 109 -74 -60 -162 162 -31 381 -97 4 -190 -219 -305 -46 -2 380 290 2 -7 189 -601 -271 75 572 80 342 272 272 300 246 -504 -297 410 226 34 -202 -182 86 661 -457 -199 126 -106 497 146 15 306 -157 -128 -152 -159 38 323 -286 -448 23 -89 -263 126 363 168 -21 21 25 519 -279 73 -29 34 -303 421 -2 -365 -164 38 253 -325 -121 94 300 129 -92 -79 52 76 94 -62 113 252 70 175 334 389 -93 213 -177 -196 -17 356 -394 -165 186 125 267 271 -92 160 20 449 -184 -21 42 -41 -31 174 309 172 141 -160 -402 264 95 70.94500000000000000000012538886634170534]
[442 -539 -246 -375 -930 895 -131 -617 601 -592 -45 -353 138 390 15 640 -17 21 -462 274 -178 255 185 -414 92 -176 274 -140 115 -17 -75 -168 54 -90 -91 -90 -114 -330 -3 191 -83 -247 21 -86 -30 1 256 -74 -173 -207 177 -132 -384 151 154 -79 -150 -563 -160 199 185 -425 -4 -131 238 -10 -37 -159 -90 53 131 -57 138 -246 721 29 -353 26 -13 -92 -24 -17 -131 138 354 581 -9 -216 -8 -246 157 -61 67 -44 -283 -233 -52 13 -314 -265 -356 116 -216 -121 142 217 246 -20 169 -24 44 226 -375 -531 -103 -204 151 163 23 -221 8 -238 479 -20 -30 -145 -167 46 -34 147 -55 145 32 -304 -68 140 -3 -156 28 3 346 42 -25 -368 -127 -146 255 -144 -341 237 -53 62 174 73 -331 -298 -426 206 -1 338 -113 -255 402 -284 331 -164 130 -40 -11 -157 153 134 13 -241 191 188 82 285 86 -52 527 -198 -255 258 -314 -265 127 -225 16 47 -89 78 43 -85 -213 246 53 -623 187 540 167 -145 255 -132 -107 -179 -75 -369 -57 -211 -254 434 141.8899999999999999999994373868126504298]
[923 -523 308 581 773 432 249 827 -686 902 -295 -16 -97 355 -340 168 172 -397 82 73 63 -71 12 -173 -18 39 12 157 -28 -16 -254 -411 300 516 334 351 -125 -190 -252 147 -163 -164 141 22 201 64 328 41 -25 413 -336 -296 -148 175 219 96 81 -282 -36 -112 20 -10 -128 -51 408 24 -190 -71 332 83 389 3 170 39 8 234 -78 111 -51 -218 36 283 -9 287 305 417 -52 -152 92 -59 31 -74 133 77 -437 26 135 319 24 -112 -382 386 85 -105 -16 -53 -48 176 -91 -207 -147 45 -88 -102 394 280 149 119 -456 178 -310 -14 275 107 60 -72 -318 39 -27 301 13 -233 -156 276 55 -214 260 -522 -467 19 -28 -86 194 -235 30 92 -194 2 -34 106 -146 234 -40 15 115 -75 -191 533 -63 -326 -354 -127 -163 222 290 148 -79 123 88 -214 85 -141 -116 229 171 391 283 88 -28 38 444 -172 -133 127 330 -103 195 -16 119 -249 -297 101 315 60 -459 64 -183 30 -36 371 94 291 86 -336 117 -36 -347 64 -41 -171 -701 559 0.1231911442884057790603839429872251587385e-21]
[-447 752 333 531 549 -244 157 585 355 417 -192 210 -333 94 180 402 266 100 -45 -284 305 244 41 137 133 504 -169 -89 224 -26 -81 -148 198 -90 56 342 121 -201 42 -257 147 -19 38 37 -274 56 50 208 60 163 -221 -34 463 -123 -33 -506 300 -90 13 -397 56 -53 146 -34 -167 234 -220 190 -62 130 -187 -188 -107 10 171 -30 0 -111 -88 -110 -92 -58 177 21 -59 -89 -120 -81 -58 -135 49 29 444 -166 12 -151 -57 155 -177 90 -255 -188 356 -44 15 216 -42 213 -211 70 656 -491 77 185 -21 51 114 141 -123 -24 -145 74 -116 117 -193 -33 286 -496 142 241 -73 -46 109 233 -149 368 35 5 -296 -216 121 105 290 -175 -369 138 79 -236 -28 271 -82 -66 59 20 -514 71 22 20 311 58 -450 148 235 -245 324 245 -324 56 21 -30 112 461 -354 -58 296 -122 -160 -71 478 3 6 -79 231 -377 -37 413 191 185 133 325 71 270 -70 -128 73 73 30 -92 7 -268 -156 -4 -50 -267 -194 -105 93 200 107 -162 -142 -174 70.94500000000000000000045272390955100332]
[-516 491 638 188 -415 413 -307 -337 337 228 -87 -59 58 266 38 403 -163 -522 -165 -304 434 -84 381 -257 284 -106 -160 -258 55 -150 -444 -83 52 -249 -105 175 -24 -287 121 -4 377 -233 80 -332 41 104 36 -101 390 62 77 263 135 225 433 533 -149 143 235 -67 89 -104 -47 60 324 241 -197 -2 276 311 137 -225 241 168 -214 431 -216 300 3 132 233 94 55 213 -66 390 653 7 -270 271 -370 -262 207 -174 -39 4 366 198 104 17 -595 -168 -97 -486 87 -410 -164 393 -70 -94 21 -91 -230 13 214 369 -74 326 -152 202 -81 122 147 -118 119 -108 60 -316 129 318 -80 -173 -407 543 -245 -370 129 -250 -132 -56 255 -204 -134 324 138 261 -114 258 -224 -193 -65 9 -52 6 61 -120 6 9 -27 152 -183 288 -89 185 -54 -48 -212 -39 -187 64 -83 -44 -380 -160 45 63 92 283 -52 161 78 -296 123 -45 283 42 -39 73 -281 43 130 -22 235 -206 -612 15 -204 58 -67 131 -248 97 -124 56 180 223 -73 175 -182 -280 -177 164 -0.9136419639540107040414004090772819716151e-21]
[185 301 -97 430 -107 -199 632 795 -277 655 147 -24 -190 216 -225 381 -386 -197 -163 49 155 -8 -136 -88 81 -62 -68 -83 40 -79 204 -277 485 -7 -323 -111 -368 -261 43 -505 220 -147 58 -396 -367 253 -69 -327 262 -96 147 403 82 -225 515 109 58 160 -200 -93 -186 75 63 -246 -170 22 -237 -278 -63 10 225 -38 114 -138 345 3 205 -212 22 -7 -84 3 468 -120 205 -90 128 -15 -127 180 159 136 -289 40 -129 -324 55 604 -599 -597 -510 -255 -41 65 -343 -39 -606 -154 -278 -136 -396 -7 -17 593 -221 -47 -169 85 320 20 239 406 183 -154 -59 -121 -175 84 -79 204 -178 -150 44 -169 -111 163 -101 -99 -16 12 -176 -339 -10 -126 103 -185 -99 -122 202 -207 -172 148 131 140 139 111 291 76 407 -2 -47 62 -162 -41 -83 -242 -331 209 29 -255 -31 -278 148 15 89 -277 -130 -46 -216 3 -373 -122 128 127 182 42 17 165 -418 161 143 -253 151 163 -384 193 8 -114 -27 200 -61 -94 13 333 -183 23 97 24 288 67 -191 -25 283.7799999999999999999997948529466769633]
[-335 381 405 -386 -817 -708 785 967 -304 386 154 -117 35 576 -11 239 -206 146 -334 84 63 -155 306 -77 181 -174 -6 -59 -123 -21 -66 17 73 439 148 -453 69 128 472 8 63 -92 151 84 248 254 306 -194 331 -255 -19 -269 -81 46 85 -247 355 -51 468 40 42 19 46 364 175 80 327 8 52 -77 -291 272 -304 -125 611 3 53 55 380 4 271 -125 -140 344 64 361 -129 -154 56 580 -168 80 49 37 -214 -678 -80 -347 -32 274 243 10 -11 -5 -139 275 151 105 -80 -145 75 134 68 -220 -38 -44 -610 41 103 -26 239 35 -86 121 43 46 -42 109 -123 -75 358 -45 21 -196 71 10 -173 41 -92 363 364 -227 -256 62 257 -16 -126 123 8 -138 23 139 -177 16 7 -68 -342 -203 -36 232 -40 -168 219 115 -98 -85 451 319 -202 -271 -160 357 380 133 -71 19 34 -735 -347 -205 -240 57 -68 23 49 46 394 -178 50 129 -435 39 28 -354 -27 413 -96 44 -414 -49 106 -273 -25 -62 -209 -198 68 -172 118 49 498 -168 -212.8350000000000000000003308052920611567]
[895 536 391 -850 337 820 465 388 -836 370 174 70 163 -67 -218 -393 -200 -303 -526 293 -418 205 -19 11 16 308 -108 196 -96 140 142 -8 365 79 357 11 150 356 198 -104 24 188 -48 20 122 -151 186 94 215 -157 113 273 100 -54 129 102 -149 -34 338 50 -130 91 442 -127 105 -117 274 132 -275 -316 -105 -141 62 47 -392 -61 -268 217 -221 314 141 -112 507 -18 68 -170 -343 227 -295 134 -6 129 12 254 -120 -126 312 -318 174 -126 114 -129 -35 127 32 -77 -202 -56 81 -61 20 160 -81 -105 -43 -74 -120 -63 -34 -250 216 -25 -236 9 -53 69 -232 -135 -419 304 39 -1 -190 -241 -42 -32 71 281 9 255 -181 -178 166 87 413 254 125 341 -138 340 -93 109 -193 294 52 -132 136 -78 -267 -385 -24 -292 -334 206 -163 -106 -235 -294 -251 63 -17 -142 219 279 -439 -204 -19 -168 -183 134 219 -44 207 -74 -63 -154 225 -209 -8 198 -1 128 -30 -190 -86 -181 -344 83 -38 -168 83 198 -128 -6 -189 -9 -47 11 109 -23 164 205 -70.94499999999999999999971709576735463783]
[-880 -331 -106 -70 -492 -1012 -87 324 473 -171 726 -62 139 179 -212 157 277 192 -240 97 -92 -67 272 -36 54 -12 -211 -456 157 217 -150 414 -59 24 172 -228 591 -54 345 -90 -130 -183 -56 115 204 -77 205 339 -64 -95 203 -505 -63 190 -41 -371 74 22 -143 127 94 -14 -46 -55 -152 331 -49 250 -287 113 -566 -132 261 -280 288 108 -160 -117 434 -174 14 -267 -156 -160 -26 -60 208 -44 -227 70 -279 238 563 -232 289 24 -153 -473 -490 217 44 2 -260 -371 -208 279 40 216 225 -51 1 -281 78 -332 8 -45 -104 135 146 47 424 -82 -97 -207 -108 18 -175 42 88 -227 -267 -239 503 229 52 153 -106 -265 -85 -11 59 317 -62 -285 -362 -174 19 78 -396 23 295 212 115 -62 127 79 -51 -207 47 194 153 -318 397 -65 -35 210 199 283 104 42 6 297 -36 30 -66 241 124 -197 -93 240 -101 -17 -221 -255 -64 298 -411 -294 0 244 -129 146 -219 -223 256 97 406 1 172 -127 -144 117 -40 123 -121 -154 -5 -176 -341 -30 348 -533 -212.8349999999999999999998417271692027145]
[-226 335 305 161 211 177 -612 -11 62 270 369 -61 252 215 128 -173 -40 131 -128 81 205 365 104 -377 450 91 -105 40 79 -508 -169 -301 -288 8 -227 121 127 -200 -25 -47 236 -133 290 54 103 151 -11 185 200 -357 238 335 69 249 341 595 49 143 41 91 -347 -128 185 140 248 122 -87 -117 -71 -139 -138 -16 -91 108 -73 -375 26 -41 75 642 263 -392 110 249 -223 -307 303 -298 83 432 -306 -310 -137 -23 -224 -90 -376 -220 -140 304 -22 -299 61 -293 40 150 -340 -74 -105 192 -2 -3 19 -198 -72 -293 -294 -72 79 -66 118 120 212 -45 -189 -54 344 -19 142 283 22 -22 -287 -332 111 7 43 84 166 412 -125 -404 -52 191 -157 -64 109 245 179 522 -21 154 59 16 79 46 0 -232 145 138 181 232 -276 22 34 -140 -207 -184 -258 34 141 -400 -224 -173 -424 -101 94 -8 -264 -102 82 -429 146 -233 -46 -64 -94 384 -76 260 -175 -69 158 -82 -44 -253 439 -304 -78 329 -239 -233 -45 306 72 -14 226 181 -399 -97 24 18 -141.889999999999999999999893389461878795]
[-88 684 197 -942 1007 -408 990 -219 580 -551 190 413 -67 133 -85 -408 359 86 104 178 -267 54 -55 299 274 58 77 154 88 -2 217 131 -297 312 9 11 314 313 82 -284 185 -419 299 -305 -352 -39 -17 80 -248 -347 -214 246 -421 249 -18 216 187 219 801 102 -25 -430 -112 -154 74 189 -88 -119 -108 103 -403 -214 -100 283 274 370 -126 -48 128 608 184 73 61 -117 273 -448 17 -116 61 203 265 -171 106 67 122 -452 -547 34 235 7 267 -51 -91 -90 -117 44 59 322 355 -194 82 -130 292 -403 331 -78 12 149 -46 -91 -53 323 27 76 206 -45 228 219 4 108 -84 70 -237 -56 -71 302 29 -466 107 -101 -230 -178 460 382 205 312 -242 -112 -260 -80 29 -108 -184 558 113 -17 -176 308 -61 92 454 214 -2 -25 -201 283 226 -207 -31 155 41 -242 48 34 -178 -530 77 -147 60 -1 -158 -47 84 89 32 -175 306 -115 432 107 210 549 221 46 404 -110 330 9 108 117 -211 -185 -182 -200 -282 -88 516 196 550 -106 126 76 212.8349999999999999999993034017474523218]
[547 217 777 654 840 -974 -280 -639 785 -253 211 -407 -7 102 221 162 171 573 228 73 -272 100 492 306 238 347 365 256 22 -361 -283 130 16 88 -48 18 292 -326 112 -110 -46 -139 122 44 -58 153 -81 328 14 265 -89 -90 284 -201 173 125 530 -108 -313 -265 -408 -248 152 292 -9 59 127 58 4 -16 -15 139 511 -153 -191 176 -234 -50 149 132 -162 -207 485 -148 -200 -419 -153 93 223 -401 -46 -123 -127 -242 -243 -121 -106 156 62 28 -22 -129 -50 -14 473 62 359 104 84 103 671 104 -23 -158 -430 -337 53 -514 126 134 207 -210 -158 -156 65 82 -26 101 114 50 -171 289 254 -232 150 -93 -168 -200 -27 36 165 534 -279 243 -303 -295 -4 -105 -22 233 428 69 348 150 -305 -45 -165 15 390 133 -235 -579 -36 43 325 8 127 394 -303 -466 -159 391 94 41 -198 -74 -133 346 1 -157 -95 -74 -167 -200 -154 -174 171 -190 -492 12 169 104 -109 -199 -77 -86 -154 115 -136 81 -311 192 -109 156 21 297 189 -109 166 -24 86 -240 0.3158191254971368214605635528193167474442e-21]
[-922 964 -420 798 -707 -983 -258 200 833 102 78 -328 226 274 244 379 59 287 113 -359 -488 128 472 -41 -40 -13 646 86 -55 291 -313 560 -275 -366 -542 -95 -149 285 -65 249 -204 -256 22 -378 -150 -90 165 -36 124 3 168 240 -396 -221 -59 -611 183 -215 -87 -168 -44 169 -277 -186 -28 62 -301 42 565 247 297 289 184 184 212 -205 -370 -53 -20 -146 34 23 280 -60 194 367 218 -54 -54 -338 60 199 -147 157 83 -138 122 40 167 -165 107 -36 -39 -325 77 181 224 267 200 530 -142 150 -171 -47 -157 -78 171 -314 125 -135 -3 -180 -52 10 1 -368 -74 7 127 14 -381 192 -66 6 -276 -40 28 -31 333 -314 45 376 -94 -254 -128 152 363 -107 -27 195 -101 500 82 241 -374 -211 -374 -194 411 57 -20 23 169 -357 211 -243 -267 -136 -207 32 226 101 -119 -140 -333 183 -267 -108 292 -42 277 424 -195 -185 227 36 -149 188 50 -383 261 -22 -100 216 -40 352 -288 -293 -384 8 168 -120 144 -23 -268 95 348 -246 379 153 -84 -381 141.8899999999999999999993660543619075201]
[-642 -244 339 -493 274 908 380 493 -358 941 104 196 -58 401 468 -270 -150 66 -187 290 -73 251 -126 -81 -48 -297 25 -375 -129 -334 -79 -1 181 -220 -326 -56 -142 -226 -211 -78 289 -58 -322 -71 -97 -266 199 -183 -33 -64 133 381 9 -166 324 18 307 445 -99 -224 -6 157 99 83 31 287 -178 -37 -244 -50 -59 -130 -152 -72 175 370 93 220 -166 122 49 449 -235 361 300 60 481 264 -121 -13 -38 -367 -91 172 -295 -263 -431 185 80 -225 167 172 135 -174 276 146 -58 -237 420 236 303 162 -39 -90 88 263 19 -21 83 21 -110 6 138 122 -238 356 315 -234 -330 224 -53 -186 342 -73 273 265 -88 -99 60 -71 -45 -485 16 510 148 -276 -15 37 -258 7 -132 -87 126 144 -28 -368 -263 -164 -373 184 71 272 300 -64 111 -264 -70 71 109 188 -64 370 -185 -62 -61 -147 -93 -126 -64 -246 -41 23 -25 119 -92 -122 327 -65 269 143 -64 196 -413 -175 78 -218 273 -553 118 133 -388 -178 -269 -7 -22 287 261 -239 -179 5 -151 101 425.6700000000000000000000077032315357575]
[998 466 -738 -583 -318 -433 -716 875 727 -681 235 -284 265 201 -71 158 244 -13 -332 101 100 197 -144 -268 0 -97 -374 121 161 -122 -471 -168 -93 256 133 -161 -178 -147 45 -56 79 -290 -38 -240 -382 126 10 -532 -77 289 13 129 270 -78 202 67 -286 -397 125 161 -140 -330 99 -20 -61 -240 -247 59 -254 -38 -215 333 -110 -205 331 -274 80 326 -30 211 290 -90 22 539 -30 35 722 -516 -144 -37 88 117 7 -303 -180 -348 -4 -247 230 -293 -184 -131 -245 82 139 -70 -330 376 162 -197 483 97 -302 -527 177 -419 65 383 -58 30 156 -111 149 36 69 -75 -82 207 27 -110 -375 -145 29 -100 -276 -119 108 -338 -336 -219 328 99 -303 -204 -241 109 -159 -20 -14 -273 -147 -122 -97 -63 -22 129 212 138 -143 140 -53 218 240 152 192 -209 249 106 -205 -112 55 -90 76 -94 58 -28 -250 -42 -117 82 82 -396 112 299 3 194 -168 -43 -25 257 -121 292 201 -116 -66 39 169 132 -122 156 -261 1 248 -116 -49 -5 9 125 17 1 -251 57 -141.8899999999999999999997250893577636793]
[-696 776 -152 -772 334 -819 -789 139 630 572 293 90 204 101 201 -356 -72 49 -155 -658 -208 89 4 33 85 -244 -126 243 -181 117 244 -178 -338 -88 39 -552 -186 579 -243 158 451 6 324 -302 -204 143 224 261 -106 -378 -80 -165 -44 242 -110 -86 -343 -489 302 75 44 -331 120 -338 19 -345 -270 31 442 178 -87 103 -266 443 172 -160 250 -161 -70 210 -40 -256 -69 57 628 -178 -255 -187 100 108 103 117 -123 56 -45 229 294 -186 -83 -63 -199 -223 -20 102 -432 258 269 -127 -21 107 6 324 -56 -112 253 -343 -267 -95 -347 -70 -237 165 130 -193 -436 -59 -109 357 108 241 -33 112 -580 -415 -333 84 -430 127 -101 189 -223 216 212 -222 164 40 260 9 178 -88 -80 -182 -93 23 -180 24 37 619 362 -193 133 -204 157 -367 23 227 85 -335 66 170 335 -410 383 -190 -157 -35 37 -416 35 -160 -135 330 -134 15 -410 -43 66 62 -254 63 15 -416 210 301 -173 -27 37 -162 206 -36 93 196 340 -28 -157 -145 -268 65 187 -46 -436 213 -425.6700000000000000000008644927599787334]
[379 14 717 -236 -600 749 -105 -320 645 726 -55 -185 64 -145 -269 125 72 298 199 361 -2 -126 -292 -326 156 157 205 270 339 -169 160 -372 393 -124 18 5 154 -291 -106 -26 -125 0 -57 283 233 -107 136 72 29 -336 -75 -303 -218 -73 120 330 -133 136 -466 276 152 231 358 -99 -103 329 45 -82 -364 -434 50 193 -26 -109 -89 -285 147 178 67 356 214 -136 28 182 19 93 -180 -52 182 -21 -73 -278 122 148 78 -11 -275 1 -219 -43 45 -87 -163 182 -211 96 -148 -330 -180 -85 -261 162 -35 107 -367 -273 -25 -418 -76 -191 211 -138 -175 -126 -34 -145 -167 0 -153 -234 -323 222 -80 -10 -51 14 -270 450 252 316 240 54 -164 -310 -78 -456 -155 156 5 -86 33 49 -427 -156 -199 92 60 164 373 220 92 -103 295 370 -115 225 252 53 24 219 -412 -242 -71 -98 460 -103 64 -65 -195 -299 186 -92 -30 245 -252 53 -46 -80 -56 483 -357 136 -373 185 126 181 -124 5 15 432 -76 -330 304 -61 87 134 -189 128 -266 364 6 -62 -212.8349999999999999999995731985384122475]
[305 -368 856 -556 -837 -140 -512 -170 223 -258 318 -104 213 -71 64 236 -101 176 168 151 131 -404 -226 -347 208 -131 38 284 256 -384 -246 -216 -236 89 -129 132 -426 -387 276 -38 113 -255 -61 249 -138 109 89 102 107 34 120 -305 202 52 63 619 -109 -193 37 215 -474 323 -42 254 -131 303 265 -100 117 -570 357 -38 -6 -81 57 295 230 184 214 149 -62 -55 -204 455 -345 -147 403 -318 -268 9 -454 -136 118 -109 -229 -73 -35 -152 -243 191 -126 -357 -200 -32 -130 151 -357 274 -9 -210 -182 -220 -182 -47 -780 -149 134 326 -21 313 78 -116 -103 378 135 -265 -215 -103 -102 -333 -92 157 330 34 166 106 264 95 -6 412 261 -117 -386 -85 -284 -245 206 40 36 -78 244 -221 156 0 397 -16 75 -277 287 57 197 -185 -90 -13 -33 -405 102 238 -217 -503 -143 306 198 -1 -202 -83 -113 34 -184 16 -58 -446 82 156 -71 234 -162 -121 -434 -89 -511 -165 49 -107 -151 1 310 518 40 157 -87 -204 -56 274 -253 130 269 57 -334 -53 301 -325 -283.7799999999999999999997765325924754044]
[-105 886 849 -300 204 188 1 408 254 -513 0 -154 -409 -515 -327 -571 210 632 249 -206 159 -16 88 425 63 -35 -211 149 299 -194 -81 170 -95 257 55 -88 293 117 176 -28 232 125 -130 -208 120 141 146 -285 113 124 133 -363 -216 142 -280 -114 -72 61 59 -445 -22 227 -121 -235 -460 -216 438 -12 -3 -42 -320 276 24 371 -205 -150 -63 -80 215 12 -335 -203 247 -564 -30 -224 76 -43 -107 196 146 231 193 3 -54 137 -78 -145 -129 141 174 -33 -69 93 -185 79 68 156 79 -87 -16 376 401 -270 -3 90 -228 -310 -326 26 -331 21 -265 -106 -128 96 53 9 -116 -205 211 -112 111 30 -52 189 299 -193 -64 50 -119 406 -190 390 143 94 73 245 1 21 33 -180 -122 54 189 72 389 -29 -326 -214 -36 80 -130 136 -106 211 246 241 163 -145 -47 -65 172 351 -236 32 85 -41 -132 14 -155 -20 352 -33 105 15 -29 -113 -25 7 -238 -163 -67 19 0 -203 151 -295 -98 113 342 189 127 -119 71 -174 -169 -215 354 187 -225 -674 -567.5599999999999999999997756503041857143]
[-380 -129 193 -285 -32 442 521 -572 367 867 118 46 -166 -364 482 -510 470 511 190 122 -27 20 -176 -185 -142 175 15 2 227 35 72 222 -276 -99 -58 11 -231 -267 -104 -22 189 89 -193 -331 -37 152 -392 -516 -272 -129 277 -201 -471 19 111 -48 236 -255 -74 -198 -29 189 -1 -34 -101 -247 39 -61 -197 -264 159 84 -164 -12 275 -370 -191 19 -6 212 -182 -55 -120 -51 10 -211 149 -205 -258 -667 167 -38 -227 -103 -577 491 321 215 21 -310 -284 -123 113 322 -120 622 51 -144 664 -30 -180 363 -40 -79 -89 -284 321 102 29 -58 -104 265 -262 -72 -386 8 52 0 -216 291 -67 209 -129 -10 -16 113 -114 -106 235 -262 -242 229 502 -169 63 -315 315 -290 4 -117 170 -102 237 248 -527 -77 -54 407 -431 -144 200 -155 54 -158 143 -209 134 14 -65 -3 178 -22 123 -24 -10 -232 -175 178 -206 261 68 99 37 -43 152 -263 -349 5 66 -15 92 48 -101 154 -90 -35 143 -90 179 -16 247 280 -97 390 -47 149 188 -416 146 169 65 -214 -141.8899999999999999999995248080247573367]
[289 -623 -980 -969 367 819 -517 -883 768 -982 431 -48 378 242 -101 276 6 353 -60 53 -58 -50 9 21 241 -161 -67 227 473 -255 42 -341 368 -127 -63 222 491 -838 68 125 -96 -315 43 63 -136 198 32 -72 41 37 244 -63 193 66 -151 549 -585 5 -11 98 -123 -259 378 179 -2 2 69 206 -117 -245 -26 -434 91 -276 203 217 140 421 25 265 405 -131 63 255 -30 168 393 255 -104 191 -138 -105 -101 -355 111 -165 -190 -113 -85 85 -179 -348 -381 -233 376 -152 -85 354 -293 219 -287 -301 -8 -92 -406 -15 48 174 -1 13 -147 -122 165 293 36 -182 7 -210 173 -322 248 265 -76 -260 180 53 -197 377 -70 6 424 -135 12 382 212 163 76 111 -375 298 -34 -21 -30 -454 66 -160 370 -234 338 -21 282 79 17 53 131 -166 -45 170 -56 94 74 81 274 -332 -67 62 -211 -206 263 61 218 31 304 -84 -377 340 -200 60 -46 65 98 -140 -20 349 20 159 90 -6 -90 282 26 -44 241 -204 175 -100 468 50 35 -310 -51 -226 -212.8350000000000000000001501334003279256]
[-846 -136 -403 685 -95 725 76 131 657 -594 97 -127 24 -147 116 -381 135 -199 -375 242 -174 -48 81 -132 179 23 146 -51 -131 393 405 191 151 -428 -5 -423 65 27 -466 223 -334 -116 165 77 58 -309 5 -61 -91 57 -100 -96 -159 240 -444 384 -642 228 65 -36 -205 -100 66 254 -155 -31 27 -143 -138 -75 -19 170 -74 147 -315 29 -53 307 -149 132 -139 -302 -165 279 377 459 -430 86 -285 -231 340 122 -118 32 295 253 308 -306 229 -139 -118 90 -178 167 88 -416 -192 -2 232 55 -293 244 -186 -25 -184 -161 57 320 -205 -334 287 241 102 -225 -129 301 -202 221 -471 -654 -52 104 -151 149 -93 123 -318 27 -88 -80 253 99 -467 -105 -80 -109 182 387 33 -231 -206 243 -354 68 162 -47 475 -198 11 -1 -203 29 30 377 -347 24 -106 192 57 1 -212 -90 -319 18 20 -75 45 0 357 -359 178 100 -102 -89 -209 12 223 291 -730 132 21 -42 -192 128 -541 99 -446 -205 -143 -51 326 188 275 -210 -238 450 -420 -137 -368 -52 390 -101 70.94500000000000000000045473582040367899]
[518 -167 951 352 435 268 -657 562 535 31 -5 -128 -140 -204 -81 375 29 28 -255 -71 130 -197 94 95 47 75 -354 71 -96 402 334 -458 -199 -160 -472 -325 -136 -38 130 -305 -185 -190 57 -254 237 -294 294 44 -174 79 78 -2 -135 343 -444 428 92 239 231 -43 -64 -51 -435 224 145 85 -443 -160 -108 154 117 203 -109 125 -283 -3 -138 54 289 -39 -312 -49 60 -81 -21 302 -266 -572 52 58 263 61 -694 -29 534 -155 348 -35 -165 -101 -503 -393 11 -399 52 51 -142 -345 -55 -327 19 86 -173 -14 115 183 255 109 212 403 -84 -198 278 -334 -418 229 -218 -56 201 -189 -301 -174 12 46 181 105 21 -257 -192 258 81 -188 -105 -266 -86 103 -198 -340 324 -402 232 -200 -83 -295 44 21 -38 39 136 289 -114 221 214 -123 15 -390 -59 95 428 182 -70 336 23 255 444 -246 -82 161 -252 -111 178 6 -96 24 117 70 12 30 -163 100 63 232 162 -101 -275 186 201 90 306 269 195 34 140 -324 634 -168 -142 -110 -481 169 85 46 -141.8900000000000000000003898904629327794]
[-12 139 -225 142 -62 759 504 89 802 -190 -48 -176 -123 -9 133 466 147 -211 35 -371 -142 -35 101 -153 -313 -98 14 -96 -160 245 270 -78 -474 185 -56 -322 -187 499 49 -91 95 -55 48 -234 121 1 -200 -603 -42 58 -18 203 -234 528 9 -229 -17 -152 117 55 86 -75 -102 -36 -53 -11 -371 -63 248 296 -152 323 -108 144 -466 -620 103 -247 -34 -261 -110 -53 -196 -527 143 260 -137 -291 -152 274 203 159 161 -232 189 50 -296 451 -99 -282 -72 345 96 174 -392 103 172 -303 199 -67 405 85 -144 128 346 -69 -74 -158 185 -70 -166 103 61 -135 -13 -45 142 155 30 -334 -44 -225 28 269 -416 -48 27 -80 150 -44 23 127 -75 -121 -156 270 -86 -6 321 -454 -254 -212 129 103 -62 153 80 376 -173 -174 26 380 14 -102 298 263 143 -245 79 425 57 -483 -11 -33 50 -13 33 163 -175 165 -126 -78 -110 129 245 -80 -168 68 230 -475 -2 0 209 -204 -5 247 -193 -111 64 -22 -158 -54 -113 81 -211 -298 -533 292 167 159 62 162 141.8899999999999999999992746543373430701]
[-688 533 -117 515 -62 -865 -891 -35 452 557 -14 -205 -103 571 83 -108 -117 -173 -123 39 429 158 126 -105 -6 -205 -67 94 17 -373 -278 15 -348 -209 -312 120 -275 -198 -211 -50 206 -159 151 -138 -339 -247 -1 -345 184 374 539 49 -155 -86 234 -315 -231 13 -59 229 0 214 -39 255 -207 45 -257 -60 -67 -212 23 67 -85 -483 279 45 77 -78 291 -102 51 -55 -137 79 224 226 552 -162 28 -69 27 -108 57 -53 60 -158 -276 69 -324 345 -63 -155 -232 -186 -126 -12 -181 -134 182 61 418 197 -200 273 123 -5 58 300 -271 76 -146 -102 89 162 29 -214 -212 47 -113 -270 -124 141 -102 -103 158 275 -397 -79 140 -209 13 -246 -99 26 28 -115 92 -66 225 11 -230 -27 318 -483 -49 13 40 3 254 -33 -8 164 62 -176 -113 -366 -31 -238 259 199 -120 145 65 -340 45 -144 -333 -127 266 154 -42 150 -39 -63 356 39 -174 216 142 146 25 76 -553 129 119 10 323 -258 54 -153 -139 -292 228 -61 55 185 79 -272 -378 298 44 59 0.4267922658677347343168417779108716678115e-21]
[-199 824 168 325 -300 -110 -178 652 33 -767 383 -262 -633 249 104 -62 117 -256 -21 269 -139 -388 357 332 -125 45 755 12 224 -142 153 124 28 453 125 627 -35 142 0 267 -11 2 79 -172 -104 -15 -299 -174 228 70 -287 44 445 -281 -165 -634 200 -126 221 -247 42 -22 262 -10 -225 -142 442 293 202 -7 50 167 168 -30 -160 154 -370 171 -56 -286 -267 -336 -117 303 65 45 -125 -4 -121 -9 -105 -56 207 401 -138 235 476 -2 241 403 191 76 93 84 -36 324 367 274 -123 104 -199 218 302 142 -117 -67 -300 448 -244 -405 -165 -179 -333 87 252 -455 24 -75 -259 -184 307 472 23 533 -129 67 160 -52 89 -414 20 304 -242 -98 -176 326 55 -1 -202 244 -223 -271 180 282 -84 -107 -120 12 -252 -284 -219 -427 -57 134 -147 512 -150 153 -230 -35 -510 239 103 551 -66 -198 -16 117 -93 156 -241 67 18 125 -173 162 -178 180 -218 -151 292 50 -476 -283 58 -109 -66 390 -136 -420 83 3 -154 -182 -427 199 -83 65 -161 262 290 65 425.6700000000000000000000716282026479949]
[551 -842 -293 -485 58 -303 -909 996 -812 938 -295 -390 -477 280 87 20 140 -30 15 270 -31 -43 -279 -235 -196 -76 -99 211 -2 -33 130 -528 71 79 517 485 -433 -275 -168 -369 -38 351 26 195 135 -194 129 50 -208 -59 -129 -146 140 -112 58 -240 4 15 -42 85 79 322 20 148 -130 -180 123 424 94 -226 115 209 93 -64 -117 -98 -35 -293 137 -510 -192 21 13 188 -448 58 -522 -301 181 -380 318 -260 298 307 40 -55 -198 37 -694 -44 -185 122 -22 514 -128 87 -382 -430 -242 9 365 132 44 -48 80 -44 -90 265 115 70 -273 -172 -55 154 -92 75 -129 -136 -153 126 -162 141 3 3 -109 -158 112 -240 84 -44 171 -137 257 -324 257 -139 -439 -51 18 -54 -249 -146 -106 -376 234 -90 289 260 -314 51 70 -410 3 62 61 -136 246 95 227 22 -145 95 -330 143 297 -134 46 -220 -384 -7 -39 55 -301 530 -49 -156 -117 221 277 15 -526 34 23 54 185 22 21 -323 20 -212 327 -347 179 -33 37 -107 -311 183 -22 397 50 -160 -141.8900000000000000000007394497499478451]
[-739 -320 518 984 107 187 252 -459 365 -100 -457 157 286 -191 -128 407 -152 -292 -135 155 -427 -674 -246 158 -238 -601 -27 -65 372 60 -43 73 274 146 -111 -24 16 -77 -14 -143 173 -389 -73 -80 -143 49 330 -51 -81 56 118 147 -379 -136 -102 449 14 239 -57 -131 60 329 -367 -191 312 -53 111 -104 -21 275 301 -336 394 488 289 476 -3 -1 -221 -105 -240 424 -36 -113 260 204 -177 350 14 -74 300 125 -41 441 538 -360 -228 100 183 -339 46 95 -302 -316 -158 -245 -153 305 -181 -374 -221 -51 -243 26 24 423 402 -34 -143 40 -20 124 8 233 344 4 -38 -354 138 -236 209 -420 40 -62 -24 -18 101 81 -101 -18 337 -113 -357 65 -78 -228 -246 48 -423 3 -175 70 -173 -135 417 -123 -275 -154 360 -269 -114 -33 -9 35 29 -87 153 176 489 -380 -133 -85 71 293 -137 -56 201 98 -83 -249 27 102 -294 378 47 -135 295 -123 -233 -165 -59 158 -21 -67 -169 -98 167 185 227 173 355 -137 257 -121 30 106 117 153 486 126 -244 -101 354.7249999999999999999993220642522117095]
[289 85 -975 790 530 498 100 198 681 -337 142 201 -13 191 -127 91 -56 228 22 486 -144 124 -110 57 226 223 488 -137 -166 -264 -75 -231 245 185 188 -80 -102 200 196 411 -300 247 389 223 -317 -405 158 -180 -22 -183 -392 334 77 226 349 -110 212 91 -101 -222 -340 -489 376 73 -55 93 343 261 121 115 51 -69 136 124 -589 -409 135 -127 -309 -36 -54 -192 68 263 382 -85 -93 327 187 -35 39 -247 401 340 -78 -115 -714 -65 23 -194 358 272 54 289 -402 -184 308 29 73 257 423 -38 -85 -466 -130 -86 -87 -111 169 39 -266 -379 -82 401 189 456 145 60 -162 -41 -93 73 358 64 309 136 -161 -29 212 -305 -229 -399 157 -36 -200 -293 246 -27 21 69 -130 145 83 87 -60 264 159 -189 -60 -255 -338 -68 110 142 -5 149 149 109 175 114 -283 250 -263 -206 -304 -90 169 -420 -291 -469 -250 259 -275 381 -300 273 350 -85 291 18 -4 -154 28 -72 161 -60 71 -243 -269 -142 -368 329 306 163 -557 4 -10 98 281 151 -40 -225 283.7799999999999999999995016764263226256]
[-226 132 824 -748 -159 804 949 753 164 325 -165 105 -338 -130 -67 -33 211 -149 383 649 571 -146 -84 295 -121 161 25 -35 26 -557 228 -248 -4 177 31 52 295 308 23 265 85 525 -100 -165 283 -401 -73 -614 -211 144 -83 75 333 -279 -308 6 -99 385 276 -100 307 -176 69 185 -108 -217 21 11 -204 141 -132 144 -119 7 -144 20 -195 -108 -168 11 -67 -453 -303 -336 -366 -133 -67 -158 315 -58 -70 -7 225 399 -246 -89 345 -318 -156 98 345 -266 203 451 -260 -137 566 -239 -366 -240 345 51 95 255 -13 -219 20 229 -131 -105 -221 -335 275 31 310 95 123 313 218 -250 76 160 -226 -123 154 -144 -13 174 -243 -138 409 130 -239 301 -248 43 -215 159 169 40 -105 -233 -62 -226 30 -13 175 89 -357 595 -334 -330 42 2 158 87 98 37 321 16 -3 -359 15 -176 255 -222 3 394 295 -174 -331 -311 263 332 -184 -240 126 13 131 179 67 287 -144 225 -264 -76 309 -288 179 -290 113 -210 32 -175 20 -158 -172 135 -9 187 -234 183 141.8900000000000000000001613583169709171]
[728 7 -413 -109 699 -352 -505 -518 -492 -717 -244 330 -383 -328 67 160 367 -114 164 596 -166 -247 -172 159 -142 -287 -105 -341 65 -27 459 324 -116 8 -116 173 102 -41 40 -72 -7 -103 -9 -180 -188 166 -150 -521 58 -379 -148 316 -342 113 -132 71 170 94 186 124 299 -165 58 -189 135 -334 575 -243 -22 -97 -209 42 -178 198 158 -402 -154 -576 -186 568 -240 28 -209 -19 13 -88 55 81 271 -134 223 4 278 -38 -325 -21 -261 362 149 -66 116 216 -15 405 276 250 474 166 346 -608 188 179 124 -1 331 362 -8 -39 91 -158 -70 -279 -19 -92 80 62 214 -33 -108 44 151 183 127 7 94 500 141 363 239 -56 -1 582 151 -387 -13 84 -211 -52 -313 -171 -7 -356 162 -136 -287 122 -469 393 -476 -275 222 160 253 -259 -285 225 2 -69 -19 192 -162 -81 -36 113 72 -351 325 399 -60 18 73 -118 296 189 32 -201 -125 -325 144 -264 7 299 206 -367 346 84 281 45 364 166 101 -204 121 -192 -91 65 331 11 334 -104 37 7 70.94500000000000000000098670891762667411]
[856 990 -549 -474 346 -352 643 -612 184 -655 -400 -27 -162 -211 256 8 358 264 291 167 49 -253 5 128 -559 -129 99 143 -28 25 40 -355 -54 242 257 166 100 17 -159 84 -177 33 137 6 386 -511 -111 332 -425 118 -300 1 42 -80 -148 299 -179 -141 -155 181 42 235 -35 152 44 -57 14 205 299 73 402 15 -54 -195 308 199 -97 -9 50 -32 -122 -435 -14 157 18 -99 -345 236 421 -258 -148 14 102 3 -30 113 317 199 370 11 -366 77 193 115 426 175 61 -29 79 50 -737 -3 -77 360 33 198 -4 -88 17 496 -252 77 -33 -224 -232 241 -388 21 347 -242 27 201 -411 -6 -137 7 219 237 -315 -16 68 121 153 -404 209 -97 290 -186 95 -139 151 171 -277 -279 -136 -39 -13 396 -36 98 -75 -410 49 103 -245 191 66 161 -241 118 271 -309 130 -52 90 -89 166 88 303 -169 521 -105 35 57 64 -153 296 266 -63 -249 -159 7 245 -63 292 60 -365 -52 23 40 159 243 -30 -383 138 322 -239 221 -278 -216 -275 389 -425.6699999999999999999991935747076237332]
[-752 -915 945 154 -720 564 -893 -921 -959 876 110 143 107 157 145 -301 361 84 149 -35 -22 -78 -145 232 -184 -40 -216 -134 176 -117 -5 -343 -65 -271 167 -338 187 196 220 -89 -176 263 31 -90 16 -413 145 -51 -91 -63 73 -46 -82 -67 -146 -6 -242 130 -61 79 91 -307 88 -64 -128 430 -270 449 86 342 -349 -370 -126 23 356 302 153 162 533 -178 187 -132 -312 117 98 -65 84 -172 79 -193 31 5 -234 -304 508 -10 44 -251 23 -97 -141 38 -189 -94 56 -111 -119 9 -55 13 -142 71 7 -84 -42 91 -47 182 -207 250 -141 31 -67 -13 -66 334 -93 -69 459 -111 -238 32 101 131 66 -10 -216 -126 -314 76 -16 -174 486 -52 -58 -378 446 -175 -354 -60 102 -154 -170 36 226 -113 136 -9 -148 -104 -40 147 27 -362 121 99 -44 53 -23 -19 183 -303 -77 150 9 102 207 -612 19 -278 386 188 -132 -39 -43 269 274 73 86 34 59 106 -70 179 -28 287 2 -189 363 -243 1 -268 29 -336 -13 -7 -321 -50 -142 241 139 -95 -212.835000000000000000000062755241093782]
[-982 -8 -541 -526 -273 -740 94 286 949 -962 -144 -328 -20 -229 -610 -174 -696 179 -303 383 -317 -149 -382 -96 -42 -196 8 -116 -204 70 272 -173 531 -25 156 15 -74 113 -45 -435 -18 17 -230 -119 209 126 78 -281 -74 -336 142 110 172 -345 47 -285 4 -420 -87 -4 227 219 -162 -417 -255 -340 7 -328 -554 -26 67 184 -110 -186 -10 -156 -77 46 -149 -271 113 -140 219 -56 -68 101 417 120 203 -202 341 157 -146 290 9 147 358 -23 -215 -274 17 330 -10 82 -179 -69 -135 -52 -7 -204 54 -275 -162 428 354 -131 47 -16 48 617 -25 -26 -98 -89 -566 136 43 21 167 -120 58 -198 213 -204 -23 -51 495 -57 -127 6 -12 -235 -495 -735 49 -7 -140 -352 -93 -204 177 177 -177 90 43 125 54 200 -71 375 244 -118 142 3 -295 -337 171 133 224 -22 -9 175 164 -39 250 -27 -96 262 -574 145 -254 87 -45 -2 228 -107 -45 -441 236 13 -173 -115 -146 -344 423 239 -322 20 -230 8 237 384 22 -39 20 311 -273 273 298 -226 230 67 496.614999999999999999999619518430273166]
[439 834 -160 467 853 212 -559 656 924 -662 -611 228 -175 493 -324 256 -180 -6 281 -104 64 -335 -30 -51 -201 68 282 -2 7 -451 334 -33 277 -12 170 23 63 -62 369 -91 -25 83 253 -225 -30 177 -15 36 -42 -344 272 254 232 -210 -185 -266 -65 -69 279 -111 96 -207 -223 -34 -145 145 20 162 -197 27 -213 83 -3 -2 240 406 -265 -15 -166 -125 143 4 -173 -300 -268 70 -155 -25 99 506 -282 351 -170 361 -179 -72 -285 -345 -183 486 411 -99 12 -68 -127 275 386 -134 -269 36 233 -274 156 70 157 -251 -254 171 507 -131 -23 189 124 3 -23 -318 344 -243 175 228 286 306 75 -65 239 315 118 -69 25 -93 263 -103 -59 69 -16 113 -108 20 205 120 -23 153 328 18 44 -144 -55 126 -423 684 -203 165 425 65 268 255 -45 544 -165 -191 -162 3 220 89 347 -196 172 -170 -42 -99 -190 6 140 142 -245 10 337 -302 177 97 198 -231 -384 -116 92 80 394 109 45 -217 39 -262 -51 71 -338 -46 246 -165 138 -72 223 -59 70.94499999999999999999934539374795341902]
[-137 -101 -380 759 -759 -186 209 -555 121 -448 92 -56 -147 182 420 160 -8 -254 -18 125 -251 24 517 -197 -142 134 250 -77 -178 -218 140 100 -157 513 -157 179 -44 -356 81 439 57 47 221 -306 324 -118 -242 34 -245 361 -292 72 -197 378 -396 -270 81 -338 -241 -307 -145 9 -231 36 134 -330 -87 -350 367 -62 731 118 17 25 160 -170 -701 -121 -144 237 -470 -151 -226 -163 91 175 21 90 -221 -10 128 96 -123 116 -479 64 -236 -5 303 223 298 403 164 -23 184 -8 246 269 85 388 -97 182 122 -506 18 66 -169 -118 -114 -207 -20 76 135 -5 100 -38 47 27 -394 239 263 -305 -260 80 172 -85 189 -365 -63 -178 47 158 332 16 465 587 138 214 -34 252 -27 287 80 66 -231 -8 -263 431 -610 -50 -392 -320 42 -125 -135 -96 201 89 4 132 260 -141 84 -35 -145 235 99 341 84 -45 201 -389 -257 41 -288 -410 -453 282 180 -335 5 -45 62 63 -365 38 292 -318 -214 230 150 302 -369 -235 -91 44 274 -67 148 -243 -251 276 -0.9663178795319923713197075223894135648232e-22]
[-168 -753 588 -56 491 -577 -750 258 693 -417 -136 54 91 15 -82 -47 -176 12 -318 27 -275 264 -6 61 -193 -204 71 208 -166 54 262 81 -173 -167 -100 -366 -188 136 20 -71 -4 -183 230 115 -277 -212 315 74 -52 46 -57 119 -194 23 -272 -211 89 -174 4 113 -442 61 -49 152 266 31 110 42 197 -128 304 182 223 -80 -267 -120 -99 -232 104 256 -163 607 148 -9 234 -241 -620 -142 60 -8 114 -12 -575 238 316 -316 -86 307 306 -99 134 -134 180 496 226 129 148 -269 134 32 -210 296 -9 -29 391 50 -1 -289 336 303 -470 -127 -49 -180 202 -120 -504 104 -85 251 -385 370 -89 23 -16 -93 351 308 367 174 25 22 216 -462 207 64 -103 -35 274 -259 120 -102 -228 -38 -99 -91 -246 301 52 -720 262 37 -96 -102 -301 -70 -18 -187 -67 129 125 -196 281 153 -87 -194 158 -261 -1 -146 222 122 32 -87 -47 -144 -117 26 197 -217 -116 -77 131 84 313 -164 144 125 230 206 -31 -165 170 78 60 -18 300 231 403 -218 -154 588 -354.7249999999999999999999249098122283363]
[478 -996 -136 -659 -672 598 872 762 -934 -710 -613 -231 250 99 -89 -18 49 -225 253 89 -365 -133 -408 -266 -101 464 38 -55 -12 -58 52 -90 170 -216 27 -55 -229 157 -170 417 -273 408 65 40 230 108 52 -100 -155 232 110 110 -315 181 -169 435 -113 365 -187 73 32 93 -213 -104 282 21 127 -259 -40 -1 244 -246 -116 146 -390 112 -264 -26 -294 172 72 354 161 -249 -131 295 -225 109 7 -344 205 -178 20 106 8 -65 -79 -55 -63 -407 1 341 -38 63 146 -281 -129 110 -153 -54 323 -36 49 -33 -124 74 488 -461 -326 119 -231 -339 291 -165 173 26 -202 55 -147 111 -52 -130 -2 97 48 -267 -36 31 -8 -130 40 -258 -88 -49 248 306 267 166 -118 269 40 103 -141 236 -39 -49 -205 231 -40 58 24 -126 -144 81 69 -539 -265 -110 100 16 -34 -175 -325 158 -316 202 285 332 -164 -15 249 -108 -297 107 66 -85 147 -118 65 -94 100 -213 8 20 -363 82 -165 -472 -128 130 150 -142 338 -44 -90 118 -92 -149 93 217 -242 206 354.7249999999999999999993364165477075854]
[542 63 306 -854 -799 440 -56 877 571 -330 90 -199 329 -121 -107 74 -4 -45 104 12 -363 -230 218 6 -374 340 267 78 42 -471 -108 -482 433 146 215 406 150 35 68 354 153 77 295 -231 59 -264 505 -33 -324 124 -124 -27 -34 54 -23 168 -239 -264 -523 -6 -221 1 291 -316 79 208 -47 225 219 -253 346 -102 168 110 -344 -88 -35 41 -17 165 -37 -368 -8 -87 -308 -397 41 371 44 -98 122 -53 -6 -102 -461 447 139 44 -142 94 -145 -41 -98 -74 -132 61 -29 62 -21 138 -129 366 -60 55 -294 230 -139 195 -166 376 -423 -237 253 -240 -85 -38 -394 -145 -182 270 -116 131 9 85 -69 389 -156 80 -325 -127 37 -181 303 -236 361 -241 446 167 -26 375 -38 230 -13 -68 162 199 -2 604 -155 -221 -364 -580 86 -155 -22 -156 29 208 305 297 102 -289 51 -42 94 104 253 -39 -106 -74 57 -269 -118 408 -359 -4 -232 0 93 -70 112 -276 128 40 -203 -291 22 -213 -215 164 52 290 111 -210 49 397 118 -122 -52 109 -323 110 70.94500000000000000000130815278546110503]
[547 664 -54 497 44 -51 -37 454 -806 530 -79 105 -181 -397 363 -98 3 -96 326 -250 257 -111 -393 -68 -115 -15 -285 -62 -192 24 102 1 -15 -232 -428 207 -168 -396 -251 54 200 33 -118 -152 26 -24 -129 -87 -510 -323 114 254 -428 70 -130 -58 -106 370 190 -214 98 278 -410 132 -255 -99 -35 -139 104 -100 -187 -9 -8 35 -117 -104 249 49 62 66 -401 -342 -517 -161 -108 103 215 -17 28 -33 65 -102 -74 -114 47 16 -286 -58 -180 298 -52 -97 362 -21 -121 128 -211 -111 250 218 -59 207 17 150 -89 -30 -69 303 -21 -57 45 241 65 335 -205 -240 438 -168 111 -2 189 -364 77 120 -62 465 -41 -84 -180 -144 -157 133 -41 251 -35 1 -106 -84 232 -14 -200 -237 351 -49 73 -123 -92 -5 -110 331 53 461 -6 94 47 126 71 -63 -70 360 18 311 -7 -367 150 -152 -217 193 143 -22 -44 -72 35 -141 384 44 -111 196 -92 11 -20 93 -159 158 15 182 283 -183 167 -231 57 -33 -39 -41 144 -183 -133 74 -339 136 194 -437 -70.94499999999999999999974455376878952319]
[312 -947 -236 -544 198 -375 980 63 306 -341 -146 157 44 -276 5 59 69 124 -115 -138 280 -262 -48 101 -54 -46 61 -212 -71 45 52 180 -286 230 -9 -155 -29 301 -105 159 -239 237 348 471 -47 -94 -211 227 -167 208 -269 -294 1 195 -45 -111 -149 134 230 -75 63 173 -102 -97 -269 -210 452 547 66 42 -519 -93 -147 76 -127 -301 216 163 28 -507 -115 59 -416 241 0 66 -249 86 280 78 142 -68 191 33 128 482 -92 -135 -35 351 199 70 140 20 -245 -211 -133 282 -4 -73 -137 -251 107 -5 482 -131 135 265 -311 163 -49 119 169 -187 -287 135 251 315 -68 -314 66 358 -38 178 -56 -164 13 -181 -115 59 -101 173 -263 -183 -364 26 186 220 130 -12 -56 361 102 -304 -589 72 403 -56 -97 -61 -164 221 84 -80 -97 352 -102 -47 133 98 -112 114 -67 -43 166 0 25 -352 348 129 -127 -57 45 63 -292 36 -113 127 46 28 108 -330 -228 5 -142 -208 38 223 -259 -152 -49 113 -118 -272 -180 202 130 -93 -280 163 156 -9 141.8900000000000000000005415428377791199]
[-14 -184 -898 416 296 95 -926 -646 219 -714 416 -265 356 127 269 -174 19 251 -93 61 258 96 153 52 70 341 193 96 -170 -279 -445 -22 -477 101 -160 123 -98 -53 179 325 264 -106 28 -129 220 -206 -113 298 -297 59 184 -64 182 369 -377 121 -180 -88 -59 -80 16 -45 104 93 -4 80 -135 -112 361 -22 36 217 39 -139 -140 -218 -283 88 188 265 17 -364 -39 234 2 -170 -372 -79 139 303 202 67 -459 173 -438 39 218 -150 -35 67 -179 -7 125 -218 -43 -85 -161 61 123 58 -86 173 70 -77 -318 256 -11 341 173 -66 150 -206 15 -295 367 -191 -138 202 -48 -181 -26 -214 -195 126 80 -57 -221 -48 -141 -4 -10 -211 123 174 263 220 91 283 202 117 60 166 -394 155 116 247 -182 8 -262 574 271 -309 -54 307 -239 -63 -53 103 122 -81 -279 -290 -147 79 -14 309 188 311 -196 98 -397 -377 -270 -103 -391 -112 9 73 -77 28 56 78 -53 80 -234 -62 74 -460 -341 12 288 -173 18 418 -76 -206 -262 31 -40 -247 -2 98 -141.8899999999999999999994654445124563514]
[-225 -800 960 -75 215 -71 959 36 -905 557 228 205 397 50 -21 214 -280 -339 -175 223 -217 85 395 -17 54 -266 115 173 -246 211 -105 356 242 262 7 257 -39 438 183 292 73 161 -403 244 -59 -97 -264 -281 -219 -253 177 193 159 -463 -172 -204 53 176 80 9 -125 32 -248 18 202 -81 391 81 284 159 -285 -110 79 276 -474 -149 101 70 -210 132 42 -266 -124 192 -251 -260 84 2 10 44 74 75 -53 188 -11 -106 170 -102 455 12 701 -126 -30 -79 -245 -115 71 202 -79 261 30 -10 84 -202 -174 -290 -130 89 112 -179 -268 -504 61 217 425 93 487 -58 14 -92 -58 74 -11 -247 -370 -23 96 78 12 -124 412 -139 -291 229 -96 409 -207 280 -3 -363 -153 -113 17 234 -59 252 -275 -364 -422 206 -331 -7 -185 135 328 -224 174 -347 -368 37 -134 -156 203 153 -486 -178 180 -2 -128 90 -285 -440 -2 199 35 -71 -283 -131 330 101 205 30 70 -285 389 -460 749 -70 60 -376 37 -134 -435 280 -142 -450 61 223 273 -83 -113 -44 141.8899999999999999999992260026726107722]
[775 769 -299 696 762 732 243 -490 825 815 182 70 286 176 -24 302 -69 -248 24 -331 305 353 -52 -308 -91 -232 224 150 -203 53 -45 -83 132 -244 -308 88 -438 42 -378 379 181 -435 -22 -63 -328 164 33 23 -136 -21 -116 -333 -77 49 -15 -40 -96 -176 214 184 -88 -267 -84 -25 -152 363 -195 -162 201 122 -42 -209 -347 252 286 78 242 4 -42 146 -41 4 -120 211 43 232 307 -387 -257 180 -48 -355 291 -196 -361 -55 310 -171 151 -163 -10 -151 189 -2 304 140 45 243 178 -19 -18 165 34 -301 -127 -19 -23 456 -335 306 -264 170 -55 66 142 -302 98 167 -318 109 38 22 551 -201 -316 411 404 -76 -115 51 360 -163 -404 -102 38 281 67 13 -134 -137 -145 -669 -42 293 -35 -19 -401 -3 51 292 -132 251 197 -20 121 -137 -47 -155 -16 103 364 139 -64 -198 -133 251 64 115 200 -143 -27 -425 25 175 -250 306 165 -199 -185 172 -308 -5 -136 -195 -198 -149 67 -79 -51 164 -220 -207 -118 -114 -373 104 197 -13 -173 -305 -332 -41 141.8900000000000000000003759294676894421]
[543 -971 135 -671 154 287 371 -334 323 -415 263 119 298 -252 369 282 267 -134 525 -131 -266 -350 -108 -254 291 143 120 -125 203 355 -131 351 481 -27 118 -255 90 -32 112 212 -277 -311 -287 196 385 324 -373 -203 165 -255 -207 -137 -155 114 12 256 152 -58 -89 4 171 -158 82 153 -57 242 -14 -386 15 -111 -124 -24 28 -243 -135 208 310 678 -53 312 225 -358 -125 399 69 190 453 -299 -199 79 -302 -243 146 -378 27 196 -31 153 84 -6 57 -66 82 -21 68 -117 -131 97 259 219 -245 -310 189 -82 -890 -296 -533 100 -11 -221 398 38 -83 100 343 16 115 231 -247 -384 -164 -77 23 129 -403 -295 266 183 -80 3 160 187 -61 73 150 -78 74 229 -73 -87 346 -314 50 528 204 34 -24 -128 148 627 91 -16 83 415 85 281 126 -1 -561 -183 -298 -227 -245 54 39 228 -11 -7 -247 -42 217 -210 -117 110 229 239 -306 -257 42 23 -80 109 -20 -115 -61 307 -362 123 -2 227 -190 142 -272 131 -548 -39 -57 129 -289 -304 337 -239 -212.8349999999999999999996759651272313951]
[-316 -893 -354 -36 -527 882 -306 -474 44 -373 311 -486 198 156 390 -140 -56 507 139 -126 18 -395 -238 -109 -209 -80 398 -280 86 -57 152 -202 221 -41 -15 -130 215 -181 157 82 210 240 158 132 350 -91 -136 62 -86 -255 -21 -122 96 -288 105 180 35 94 -197 -357 92 101 277 -100 -231 -24 139 565 158 315 -401 -239 -36 176 -2 -76 -247 120 7 -375 274 -247 -178 570 196 -389 -200 106 30 10 177 -253 -117 -30 -257 497 181 168 158 -16 -448 -23 256 -31 -169 84 -66 23 -333 54 -268 100 81 376 -131 -408 35 -21 -425 -2 -51 -116 -320 -401 -62 -51 222 -5 223 -93 -58 126 -15 101 -179 -90 -39 124 -303 5 81 -223 -281 -390 -34 -230 233 24 62 -304 32 570 -171 189 -390 217 76 40 33 350 251 -407 -81 57 52 359 -186 40 -250 -83 -485 -144 63 193 188 271 342 -262 -427 -50 -342 -71 -185 -92 -201 -197 -67 -169 -51 93 98 -223 -478 -237 -302 184 -233 54 -173 -272 -132 -38 -130 183 -26 346 -273 -88 56 73 -13 -87 -141.8899999999999999999993388022342362357]
[-836 -169 -214 920 -771 -456 -481 -822 677 -835 342 18 -114 290 33 -55 149 107 378 -150 91 5 -58 -264 345 359 547 -102 196 -98 198 -181 -147 186 186 201 -195 172 -224 410 19 133 126 8 -81 -22 -339 315 63 5 -395 -388 190 144 42 54 5 -131 390 155 -130 -492 165 49 2 52 -61 152 19 -66 -60 -43 -175 305 -245 225 77 88 -94 15 -273 -4 -235 97 116 -170 -368 162 -276 275 -214 -231 329 55 -598 618 436 48 30 323 -50 -394 136 170 111 73 -51 -88 -110 -228 -10 -44 44 72 -237 -155 -96 471 -115 -222 274 225 -69 26 -208 58 -280 28 -250 88 325 575 54 154 -98 164 -192 -39 -68 -80 246 -6 29 -138 55 116 89 -57 21 182 20 -145 57 330 -1 -246 281 535 -224 -30 10 -455 4 94 55 299 -14 301 24 90 22 307 -168 -88 178 -201 63 367 506 -37 80 103 -45 -153 -296 336 82 99 -310 -87 -211 -87 -78 139 -249 -300 -202 260 66 13 -120 23 -24 115 -352 295 -312 -141 -73 -67 -120 -88 70.94499999999999999999929631348562498369]
[59 -899 -664 994 -843 598 -115 633 629 -648 -55 148 -35 42 -4 457 159 -637 56 181 20 -315 17 98 -120 77 265 -73 -92 -501 -190 -398 -55 182 -23 -57 -3 320 -33 213 -201 242 435 137 201 -483 149 -250 -440 456 -53 124 447 59 -308 319 -86 298 73 142 -49 -239 18 18 -61 417 -139 324 37 -228 221 2 18 -298 -169 160 149 -125 145 -10 212 -341 -487 -421 -246 -224 219 -37 57 239 -153 9 -70 39 -235 -55 195 -74 -314 -125 89 -202 -320 -18 -250 25 37 203 -374 6 174 98 246 60 32 253 -26 28 58 240 -70 -259 454 -116 107 -20 -165 185 64 -496 -70 266 236 407 -96 -81 -73 5 -241 -139 33 -52 61 60 -55 181 108 82 19 107 33 -248 82 -175 162 -107 355 89 -119 120 -287 -32 -266 142 -57 -27 -130 -4 229 285 234 -626 20 -213 96 -23 142 195 337 -215 90 -141 134 217 -308 97 -101 -126 -206 -64 405 -255 260 -31 -279 -106 463 92 -134 -37 -385 -165 -114 -175 57 317 48 -132 -237 45 -98 356 354.7250000000000000000000314041411670003]
[996 -488 -816 -292 -167 -887 435 -366 -497 -913 839 65 339 -214 403 -158 109 329 -307 -235 -81 113 189 117 220 197 240 -105 -193 266 -326 36 -143 72 -40 -354 288 295 129 204 193 -358 169 -117 -40 -252 -352 12 -94 -94 -152 31 -224 -4 19 231 7 118 176 -163 -67 -406 -9 41 218 250 -265 350 100 223 -115 -66 121 148 506 2 -362 219 253 -203 44 -289 -231 527 353 -25 45 -184 87 93 73 -108 -16 221 29 -108 436 -253 517 92 -387 -216 194 97 278 19 -75 612 2 279 -424 70 91 86 13 75 126 239 -237 -295 150 725 -266 -57 -133 -2 21 307 412 267 69 145 -251 222 -269 -93 74 -250 -25 -81 -325 -214 264 125 27 178 -110 -70 -37 -303 15 119 -194 387 32 -131 -40 -242 -53 -5 99 80 -124 170 -193 369 -150 -407 -262 2 140 -234 66 -6 -295 88 13 -81 25 -163 -46 49 140 -332 88 94 -91 298 -287 -334 486 260 -129 47 -268 146 -216 286 127 -455 -21 -105 -249 0 -133 88 23 108 59 -204 431 -125 -141.8900000000000000000009182018445385813]
[-653 -487 251 306 33 572 14 949 -970 -767 88 -140 434 154 158 -257 387 218 4 -470 -76 -98 52 -310 22 109 26 339 -280 196 65 -198 -249 133 -280 -4 -88 259 -42 164 334 33 -170 -399 -28 486 90 271 227 57 259 -276 -348 10 -68 -17 223 -138 83 -270 134 619 -142 49 103 -259 -253 27 193 13 -161 457 -305 393 24 -269 51 315 -98 177 71 -83 -209 242 45 231 -474 110 89 -339 413 67 165 2 -128 144 249 -139 300 -57 -66 368 -12 -150 -172 -184 211 -16 333 -55 505 153 -10 38 -177 -469 246 -277 -513 -194 -45 133 9 -293 -97 -155 145 -63 68 -330 -22 183 -268 -457 -347 -255 -413 96 -15 128 443 137 -455 256 487 107 -18 175 -93 293 -87 280 -238 46 -125 18 -393 87 163 57 141 41 -203 13 246 10 268 -213 21 -307 -114 -219 87 178 -368 374 -129 -331 -94 291 -65 207 -184 181 69 -132 66 50 -186 -139 -147 -260 -141 289 -335 83 -348 -13 -28 178 319 -136 66 -265 293 -50 -210 8 40 270 -208 -115 0.1159219993060731336206314929544855182874e-21]
[78 -863 985 -344 159 -809 455 -700 77 782 241 -51 -166 -360 172 78 -20 86 71 69 68 164 123 71 -196 97 -183 -171 260 -171 -16 -103 -2 390 -23 166 221 -174 -383 204 188 235 -403 65 510 143 -165 -36 -276 648 -208 -141 334 -87 -18 -329 44 64 -259 -278 390 -78 -11 65 -49 -669 116 -130 -38 347 46 362 109 -226 -616 -67 -58 -87 -39 -189 -131 -233 17 -228 -37 -87 -116 -157 49 109 34 213 -580 23 -430 392 546 398 182 263 346 -78 111 -128 -247 459 -216 -93 17 -11 -163 -204 212 339 114 340 -188 -64 -17 -200 241 92 302 94 -348 149 -275 76 -30 -96 264 -18 -165 194 312 -113 -176 -86 -320 65 -171 340 -319 142 -245 401 193 146 329 203 371 -73 -127 3 -270 81 147 -87 -198 -100 1 -101 97 265 -114 -244 323 234 431 61 111 435 218 139 442 -90 100 434 179 -134 -326 -188 -124 -451 -6 -89 -172 201 -127 173 -251 280 267 -192 109 79 150 85 82 85 120 479 -15 -179 211 -178 -202 -90 115 -104 -241 432 0.3075706822761755701974785396518065339057e-21]
[170 -567 785 629 -1 -473 803 276 -692 390 122 458 -140 -23 349 -377 705 -439 110 -290 -209 -42 74 43 96 -376 -97 -147 5 385 155 283 194 -105 85 -112 416 479 152 240 -192 105 -377 187 364 -135 245 -520 -213 -170 -240 -149 -119 -12 -159 310 -4 367 213 77 280 -230 -155 90 -41 145 -145 31 -217 168 -420 -40 -154 -82 371 466 206 -119 -355 79 185 -1 -252 -199 73 15 504 -92 -197 140 -58 -98 232 -33 70 -163 324 -234 304 -144 -75 324 113 84 31 -105 105 121 215 11 -251 -163 119 -205 354 -283 -158 -91 -226 -377 -11 396 167 66 -30 364 402 435 33 -120 1 -208 20 134 -100 159 140 -88 -392 215 -293 -64 290 471 -118 234 -321 122 -27 -62 -25 -264 -259 343 278 -115 87 -215 -427 34 -233 328 -53 168 -133 66 173 -483 -30 26 262 -181 -183 64 -230 -129 126 -75 139 -209 226 -283 398 135 506 -251 136 -329 70 80 129 465 302 -275 63 259 -141 173 173 -135 -96 239 -495 -625 82 -1 202 -295 -128 94 197 -194 -283.7799999999999999999992475556268357621]
[-492 958 967 -670 635 -563 -697 837 -681 -375 143 -11 -608 62 150 -325 150 93 -15 -206 -141 -183 -272 69 -420 526 -100 -251 104 194 152 -162 -58 -1 -140 227 59 206 -31 168 264 47 7 6 -170 -43 76 -138 72 211 -339 -160 18 -94 124 -750 442 -89 353 -111 172 -44 123 -436 52 -143 170 198 187 -35 -360 -18 -178 -134 -217 22 -173 -39 -276 -236 -519 47 -304 -27 -211 -78 -238 221 -105 -286 263 -178 277 66 -192 356 363 -109 362 416 135 184 266 -48 40 155 -191 105 113 -9 375 344 11 123 -78 148 39 120 -167 -201 141 172 -47 6 -276 209 35 -187 -344 98 -86 110 56 134 -51 223 26 -41 79 -549 132 455 318 40 -137 -190 -38 245 51 298 -309 1 211 408 -208 8 -36 179 -330 -69 -497 -258 -96 -9 383 54 163 85 176 198 -78 290 -396 -183 143 128 -111 45 193 179 -35 24 -22 -333 -19 134 23 133 106 65 109 268 -158 52 -36 -344 -87 115 -146 -107 142 155 -177 -85 -108 93 -183 -39 34 447 -60 62 0.1052999998390466931969514544106098462295e-20]
[-989 -212 791 814 210 -973 918 967 965 -249 -121 387 78 110 21 -256 202 -43 132 -215 111 -84 -227 209 64 112 -84 571 -48 360 71 153 -98 -584 -335 29 -304 363 174 -427 376 -39 -124 -291 -420 50 256 107 128 -151 271 5 121 -271 60 -15 90 182 159 97 -456 373 22 136 131 306 -572 25 255 -366 -43 126 152 -68 -307 145 73 75 -51 169 34 464 101 -173 -181 -46 -363 -64 -105 -72 179 -91 -126 183 280 -406 137 122 -287 -192 -14 -467 -174 384 -317 -98 -71 -498 8 -203 435 -99 -134 297 212 152 200 -86 539 59 -114 137 77 283 39 81 52 -205 -333 306 -315 -91 -54 112 -341 128 -255 -203 328 -161 160 -334 40 -24 96 -162 -409 -248 574 -82 -292 243 18 124 416 18 -46 -81 181 -112 269 -52 -85 -177 278 -148 269 244 295 -177 13 -219 -325 -83 26 -50 -184 -206 -291 -84 -229 332 117 168 480 220 174 130 22 156 253 -17 -37 220 -25 -72 33 4 165 -102 35 -505 -157 418 -101 -161 195 138 -63 334 132 123 70.94500000000000000000037499468039096514]
[-634 -20 337 -805 -1003 84 808 -277 524 -32 -286 434 -137 -118 -116 533 276 -97 295 -406 70 206 379 248 134 -169 -80 -130 249 230 -60 460 -87 63 47 455 -59 87 99 -61 -271 96 -111 229 -160 352 -193 -63 50 193 101 -554 -94 -274 -77 -72 126 -96 19 19 161 125 -533 95 246 12 22 -41 -22 301 -2 -265 335 -12 1 145 381 -239 414 -427 -176 405 174 -220 -18 333 182 -375 48 -189 140 82 -34 -269 159 317 269 288 8 342 3 -204 -373 -169 97 -356 -374 433 196 -121 -98 -556 86 -51 289 -11 137 2 -122 -13 74 21 34 -9 -90 24 210 -158 -149 143 289 180 2 37 43 -74 -33 -320 -243 -12 -184 326 24 155 -110 186 -29 -213 -170 -81 282 51 201 -9 -273 -18 -8 72 3 -341 -98 173 -63 -263 -41 -133 -13 -55 31 -445 409 307 34 91 7 -112 -119 56 88 346 50 -50 -52 -148 548 128 -151 2 -203 133 453 -55 186 -142 25 200 148 418 47 -161 154 41 -311 -290 38 -62 68 -416 314 -28 287 -167 212.8350000000000000000005851369382907676]
[123 962 918 375 -952 28 -587 287 565 922 -492 -90 -196 -405 -388 17 96 58 420 547 563 -355 -330 -256 -75 364 283 -145 11 -141 268 152 203 -115 -57 152 -97 -220 204 294 57 314 12 -103 156 232 -118 -530 -69 -234 40 136 -314 -332 -88 263 -360 189 -208 -129 136 149 -128 -144 -181 204 -45 -577 -136 -201 66 109 -183 -120 195 -248 -90 15 -293 -87 -281 56 -378 -103 -328 207 165 -122 210 -82 -108 -265 203 142 -249 167 -125 -252 -227 119 162 -81 295 68 -254 77 213 -140 -297 -207 -139 -276 -114 -108 -87 -210 298 -38 337 62 277 -170 75 -86 -348 -167 79 -131 71 251 -120 -17 -158 -273 430 -132 114 11 107 -210 -33 -59 -129 41 -168 -117 152 -92 466 -110 71 205 207 -279 -127 140 57 61 -85 479 -114 24 260 52 100 -166 83 -100 16 305 26 59 158 -147 222 -104 -134 140 53 62 28 -305 334 327 254 -328 -2 23 262 62 -66 -151 -215 246 -228 374 223 -120 72 -144 -41 -63 117 -50 -11 64 193 -22 83 115 184 51 141.8899999999999999999997727942379484181]
[990 541 -48 -725 209 -58 12 -568 705 25 -374 461 -297 -413 28 -368 399 -89 514 -340 -10 -292 -232 130 452 112 -242 -6 265 32 -248 278 -63 87 324 292 101 266 -356 -56 26 202 -185 384 117 52 228 -91 29 198 20 45 220 -4 -186 282 -48 -114 142 -111 267 -215 -101 -147 204 -130 -95 -6 -29 85 -153 -170 107 -178 -402 583 365 -91 -173 -96 -76 -109 -301 -424 -10 -152 -2 -316 239 -167 -439 -74 73 65 50 424 599 -17 -82 108 -114 -74 31 24 -330 -75 -379 -84 -28 -249 225 -192 44 24 -15 147 -71 -268 -121 -214 302 -112 140 242 -280 231 -235 215 -22 -74 193 -146 -285 170 -56 -172 -177 -297 -393 -28 -185 207 281 -80 -109 129 3 80 677 224 -127 -73 -4 236 150 19 226 353 304 222 -65 -177 -202 -47 42 364 237 71 73 -473 125 -156 -242 250 66 62 -64 -12 -121 -229 157 64 -185 -244 651 202 131 -196 -73 17 -209 50 41 80 -1 -16 134 -79 158 -201 60 354 -16 -132 133 119 -295 -358 -54 118 77 -37 -70.9449999999999999999992356746818519563]
[-115 793 -743 -975 -762 858 -536 497 -711 -506 -141 3 -159 -358 -195 -212 -212 -185 255 128 222 -109 86 36 -45 -163 -154 38 -343 211 332 -41 213 -12 -231 -186 -4 267 -119 170 -259 -149 187 -167 90 522 218 -321 418 -194 40 9 -229 324 145 89 -137 -57 620 -191 96 -158 -48 205 -263 -225 328 -286 -158 207 47 245 -445 382 -454 -449 -16 213 -60 241 -130 -79 65 261 62 449 102 -9 -68 78 45 13 76 -138 -159 176 201 -106 336 140 -51 256 304 -63 89 -189 389 216 -159 -178 2 180 -2 -172 43 -233 212 253 -180 7 -61 29 -94 161 89 -239 84 178 11 -73 335 118 154 -15 428 49 330 116 -37 182 145 119 -694 218 -156 310 215 68 -115 167 -192 -59 225 321 378 -67 -79 -308 -260 -109 145 294 -299 215 -101 25 -121 157 67 -50 -140 217 377 216 -242 155 285 -39 5 -91 -79 46 272 -33 13 -140 167 -164 -247 -223 -597 -36 176 112 -612 169 -469 304 -94 308 137 335 143 -321 -311 16 -277 3 -5 11 113 -326 141.8900000000000000000001187643340624731]
[691 858 -123 -1007 -117 -433 -688 327 -660 -239 -332 111 103 -377 -206 -418 118 -191 -127 -112 77 48 -344 115 -202 81 206 -5 239 -141 37 153 211 -450 -362 62 359 53 -37 -50 48 254 309 108 -18 -115 174 -112 -35 280 608 49 -335 -217 -210 -95 92 242 -398 78 320 51 -87 -393 -100 5 -73 -145 -429 39 516 -193 -114 -122 -287 -7 -65 -90 -53 84 280 188 69 -322 -231 -325 285 69 -131 -50 742 -64 134 207 232 95 -568 -92 60 -62 230 194 -127 -218 -156 -18 169 -87 -86 -126 253 -206 111 -131 192 211 143 -422 -21 162 -311 -381 -257 108 42 110 221 -285 -224 65 -362 -223 52 101 114 330 -117 299 -8 47 -144 -331 188 -354 252 45 126 -293 -60 -145 -8 153 -235 -257 4 370 -245 -268 75 173 -170 191 -196 28 -234 -442 -147 -391 432 -87 -251 -24 -175 -10 234 93 570 -187 -208 -264 93 -3 3 300 294 -149 190 -322 618 665 196 335 13 -242 633 -52 125 144 -33 -6 -237 17 280 -271 248 236 263 3 167 -44 -134 224 70.94500000000000000000039757600681864661]
[-307 -415 -167 309 -184 137 -786 -519 429 -330 90 -171 273 147 -550 -151 76 319 -108 278 -227 -188 -330 -284 -45 -62 -62 -116 89 54 -131 379 94 95 -17 -158 138 192 422 38 -36 189 -346 -71 -370 -62 37 8 303 -224 135 255 -221 -113 188 47 -67 56 -131 -102 31 61 -57 2 339 241 50 176 30 113 -499 -249 -68 89 -41 -226 39 -99 -49 40 161 348 279 102 -42 -61 342 20 172 -33 117 19 31 178 278 113 -631 172 61 -86 143 57 -170 -361 -264 -149 -153 -120 319 55 -453 -239 8 58 -58 -41 170 50 -342 38 -204 -93 4 -5 -220 137 156 -176 133 -115 -275 -285 328 -385 164 233 -12 -157 107 -195 -452 -466 144 -144 -236 -342 303 72 -50 77 45 406 -124 -71 -69 267 146 -452 327 -311 243 90 191 -65 276 -180 -43 -288 2 319 -173 13 105 211 -437 62 -181 -532 -227 298 155 250 277 185 425 348 59 -179 364 358 -148 -257 -419 -150 315 -516 606 -67 112 101 121 87 170 -20 148 23 283 -309 230 83 -278 -93 0.673199848480611298960138385550039212546e-21]
[852 -64 773 978 -278 721 512 299 -377 -878 -336 108 367 -149 30 416 196 -221 282 395 -14 -303 43 2 -82 -256 -49 -59 -64 -451 232 106 -25 -60 -207 -50 192 227 135 270 -294 310 279 128 381 64 26 20 -240 114 294 166 -177 -137 -73 372 30 269 44 0 -242 38 331 -230 -45 -237 325 233 -44 -80 74 -19 42 -55 -55 -144 -257 260 115 257 -64 173 71 -443 -444 -67 -111 39 -49 24 -45 70 -8 -48 -188 388 149 -182 -122 -16 79 -292 -346 221 -162 91 361 -85 -126 -38 -428 -196 -58 245 200 -266 -15 155 397 207 20 -238 18 -103 -103 389 -177 -164 -36 -28 -80 402 93 289 -233 -239 61 119 -207 179 303 112 -65 -520 125 -187 183 -6 55 146 -56 56 195 -408 150 -364 148 56 -468 -189 -196 -12 -1 -130 -249 54 30 295 -123 -207 292 -263 -37 -108 -197 54 249 -173 -119 -143 379 79 -231 417 63 -189 -119 29 50 -59 -318 -501 81 56 -297 60 -117 -84 308 -64 90 22 233 20 -392 169 147 -127 -132 -198 300 -132 -283.7800000000000000000010239196814061473]
[-816 -344 397 -582 -949 997 0 -181 -946 566 324 -223 73 -149 -104 -460 -481 193 199 -393 5 72 -6 150 180 212 20 312 -427 297 96 67 13 -229 -210 -225 -255 -112 -224 -18 350 -52 24 -142 -257 284 -394 198 279 -27 344 -96 -47 32 -111 -27 -163 -149 -283 79 4 47 -109 92 -350 -325 -402 -737 227 -59 207 400 238 140 -256 236 194 11 143 339 -85 98 24 -63 219 -57 25 129 -101 136 394 209 -457 -140 72 -125 174 -324 -335 -9 291 -14 208 262 -127 -187 -64 -318 -99 -102 263 230 -217 167 -330 241 -99 -298 -244 -261 242 253 165 29 114 -35 -304 313 -358 4 -172 -198 -121 -85 -370 -65 -150 238 151 132 -71 171 -151 102 2 -12 -98 160 370 -346 235 -69 -125 469 155 137 -145 -129 171 406 335 209 59 96 -255 -198 85 4 -107 -165 -300 -384 146 -91 -11 34 -111 437 -8 103 -689 -245 -7 -67 -463 189 -34 45 -237 93 286 -149 -343 154 -128 61 -312 -157 -92 -34 -103 -56 78 116 -209 186 -512 298 -79 -64 -21 -69 -212.8349999999999999999994493040583625212]
[-660 -438 -687 -789 65 -643 -561 425 864 -513 485 -200 -5 160 214 -606 -39 551 -245 265 -432 -28 -196 -129 153 136 -273 -92 -219 -303 101 -427 79 -303 -260 -5 197 -133 -158 -29 468 -113 -405 -208 106 -420 255 136 -6 206 204 68 307 6 114 -174 173 302 -251 185 -249 350 -41 -3 30 -74 -159 -150 -113 97 -112 204 111 -96 -187 128 -328 6 -61 322 -292 -38 -217 223 -382 281 -93 261 -275 -145 -303 11 -217 221 119 -644 152 73 15 -301 226 642 121 115 197 415 -167 -409 231 209 115 15 -17 268 198 268 64 -430 335 163 -117 86 -31 225 -345 211 -126 -141 161 -121 -458 -339 -189 19 158 -236 -194 93 189 446 152 -65 71 89 27 -91 -142 58 -204 297 -28 275 -87 -187 276 -68 -107 -83 -228 245 352 225 -309 175 137 -603 114 317 221 181 31 116 -201 261 -438 82 313 123 -5 -141 -71 91 302 -127 11 79 -28 -7 138 -183 -376 457 230 -111 128 22 36 -418 -80 131 98 70 -109 47 196 -15 -220 245 -139 24 -106 125 -283.7800000000000000000001435176149384105]
[471 566 -98 -979 -11 640 -733 -459 562 786 83 -104 166 163 -149 -133 127 -241 36 -72 237 99 88 282 71 -74 128 120 20 271 -301 -144 -175 188 362 229 65 269 -161 -168 -268 -33 117 88 -151 84 110 155 170 16 223 -131 -135 -77 253 123 -20 -92 279 198 -141 -212 29 70 -194 -37 -427 51 340 533 -237 108 -252 258 289 336 -179 -100 404 -10 -142 -251 377 361 45 -81 -64 -813 -210 -260 -137 259 64 -349 -148 57 564 -406 -254 -250 -89 -203 -158 -296 -109 290 130 373 -56 -27 9 -38 -167 73 146 292 131 329 140 289 50 185 -73 240 -419 215 -230 81 165 48 -164 -14 77 26 -300 -195 -101 -283 -333 -68 40 24 -167 -378 -399 -299 292 -222 -183 -253 -52 -158 -158 62 -36 -227 80 -44 151 232 -65 102 124 -49 33 -224 63 51 -264 -90 362 72 -103 -76 229 -15 -118 -356 186 56 -66 314 -27 29 181 99 362 78 -133 446 -334 244 74 -229 -64 95 -232 1 112 -362 -150 17 -63 133 -100 264 -372 102 -511 -9 121 -174 70.94500000000000000000035051614979711437]
[496 -801 596 823 -716 -308 708 -246 394 -15 3 -234 -206 271 -153 -239 -204 -85 -138 103 157 192 -301 89 47 246 145 -291 -149 -273 513 -8 -52 -177 -168 -200 232 38 -74 106 -105 379 246 32 128 -114 -11 -116 -222 187 -9 128 -6 -200 -265 -335 -159 238 112 -2 194 -61 -200 30 44 -144 381 -300 -199 148 320 -11 -187 -127 79 146 26 -56 50 -406 416 112 -369 -301 -178 -5 -304 -176 111 242 41 119 108 343 2 187 -355 27 -77 429 119 234 -175 3 -288 230 143 -338 -284 -34 -23 -233 225 164 -348 66 -205 128 135 -600 -135 -96 498 108 147 -240 210 55 -47 -204 275 19 35 -93 230 192 -74 131 -9 129 131 -334 -186 117 77 225 -37 -167 261 -79 87 -23 71 -65 235 -16 -30 -375 -172 291 -42 -5 -186 -32 -63 -235 -254 -108 84 176 -166 57 -73 -120 115 181 225 100 137 -298 -226 98 95 -266 -26 -294 206 157 149 25 26 -62 52 163 128 272 -30 -95 106 -119 311 -410 148 -81 -277 -251 -247 39 171 -403 364 72 141.8899999999999999999996132249055443775]
[923 -918 -66 896 243 601 -280 154 -395 -872 -136 82 -53 82 278 -455 -26 60 -76 127 -79 43 -72 -317 -4 118 131 -189 -111 -43 222 152 198 -438 22 -588 204 193 -93 617 178 189 -54 92 102 -219 109 -249 -138 -214 -99 142 40 201 -236 255 114 276 137 -269 150 -142 197 445 291 12 276 -298 -38 18 72 -204 -10 235 -544 -254 39 393 -257 391 84 158 -395 306 148 363 -5 246 176 -193 0 -201 579 459 -61 -102 -330 -150 323 183 225 287 133 537 -187 -88 656 103 367 81 -181 -21 25 157 -38 -289 9 -205 -214 -351 -58 -140 206 281 64 133 191 82 -311 -144 -185 -107 -175 89 78 224 -206 427 142 2 89 -146 -48 103 -129 -422 84 62 -183 -238 -91 216 104 77 86 95 -226 -353 152 409 -11 -46 423 293 -53 150 34 -77 -117 -47 -121 171 -128 -304 -241 -256 449 -373 59 -390 -276 -12 130 150 142 85 340 -355 -44 4 -109 -133 155 -405 -103 -149 136 -274 38 -136 186 322 373 -2 -151 -119 -71 -128 -6 -155 106 -90 -212.8349999999999999999994354056797423967]
[-55 -532 -979 295 935 553 839 240 -382 839 -224 -206 -183 205 146 -171 330 -155 486 -72 155 -190 -126 -21 72 264 165 197 191 -303 -247 1 -226 273 104 590 -111 360 64 462 107 136 -358 -77 147 160 -17 -32 80 301 350 -249 263 -82 -70 247 -149 -44 -196 185 95 83 165 182 108 219 -608 76 37 -53 -270 158 160 3 -185 40 533 240 -69 -76 -124 -170 -187 90 -121 108 -37 -84 249 -207 -86 -178 -64 485 -93 95 150 194 -267 -28 -87 -350 42 -250 -22 -274 -372 -235 139 32 143 -123 -86 142 -61 -184 -60 154 -78 12 48 -4 -88 98 -214 223 -341 207 -64 -531 190 -114 -218 -319 -187 11 -487 -341 -381 74 -109 89 393 308 69 -222 -158 397 193 273 -81 -121 36 -188 253 95 270 279 143 88 -54 -262 134 163 98 33 -154 -219 188 -274 -51 -367 -405 251 -11 -121 -191 127 -287 224 239 20 12 222 268 -94 -280 -237 -86 72 -12 -40 -183 393 -314 -94 -6 -444 21 -165 221 117 -25 70 -55 -151 18 -490 -172 231 -9 -36 -141.8899999999999999999997400262055012112]
[829 364 -703 -496 -24 52 885 382 361 -351 -11 57 -259 -45 237 -45 -163 36 273 20 1 -9 -10 62 227 -154 -130 -427 -113 137 22 346 -186 -243 -93 113 430 -169 -512 -33 -81 -162 78 8 280 176 50 -155 94 78 -110 185 129 99 -35 82 67 345 89 -285 -229 -158 -278 226 -22 156 -105 -249 -21 193 72 162 197 140 -313 146 -6 -121 -43 130 -9 65 -19 -387 -53 -85 357 107 -78 -246 -36 -13 -311 -136 291 23 -368 2 -114 119 401 153 -27 -314 -247 88 88 -104 -78 295 -56 -228 130 416 -97 -13 -128 -240 275 -141 9 100 54 111 95 242 -71 100 -36 -319 -234 -197 -13 620 37 -30 -56 -79 33 -93 -345 215 93 227 -437 -78 -168 -32 152 -58 104 -213 -48 206 223 -97 260 -205 -70 33 208 628 -225 21 -153 45 -231 99 -229 -15 -47 90 -325 -165 -92 -325 89 523 309 -169 -46 304 -55 -366 217 -250 -133 18 -153 -117 211 66 48 6 203 364 -131 -57 -106 -180 -242 190 -144 153 -62 372 121 -43 106 -366 497 -429 70.94499999999999999999993002194744827246]
[148 370 -976 -684 -953 -18 925 -143 173 225 303 215 33 -323 373 385 118 -18 75 -117 -229 22 142 439 -32 107 60 124 22 545 -255 418 -399 -136 150 171 -55 162 -285 -247 -228 73 -44 113 -73 -265 -298 690 -213 114 -348 400 186 -12 -72 -105 -170 154 -160 -177 21 -235 20 -73 -266 150 -36 393 659 13 104 68 128 245 -209 -48 28 -236 20 135 111 7 297 -78 336 -569 50 460 207 -306 231 70 -42 -220 241 173 164 245 -6 -167 -199 -271 -220 -8 -71 -191 -159 156 164 461 -160 -257 80 457 -246 311 27 271 -2 -45 -95 212 182 -122 66 198 -36 61 318 -143 -350 115 86 412 -422 185 -268 -178 116 -478 -609 44 551 -124 -212 278 216 -91 -156 52 21 -70 -156 331 -168 223 449 -296 233 -573 -57 -62 -175 -278 -402 401 -163 -146 -223 123 8 52 -343 -78 -55 -86 -328 415 191 57 94 305 -223 -76 -27 220 -248 385 -274 -98 384 188 -57 209 518 52 -245 -173 93 -404 -47 139 111 46 10 230 169 112 -64 -357 204 -393 -0.397546743486942020669585001990372144509e-21]
[767 -633 -390 304 563 8 -55 -950 -67 951 -293 392 -242 -248 346 -647 371 360 113 -57 244 65 -161 320 410 473 -303 -8 56 -239 134 44 -47 -202 22 88 79 133 -50 -347 -172 242 318 20 -226 -252 151 320 116 -47 159 459 -573 302 -31 472 122 248 -65 -171 -144 21 -194 64 -255 73 -38 106 -456 119 -166 1 144 217 -14 425 -174 -37 81 168 -273 21 333 -194 12 -349 -155 -322 310 -138 -181 -25 8 138 46 117 -40 -285 -445 -103 -296 -224 267 83 -119 -28 51 -264 -93 -45 187 -108 112 -80 33 92 156 -69 142 -209 -187 297 79 -350 -407 240 36 123 65 429 -21 43 -236 297 -11 97 129 -189 3 -13 -332 -239 744 176 93 -154 25 -156 304 316 86 -93 -47 180 95 -292 132 -1 30 389 236 270 -135 64 -607 246 -189 178 17 -86 114 -26 -487 225 202 -6 119 -123 -171 -190 -265 145 135 106 14 -28 275 235 -59 163 220 -2 139 248 -188 -206 -215 -382 206 215 320 149 33 -13 191 201 -43 -19 -377 22 222 -130 70.94500000000000000000023628036907494374]
[479 -676 -101 698 -236 -405 997 387 831 -895 173 76 108 -148 319 -472 216 209 45 -352 -131 548 -208 -55 164 -139 95 18 -89 58 -216 121 -295 29 151 -337 86 436 -73 127 327 434 51 -111 159 -53 275 -61 -236 -25 13 77 -311 110 -74 -230 124 305 -214 176 139 -230 244 -326 140 158 -221 48 46 186 235 56 -171 617 -85 -113 -143 -305 264 114 -24 170 103 -331 107 -569 -138 32 92 -17 290 306 -344 224 -129 -158 -18 187 -10 -115 231 114 272 233 -223 406 165 -204 118 166 -112 370 309 444 144 374 -34 -393 89 -213 -78 330 -285 -68 120 157 -72 59 -95 569 -70 -557 -179 210 52 -144 -388 141 82 242 -673 -147 533 356 248 59 32 -173 23 -437 -31 -158 -276 147 14 108 -192 0 -375 -401 92 309 -317 -140 -26 -329 -94 -326 4 181 -121 -263 69 -62 -544 194 275 -44 -146 4 -104 253 -173 -10 50 -295 125 -167 348 129 -76 40 151 128 168 -63 -63 -222 14 -223 -218 -166 42 319 108 -251 -21 -234 445 81 34 -272 -212.8349999999999999999999315466320574637]
[825 869 127 -24 843 -900 -280 -481 -685 -389 -318 113 -227 -57 570 460 -94 -172 166 402 -132 -74 20 19 -111 93 15 -370 -89 156 -125 118 -222 505 -75 -61 -476 -94 -587 252 -130 -168 -28 346 116 -268 -322 -305 -340 200 -568 186 -134 -182 106 252 -36 315 30 -241 501 384 -1 -25 194 -185 -103 -17 -268 -110 372 -198 -138 91 514 213 146 460 -579 -9 -14 509 -556 344 455 259 330 185 20 46 164 -65 158 139 -85 180 198 20 657 -59 -210 293 176 -199 150 -60 -433 237 34 -98 -131 -260 -188 -254 96 -213 674 123 -390 -642 469 110 52 -159 257 60 -40 359 39 -173 228 172 -117 -158 229 -236 27 -213 53 -455 -122 -138 -138 68 -9 123 -241 0 -8 69 -212 -8 55 88 -84 -312 -174 15 -7 68 -261 -74 403 173 -95 102 77 1 -32 -198 16 175 -95 331 180 -116 -398 329 323 -120 101 90 -272 -202 -105 -165 -65 583 -223 -536 205 281 -118 325 -207 51 -197 223 62 -96 -18 4 66 -540 -223 86 52 110 -78 189 -46 162 283.7799999999999999999992437903748024805]
[684 559 -304 716 -123 523 431 -635 896 862 -304 -174 41 -192 -110 176 54 -69 -241 -101 26 345 -188 -62 -374 -163 -206 143 -288 217 -51 -172 466 -226 -48 19 59 -31 -293 -37 -167 -90 185 232 134 7 440 204 -72 -73 -283 -215 94 -11 -170 -15 267 -100 -118 15 -138 198 -2 -24 52 263 -182 -5 -175 -160 -90 110 -292 266 264 -168 -97 140 -14 -59 -47 323 94 246 -217 210 -161 -276 -239 -118 61 75 66 45 -215 31 -20 103 -53 12 -227 306 147 96 189 128 -147 -273 -161 16 -173 18 -119 174 191 -354 217 270 92 143 -63 -11 155 -318 -91 -273 341 -342 -19 135 -155 -75 100 301 -56 -81 450 4 -18 94 440 -9 -438 -240 -157 -115 -272 -248 124 -93 -230 -61 -181 -281 260 -331 32 119 -84 122 -190 243 68 -113 129 -97 -173 91 208 330 91 170 -11 -76 352 226 -139 128 115 -171 -88 -70 34 6 -7 -106 44 116 126 250 -281 82 -237 90 -177 -62 -277 -7 128 255 32 70 -86 -232 216 328 -404 306 -283 -162 -49 202 283.7800000000000000000006115735034404756]
[414 -936 -678 182 -951 -926 -220 -617 -657 77 -85 211 257 -373 133 220 252 117 46 -245 -328 -249 280 317 15 232 -239 -191 -308 11 -19 -125 -3 106 -173 -343 360 310 178 -61 -140 45 495 238 93 -66 165 -143 -246 378 -283 149 -265 178 -351 351 270 254 125 -65 -190 -333 -191 -203 297 -32 -45 114 442 229 -241 -182 242 326 -216 45 -41 -199 15 -228 166 117 -334 -513 -340 -266 -449 163 33 237 400 479 -229 -174 -57 -44 144 -110 72 -260 204 143 -163 -3 -53 -93 -57 208 -370 -221 181 -115 -57 152 153 324 233 -137 197 28 -116 -91 442 -237 -18 474 280 124 258 117 195 -51 -110 147 -206 -322 -45 -162 -106 68 304 34 154 -64 -153 375 21 -90 270 325 -69 519 53 130 105 -285 45 -90 -228 -466 -258 -8 -472 -335 146 -90 -24 257 65 -27 437 -632 70 254 -234 417 215 105 372 -403 120 9 157 -342 33 -96 -156 289 120 -465 259 33 294 -65 -212 104 -145 24 -229 325 79 -202 -127 -309 65 275 5 259 224 -41 9 117 141.8900000000000000000013189327840486809]
[-37 -690 648 186 -572 199 528 -422 -551 170 -92 85 -5 444 -85 39 168 -37 -20 -60 145 -60 22 -18 21 71 -5 115 31 353 126 -243 -110 -31 106 -75 171 370 -26 -76 20 34 -44 15 108 -77 325 -86 509 -14 168 188 67 -174 99 115 -34 11 46 -40 144 242 36 99 8 -1 -331 26 -119 141 -132 198 89 -133 -245 -94 -100 -208 -75 3 231 52 -62 -118 -489 27 -188 -185 7 123 -105 -40 361 14 348 247 369 -582 -81 202 36 152 -138 -33 -238 209 97 -402 -379 -54 478 -187 -153 -19 75 -49 -94 -193 277 -219 215 -21 -147 -280 -108 -106 46 -52 20 -147 -197 114 -149 -44 -167 -165 134 185 -21 -68 169 -247 83 -122 7 12 73 14 436 196 166 -28 -211 -254 90 49 -195 9 -99 358 193 -70 -232 -63 195 -145 158 -32 -62 -87 115 -423 -31 233 -12 95 172 -340 -254 108 21 229 -197 -14 168 -42 -37 143 210 -249 97 61 -92 -131 -32 195 -238 119 -100 -293 187 -47 -55 93 -27 70 -222 80 -211 171 313 43 0.3552083767553385804941153444891322951694e-21]
[956 -6 537 -40 -347 -751 -401 350 -70 -827 12 -333 446 351 -474 -719 -233 301 -445 -205 -134 423 -325 -18 134 34 104 223 -136 80 425 -5 106 -311 129 -129 166 -231 -235 -349 35 -56 260 -141 -169 -78 168 236 -292 -115 224 -150 -347 201 1 -391 -106 -290 146 32 -79 -409 362 -65 -76 -97 -336 232 -273 497 111 -53 -406 417 218 -243 22 105 143 -109 282 -106 411 110 199 -198 -197 -129 -134 -197 538 135 -400 175 -120 -220 -142 -236 -263 -304 175 -23 42 -151 -263 233 135 -529 100 -36 -185 339 -168 230 398 -199 164 133 -205 141 -216 -163 -514 72 -117 212 -221 -115 144 222 -166 -31 4 -178 -41 185 -243 -87 94 455 -135 -68 114 -420 110 -244 -145 -434 -85 -349 49 131 -270 107 -104 45 -16 194 378 223 196 464 121 -46 86 -105 15 -93 192 -187 -171 269 73 -217 149 40 -41 -287 -38 -149 -275 299 -71 -130 -504 177 604 -4 406 691 -366 117 -203 207 272 57 -424 -276 87 -110 -198 320 373 217 94 18 -216 210 301 -151 -234 65 -141.8899999999999999999998195361019836122]
[763 711 612 65 -713 -128 -597 279 502 856 -271 -108 63 113 -111 135 -38 -174 122 -175 -263 176 263 53 -452 75 -197 246 133 471 -183 -2 -423 256 16 226 -306 329 103 -331 121 -192 -31 -155 -152 -33 -287 295 100 57 8 -70 -180 145 -58 -45 218 -292 467 -206 -86 196 -225 -195 251 212 -411 -22 174 114 25 -123 -37 279 -107 119 94 75 -205 -49 -191 399 342 173 152 -221 128 -275 44 -53 509 -202 -35 20 -131 -138 183 14 184 -119 -80 -484 100 -223 287 -237 -553 202 261 -272 385 476 -328 -135 195 261 414 100 -390 70 97 201 -98 23 -47 258 -193 -12 -565 422 -308 -70 -114 -203 -120 139 5 -541 164 -438 -102 -133 43 228 327 31 -571 44 421 -75 -150 -146 -65 448 177 66 -193 252 -56 -182 -408 -131 240 -27 163 -109 284 -288 156 -208 12 -51 -245 146 -2 -319 -293 157 99 287 31 -424 -220 158 167 106 277 339 188 -80 -44 228 -190 81 -87 -815 245 -284 1 105 -234 -258 -357 152 108 -149 155 -142 14 405 -632 257 212.834999999999999999999465058191241411]
[631 -877 66 104 352 -631 -985 417 962 -395 -423 105 -490 283 -96 27 -322 413 595 198 -33 -216 -302 305 75 298 365 132 -44 -120 240 18 -104 183 -25 -130 -102 -91 73 29 -433 1 -242 86 143 -189 -257 -343 41 36 -88 373 116 -300 107 201 -296 216 -95 -50 120 -114 -29 129 -231 194 -165 -45 -201 -197 46 198 -186 -29 157 -84 118 167 87 108 200 -148 26 -104 203 149 71 -278 445 131 -75 206 -504 258 -284 99 -456 -228 -107 191 596 9 -13 33 94 -81 276 -225 -403 158 95 -255 131 -23 -329 124 149 -324 331 -438 323 -5 47 240 -137 47 -93 246 -17 -233 246 340 32 -303 215 -65 -173 71 187 -340 -408 -204 111 278 -14 -114 -95 -153 266 -24 -41 142 118 -161 77 -161 254 64 115 519 246 353 300 199 -117 250 -7 123 -191 47 171 -500 228 -11 23 -430 -202 -7 167 -165 -94 311 72 315 -343 225 31 227 275 -316 350 -78 -571 449 8 302 169 -134 -121 -91 -145 -373 152 -112 -375 332 62 -80 -95 -41 64 -127 70.94499999999999999999997224958335233183]
[-779 -71 88 -849 -723 366 -70 -239 359 213 172 285 -526 -64 -112 325 -323 304 -388 110 -3 151 -65 251 -103 -492 -148 -170 -212 112 214 -155 57 -78 10 279 229 -224 -148 -219 360 -113 -171 -47 -141 320 -9 -280 100 -176 146 -97 596 -58 -159 -228 110 -205 352 1 -45 -254 384 -68 47 -272 209 131 -64 -160 -169 -16 59 -346 14 -124 15 -195 -75 252 -269 -66 136 -79 -109 -38 -17 113 -8 98 200 -66 -8 -138 -161 -117 390 286 -25 48 -311 -381 79 169 435 548 206 -399 -77 -234 57 -47 118 114 60 170 -377 267 613 289 -321 -299 7 85 -154 27 198 -198 140 -112 262 -27 89 -156 -46 480 357 296 -65 -43 336 317 60 -255 -24 123 -521 -338 -289 59 -163 -591 111 66 -257 -33 -155 46 -397 -129 411 -5 -122 -10 -136 222 -44 214 98 -277 -101 295 305 -162 138 -251 91 488 -336 191 -89 -234 339 102 -221 -61 94 -151 -80 124 -42 293 118 -343 572 -163 204 170 244 -279 7 207 -207 -19 -297 -16 122 330 -6 -529 361 144 -70.94500000000000000000058896363362710607]
[704 -655 -326 952 -2 806 -118 920 -42 48 -259 -275 -216 206 -140 -591 -65 -89 -17 -24 -108 130 328 19 46 -70 461 337 -256 -256 -16 156 -282 285 145 -255 -568 40 374 -58 -22 229 -12 -388 -238 -416 -114 -195 212 -70 491 151 -450 -145 -41 73 -427 66 -69 -222 -253 321 64 -148 -478 305 373 -320 246 59 96 272 -30 351 308 393 199 333 -40 -310 271 174 -275 -105 323 142 -88 -68 177 360 -237 22 85 499 -44 -32 -5 44 11 -207 -91 -101 112 92 -24 24 275 121 152 -90 -262 313 53 -163 92 -17 10 -145 -223 -115 -469 296 -127 9 -49 -303 -29 -1 -167 86 167 60 -185 -49 -129 22 41 -226 189 146 -104 -436 15 243 532 -125 278 51 246 -251 -374 61 -199 102 287 85 -217 -250 -146 -181 -193 154 31 14 -152 341 63 -47 -304 120 -103 -228 89 273 21 -130 142 -425 -105 -49 90 3 194 416 165 -58 214 -41 81 -46 89 -619 -215 124 8 93 -3 -170 -125 -10 73 -638 -11 -188 -65 167 -243 -349 -183 435 -42 -46 -283.7800000000000000000000910253966662622]
[-375 -164 -839 888 399 349 -148 881 130 -66 -124 -121 218 138 142 -72 168 352 1 -145 -283 20 41 -227 -37 -297 147 -111 -179 -117 -111 -32 486 -250 138 -229 -304 -78 -189 64 -289 266 -95 44 10 -171 -70 11 -208 -255 -226 275 11 -4 -161 258 -116 -53 -418 -163 20 17 -78 147 -250 -20 -188 213 -312 88 -219 36 -40 42 -135 -205 -47 -107 -467 -298 -100 -33 327 298 -103 20 201 -35 -181 -22 -61 289 -273 -238 -146 187 -49 141 373 -122 -494 368 184 -110 178 -66 -319 -264 4 294 -184 67 -249 82 75 -756 119 115 130 311 -93 -26 -166 -266 -140 -63 354 77 749 -45 -88 286 -92 187 91 -161 112 -145 -152 -162 34 -146 -218 -38 -350 -468 -152 -186 211 -18 131 191 253 -284 119 -66 269 398 -85 189 -57 291 94 293 325 -128 -194 40 152 435 41 31 314 225 -31 231 -204 -100 -180 -24 -304 50 -88 -172 -32 -35 60 286 -238 -150 -51 25 -164 -81 -31 -213 -100 -197 150 -23 200 604 24 23 350 315 -555 -72 -388 -107 -5 115 70.94499999999999999999897385829811005943]
[-997 -215 289 892 651 721 585 -701 -65 439 90 470 -246 -155 150 -178 -109 0 -119 -353 265 10 -68 390 574 44 -207 -35 -56 600 -33 37 -484 -26 -80 -332 -26 496 176 -117 448 -38 59 205 -66 -131 -39 70 287 -100 101 94 164 114 -67 186 69 513 753 76 36 -51 -78 189 356 -574 -18 63 222 99 -193 -133 -89 188 -335 101 64 -188 112 209 8 405 -368 1 466 -62 -392 142 90 527 -9 -157 81 524 132 -305 358 -192 85 267 -1 -237 -18 -49 -339 -419 -115 -51 -89 -443 442 96 117 -257 116 331 -108 -41 -294 -498 63 312 343 119 32 46 355 516 64 18 448 -7 -324 -193 -294 -115 -236 6 191 -1 127 -270 147 188 -134 78 -457 213 -48 -116 -295 160 -119 183 -55 -24 -10 -312 24 -145 207 -102 -223 -126 -189 189 201 -26 259 -453 -231 -226 -527 -47 -251 -218 131 42 -118 -251 -160 161 2 65 -141 86 214 252 -125 -98 133 175 63 228 -219 -217 23 113 185 -282 175 -426 -82 262 41 -321 -56 292 99 54 234 -53 -0.6223606282819248508162297349157127471231e-21]
[211 -5 -24 -796 895 -323 -807 -148 74 -120 13 -81 -288 9 -150 -111 -147 136 550 -122 447 -186 -297 -425 -192 -49 -61 154 -160 -140 44 -142 -165 281 -148 37 -476 200 -69 368 339 55 -53 -260 -210 159 -319 -266 112 -45 6 57 54 -190 79 269 -89 208 368 -228 -83 104 74 -44 162 -41 6 -66 593 123 -134 271 -361 566 -388 -189 -22 146 -10 -131 -179 262 -170 264 109 87 218 -226 22 -72 35 -157 263 204 -519 306 304 -260 315 92 -24 156 218 25 -280 -499 76 -148 -22 -299 146 307 -27 106 66 -268 112 96 -496 -47 41 -162 -26 -112 116 -23 122 303 -170 91 -188 -32 -350 -389 -150 -222 -99 -389 107 -233 5 -150 -76 305 -100 -13 -509 170 178 -356 -182 -137 109 128 240 240 133 97 -132 111 -212 -28 -156 88 295 119 -95 -216 -116 -174 -90 -322 29 130 -160 -46 -127 -109 -302 214 -448 -270 -117 695 134 -129 39 132 -182 -179 -127 -178 -159 148 -613 -445 148 -4 -100 -69 -13 31 -184 -38 170 61 -270 -13 108 200 -206 119 -70.94500000000000000000060340561945246198]
[554 -966 -225 -182 726 -495 375 916 -910 -101 -213 -2 -251 -377 151 189 20 414 110 735 -137 125 339 -35 -277 -286 312 71 -5 0 422 317 88 -549 -150 -184 82 -61 127 -209 -32 266 102 246 343 -217 -605 -682 -223 -414 219 188 9 -178 71 337 -173 70 -284 -83 57 -167 365 0 -233 -105 170 -129 -116 -237 87 56 53 247 14 -579 28 145 -39 176 344 82 -274 -97 -130 291 490 449 103 23 156 -114 -47 -175 -270 -17 27 -83 27 -154 -79 26 5 638 274 45 207 -129 109 -32 -364 -156 -270 -16 165 -18 359 -13 334 -310 363 176 136 -66 -322 286 467 65 -154 -144 125 271 12 -194 10 327 94 215 435 103 17 128 -160 -143 -128 -28 155 -375 -180 -357 -228 340 88 -15 -60 -189 82 -158 -349 106 54 105 360 -197 -143 -41 181 42 -363 89 148 -182 -277 -290 31 -406 87 208 -228 -312 348 -202 -36 67 76 -256 -91 333 228 -351 -10 -151 -138 -224 6 192 2 -321 2 12 299 -61 -160 -197 -157 18 8 -20 105 -280 467 -463 -0.8572509805180939619985928579659791026747e-21]
[416 -634 -318 -445 -450 -797 778 404 52 -913 102 134 40 -254 -235 -12 111 460 185 230 108 176 -129 -69 60 -167 -431 -277 -204 -180 -175 -165 210 -289 203 -353 -126 -545 -296 -144 -28 46 156 21 -265 39 170 138 188 49 13 14 55 185 163 108 -154 -238 -436 -198 169 -238 -91 37 -159 -128 8 -78 -12 -174 96 91 -21 -212 -63 210 387 -26 186 121 113 75 -67 -71 173 100 313 -130 190 -20 -234 263 -79 -318 134 169 -354 -199 -218 108 67 18 -41 188 69 58 -57 53 232 98 198 -48 -5 -159 -439 419 -181 89 118 316 253 69 458 315 -240 158 -198 -12 41 109 83 -214 415 -313 335 101 -191 -36 -163 85 -263 66 -15 117 80 -199 466 -234 44 50 -153 -77 179 -130 420 -39 60 -108 138 -99 340 316 533 -226 13 -192 244 884 201 -182 191 318 175 32 22 193 -41 -378 -263 -147 -2 106 -167 -181 -37 556 273 139 -201 -100 -348 -544 60 34 -9 -17 370 -206 48 297 -22 173 390 -417 -100 -112 -1 -314 -23 -202 -144 -500 70.94500000000000000000044801127974676197]
[-505 172 532 -396 -963 -968 966 694 526 365 219 3 268 117 73 -260 48 2 297 96 -176 261 -485 -484 125 -156 68 344 -100 -254 -185 -182 395 -53 30 58 -338 -238 -83 76 22 -52 -46 65 -359 -230 35 89 -223 -163 -417 40 -83 234 -183 -29 55 -235 -72 412 31 -144 64 69 209 58 -75 -10 7 -655 210 31 -303 -401 643 -98 220 -182 12 180 145 62 -355 197 -260 -257 315 146 -155 -213 15 -77 232 94 -390 -451 -281 -145 -63 -177 287 456 222 372 99 -165 -244 -80 7 209 83 371 148 -470 -394 -148 -231 72 2 -136 189 -99 -40 424 244 -352 389 316 -41 274 22 -121 285 -375 100 251 -83 262 161 95 -297 -173 661 307 126 62 -386 -75 -100 164 104 -407 -82 105 362 -152 -49 197 -65 143 157 -24 -2 70 341 -146 338 50 294 205 221 178 291 -226 181 401 -173 74 26 -275 322 6 -17 173 -255 77 13 -141 241 -113 -275 350 272 370 479 -24 212 86 -68 260 -20 0 -244 -20 -117 -110 522 -128 431 141 -167 112 212.8349999999999999999998402462059154632]
[341 -183 -527 465 271 31 -499 -963 41 -903 446 189 354 -121 234 -100 168 57 -548 46 -344 72 36 83 80 -384 -443 74 72 114 -63 267 251 184 -5 37 534 2 -276 28 99 -166 -212 346 311 167 245 -182 -270 17 11 -196 -311 336 -18 260 -348 49 -27 188 -270 80 262 -273 -113 18 -57 -70 -186 -43 -330 -236 265 262 270 40 291 209 37 450 97 -161 16 -231 110 -193 58 -47 -491 -187 73 226 -86 -319 -64 -94 46 -366 62 -246 169 182 -316 -175 -103 568 -39 -102 209 181 -448 75 -286 -287 -176 -505 22 -89 31 -389 144 184 -59 -60 -218 236 -70 201 -392 -287 -175 -289 -210 229 -330 -58 -11 59 -231 360 54 463 94 -28 -152 1 -53 128 -491 -71 56 -264 -438 221 -156 -277 19 272 -141 -58 -61 181 54 357 -84 101 165 -172 -445 -155 -11 -5 83 -93 54 34 -13 -73 123 -242 88 -67 53 171 -247 -606 121 -58 -167 469 -69 238 -145 123 -114 224 -402 17 248 55 -106 376 -193 -98 -323 185 -270 223 -291 -346 188 -21 -425.6699999999999999999995905428058594775]
[625 945 -595 910 807 -809 309 -794 -259 -297 283 604 -69 -342 116 29 -52 487 155 344 184 -200 -384 227 101 -246 -9 -175 239 -380 210 408 421 -353 -383 441 336 -340 311 -71 -181 -90 -32 191 -222 11 -350 277 197 -256 -28 45 189 -368 103 188 312 252 -240 -308 3 -70 141 -329 -51 -40 486 244 -200 -89 -75 -399 -12 -250 145 107 -88 14 -79 -81 -34 -57 116 146 -244 -233 491 310 63 -121 -382 -249 -143 296 -82 222 -139 -53 38 266 26 -135 -58 176 -13 -408 194 295 -209 206 -647 -519 350 314 -201 63 -41 41 248 -61 -151 58 -174 60 309 33 664 -159 225 142 502 374 95 223 220 -2 92 76 152 185 -95 9 250 481 101 -164 224 -18 -23 61 103 51 450 -54 305 58 207 -561 -239 124 344 -70 -81 -134 -280 190 -299 363 -1 -303 -16 50 54 94 -186 92 214 -10 -155 -73 -501 114 155 -259 -134 -116 -224 -62 144 267 394 -376 -13 154 248 -6 244 307 198 33 41 45 -393 494 -58 160 705 52 -41 -318 321 -217 70.94500000000000000000113469298828954106]
[-678 290 -732 -364 578 -108 630 860 -129 785 -4 240 -19 60 -268 60 -421 9 -318 -246 -340 -236 -342 -81 -18 -59 33 -211 -84 206 271 253 441 -51 -304 -410 171 -171 41 42 167 -532 -5 -146 -318 508 415 -211 285 -296 218 153 -17 -188 68 -180 410 124 85 -203 43 22 102 -428 -182 200 34 -208 -387 154 -177 -95 50 133 375 200 -13 141 -309 29 49 294 191 452 55 22 488 437 -83 331 54 -58 -167 342 98 -123 -310 -244 252 149 -189 -44 98 -290 395 207 260 344 -276 90 -244 -371 224 -132 278 12 -24 -340 359 149 221 -19 -181 108 -4 -45 222 -295 276 229 -24 -281 123 -49 202 183 293 244 -7 -46 43 57 -143 -181 28 -119 -78 -195 -312 -19 28 228 263 -23 441 -175 -459 -297 381 168 108 447 44 394 -6 232 -159 153 -157 -74 -202 215 346 155 -340 220 281 -413 -148 -99 -142 297 112 -140 6 173 -125 -270 19 -151 19 -220 64 -76 194 48 385 342 181 79 -149 248 419 59 -176 -6 367 285 77 -196 -20 47 70.94499999999999999999967947395579914013]
[882 873 -952 -721 32 373 -679 -446 -422 814 39 -60 -539 1 595 14 -290 503 6 132 151 136 18 369 -276 -79 356 -380 -176 -108 -1 73 -396 -213 -40 -173 -222 524 55 -192 300 242 72 -163 -102 -486 -30 -17 47 -185 -258 7 300 -345 -149 -228 529 -41 -274 -588 176 -161 -120 95 -126 196 73 -74 -4 446 -26 52 -209 61 489 12 -395 -197 -178 -607 -490 44 -273 121 139 208 -127 7 232 -220 -139 -99 -67 61 165 -210 162 119 357 30 -90 45 218 424 219 56 190 -7 68 148 100 6 294 268 -36 356 -30 23 132 -198 -300 133 296 -276 -59 20 253 115 157 -315 12 -12 259 231 -60 93 293 -41 243 -211 -148 -195 -109 325 101 -150 430 -220 332 -84 81 -121 8 65 3 -294 91 -351 -219 272 242 61 327 -348 -168 91 -240 228 384 207 -71 309 43 335 62 -448 -33 150 -168 -110 -605 263 -6 -369 -204 -29 -5 -15 -110 -319 677 -176 -252 -270 -347 -79 31 -136 -115 -389 121 -25 -562 -231 115 491 150 -351 7 102 284 -211 354.7249999999999999999997518251846815209]
[-742 363 -189 -311 -753 -413 455 525 -898 -884 -238 -123 -487 361 293 -487 116 -148 130 -48 272 315 -19 -74 80 15 225 389 87 -12 -229 205 194 -519 148 274 186 -259 -56 -102 65 178 -296 -245 199 286 -106 167 -218 -60 148 -284 318 95 269 -115 40 32 -231 179 114 22 95 91 -108 99 63 -100 -217 -346 62 -28 -16 -334 210 92 -273 288 83 -323 -73 -176 105 -295 -194 357 -141 130 -220 -535 -191 -162 411 108 -235 -394 155 105 -785 -486 -318 44 190 198 44 39 237 54 -21 126 26 27 453 315 -48 -45 62 -147 73 -13 -52 296 190 272 -68 -236 -33 -165 -128 371 266 -132 125 231 -128 33 -53 182 -108 45 -437 89 351 418 -49 -222 -144 -54 -359 132 -310 -87 391 -270 175 -195 272 -302 195 114 -54 43 -276 287 222 111 -486 -52 -149 66 93 53 -268 4 -46 -220 -118 314 -99 335 207 -106 124 -125 295 -262 55 -318 7 -4 144 123 -67 -230 -23 -152 -294 -431 49 -233 273 25 -301 392 231 -10 -12 -473 -357 18 155 -466 -283.7800000000000000000008769501994633649]
[-64 -103 -98 971 298 -917 389 -168 249 -647 -267 -63 95 373 159 -251 265 141 250 -469 103 -77 71 -343 81 -114 2 -125 42 -240 -285 337 -128 -506 -341 -418 61 86 126 -2 340 170 -146 -528 -192 -48 -219 93 383 -54 75 168 -35 217 -92 222 435 147 39 -235 -6 171 -147 -47 417 256 93 -38 332 209 49 -164 -73 21 -186 195 -502 -108 -12 152 -131 73 -105 -19 178 221 -77 -122 -120 72 -396 288 300 206 130 -171 370 -82 83 -209 -215 213 30 -68 -137 15 221 190 337 -297 71 69 -19 -9 18 44 -45 -129 -4 -131 -73 248 -358 -277 182 -224 235 -219 28 -35 117 -11 -72 245 -114 -249 -57 -136 126 -116 -155 -13 -211 262 522 225 262 -43 -30 139 8 -20 -1 185 183 112 -365 -204 158 -483 459 166 -208 -151 -214 -19 -107 438 206 -49 -85 -332 -130 193 -579 160 304 -118 -250 103 211 246 -274 -372 329 358 238 -65 -117 -336 -166 -524 124 -100 -175 33 54 -1 -351 -90 243 -164 -337 210 -107 120 -178 -97 -29 215 -198 11 70.94499999999999999999956296595274734538]
[328 -684 -728 -994 452 -684 795 -186 -767 981 28 95 -340 229 -10 -163 139 -446 446 -202 -542 115 141 -31 66 -51 -239 -63 -63 110 226 -9 158 173 -25 4 -319 335 -251 -209 -97 155 356 -1 -64 -10 7 -245 -107 -52 -151 286 -247 -25 192 -53 421 415 326 109 -118 -173 19 0 97 18 -294 -243 -168 382 -246 147 -155 -258 -446 -54 209 22 -6 37 -75 126 144 4 257 -343 362 -111 -185 69 137 -42 -162 -254 73 -112 -88 297 341 -224 11 -124 -21 -165 -182 -246 -426 24 122 -27 134 250 -144 36 364 -342 -95 -116 -163 130 84 -112 90 -10 144 191 -41 54 209 -15 -193 -78 -271 335 12 -133 -204 -221 -370 -171 59 98 36 -56 -213 25 -35 -36 59 -23 -58 49 274 465 186 -78 -187 356 114 -330 -80 125 -219 52 20 349 -187 -5 -219 -100 53 -49 243 60 -62 -211 36 -165 -250 125 -224 -191 -389 -303 304 -143 100 219 11 -207 48 313 302 160 -129 223 -154 90 168 -300 -381 399 -85 -58 -192 219 -473 209 31 330 113 304 496.6149999999999999999987290707944681787]
[-908 -360 -127 801 -542 -222 -224 -240 730 -71 -362 119 -329 -204 136 28 444 381 116 -128 43 230 -65 -137 214 -120 136 -193 189 116 10 448 65 -126 -247 41 378 17 -113 0 -110 39 -367 563 329 119 168 -225 137 180 46 -100 -164 -24 -214 -37 -17 347 -194 -115 139 157 27 -184 -336 200 101 -42 80 -263 -493 223 -253 -43 -153 443 20 45 -3 4 72 128 -226 -135 -252 -28 258 17 -106 233 -40 -127 -192 -485 -231 231 -158 -20 -319 233 15 -39 377 56 500 354 307 -40 91 74 -124 -36 323 265 19 442 -139 -502 -16 39 317 186 163 -63 -515 353 -8 -41 -241 -35 198 -59 225 24 98 341 207 120 -37 19 -76 395 -354 245 -282 -38 205 199 182 -4 2 27 58 21 -296 -117 -70 -288 -5 358 -11 401 39 166 6 170 -68 -52 -483 -426 -248 174 -468 -155 80 310 -237 -18 442 3 496 -94 357 -144 309 25 231 37 115 -85 -323 -302 22 -130 122 -184 -38 -350 -37 158 -225 -307 -234 10 171 -242 280 -484 -283 -325 221 -10 -70.94499999999999999999928563811498455362]
[264 324 280 1000 428 14 651 510 163 681 -557 -48 141 -227 32 200 -375 295 -201 -149 -177 -20 -279 37 -344 182 43 -333 -174 196 298 275 -70 141 -333 -619 -57 261 -146 117 -101 -91 18 32 65 -77 96 -162 -99 239 -46 89 -456 -34 -168 -26 -80 206 -71 -300 -36 150 -3 -286 96 9 47 -352 -243 101 174 -209 -146 456 395 87 -76 -147 -269 -25 -145 453 -202 -219 268 69 -49 353 -58 134 249 42 -319 -43 262 -281 -332 -54 243 -152 187 128 264 -44 516 49 -127 -409 -71 -198 39 -9 -126 -262 57 118 388 -517 -118 -33 140 -85 -47 -191 51 483 -28 87 -130 -45 76 -386 264 -548 294 362 224 -26 176 208 196 79 -112 -98 137 -106 151 -229 139 -197 132 201 -179 54 -433 69 -365 -169 262 -57 -132 112 233 -537 -122 -443 -95 -99 184 -214 -13 383 -209 18 -14 117 -36 184 231 -373 69 87 22 -138 -34 -163 191 158 152 -225 -151 -70 -230 203 55 169 -119 -367 74 216 55 -185 78 -364 -200 -94 416 -255 305 85 -10 44 -70.9450000000000000000001371486493586629]
[-619 251 -133 346 -776 -431 247 799 412 -892 -217 -2 -315 -110 0 443 -7 -162 160 -14 4 512 380 31 -116 -98 270 -75 -135 -150 -317 -29 -114 423 24 188 -283 -69 -270 -152 -169 -82 151 -54 -1 133 -281 -66 150 78 0 328 188 -297 -140 -6 -45 -420 -253 -196 -7 -22 -41 -282 -163 77 -365 -480 -339 -78 34 355 -132 -45 539 47 169 33 -258 38 5 -7 -70 193 266 -77 614 -303 217 355 -137 12 -300 -353 -340 -7 213 3 -12 32 -6 -222 228 112 418 -41 -258 18 -93 135 93 36 32 5 -64 0 -293 -148 -4 -206 396 205 76 -190 44 -195 -51 299 91 225 -17 182 -67 -493 29 -139 286 -98 -9 -255 23 188 -439 -6 -41 122 -19 15 371 227 -5 -200 110 29 -46 -172 -117 186 190 236 -220 187 30 -77 -58 25 -108 -91 -315 -163 375 8 289 27 188 35 -626 234 72 -97 1 -247 60 -70 -37 183 -252 501 -102 -163 174 -46 -199 192 101 -42 -66 -142 -31 184 -424 -248 -71 -266 101 408 -34 -68 -363 -209 87 333 496.6150000000000000000006097659068049457]
[414 -851 -791 -540 -644 875 -361 235 901 323 108 -290 -430 561 338 -146 -91 97 -5 64 -311 -361 11 -233 85 229 370 -133 353 192 -285 -77 -647 409 303 -34 -73 177 78 -22 -77 111 -238 -33 321 -182 33 -318 297 -22 42 -180 61 -58 452 -143 101 -248 -30 -214 74 41 22 -396 -220 215 -112 -57 424 15 -298 250 -112 -21 -160 -85 -79 158 55 -363 114 -251 -243 -256 -9 332 66 5 -82 -26 -107 -93 -146 44 5 259 95 -158 -239 59 37 63 -126 -38 -576 245 -39 -57 -137 111 13 128 -122 243 -308 309 -73 -313 60 -313 408 211 4 182 -85 -200 -267 -4 49 -181 72 -209 -39 218 -112 -391 -258 -302 276 -297 -153 -33 68 82 -54 -173 373 128 184 340 -248 199 35 247 36 -164 296 -39 124 -67 230 -130 -328 173 230 324 255 -174 15 33 -55 -213 60 -59 -198 -221 -459 -82 -97 324 -218 275 -278 -96 210 88 -147 57 73 -317 205 -100 -126 35 -256 86 -270 -112 -429 -265 -154 -203 -261 475 18 273 -480 -206 -231 497 302 -199 141.8899999999999999999995621934935856302]
[808 -285 778 181 740 -535 955 -68 674 -427 370 -267 57 -565 -115 -371 117 -141 128 -96 501 476 -155 282 222 103 -14 118 -217 -106 -27 290 2 -24 338 14 -228 -143 -229 175 263 45 127 -57 -180 -200 -563 122 -166 -33 -271 -1 65 146 74 239 -193 191 64 -204 -141 -121 7 499 -244 -305 -81 212 -65 -38 184 -171 134 336 -234 -89 255 154 126 43 135 51 -402 18 246 -285 23 -345 -198 133 -404 -263 459 10 -52 271 -14 -218 -44 -50 51 -65 32 369 -166 -13 150 -238 269 -153 -48 93 -54 -494 48 -299 -31 578 -260 -665 -137 453 67 165 26 -3 126 251 -350 135 211 68 295 103 -262 -135 98 -363 193 -183 -271 -243 -11 324 -100 -63 -85 -112 124 -587 -168 -474 60 278 -14 125 303 -258 -389 -37 176 114 327 -263 -310 488 227 177 9 178 20 -195 -178 -86 25 -47 32 90 71 -31 -479 49 14 396 -404 318 -176 370 -96 89 -14 -218 -133 381 -278 -282 -52 50 121 -107 -456 73 -202 26 -223 82 -179 309 -324 -99 64 -190 141.8900000000000000000004856053799439456]
[-500 515 -702 -298 -1004 -657 -86 721 1008 -850 -56 38 -123 174 -32 -42 -296 249 -6 -63 -99 -252 -16 -196 -146 194 14 -55 94 -48 135 -321 180 194 35 321 -292 122 -115 293 333 47 -433 -252 36 -81 -145 643 11 304 -235 -203 -5 -45 -438 -260 234 -119 -191 -4 59 60 -71 -307 64 -137 -91 -170 73 103 5 249 145 128 428 2 -380 -250 -350 -136 -829 136 -149 250 -39 321 -292 -26 -139 -91 181 241 79 436 -433 -133 417 -291 -2 -480 190 87 -107 -133 -233 73 -188 -69 -164 -125 77 268 196 88 -49 25 -6 101 -129 -155 -58 64 -500 -282 -252 230 -417 -13 -137 66 89 -230 97 -210 -154 -79 -7 -289 -265 -227 298 -39 340 -146 198 -17 -255 274 71 412 -14 -284 -131 -90 66 -22 39 281 -277 -22 -57 -486 -80 139 -186 -63 166 146 193 -105 410 -76 239 446 -257 38 179 402 -150 104 -47 -158 -56 214 -150 -41 -348 -84 -268 -161 -241 186 -47 1 -142 -171 240 -260 12 -76 489 216 68 -74 378 305 -74 160 11 139 -499 379 -141.8900000000000000000001528745786300338]
[720 -47 15 642 -484 -985 -94 -486 -715 966 104 270 333 -292 48 -206 -119 -237 -101 -202 124 32 25 320 -155 54 -168 442 -92 381 195 43 47 -343 224 196 84 567 -331 0 54 -12 101 -99 112 -250 -145 139 -188 218 62 11 508 -151 -310 -27 -106 279 194 2 -94 36 222 334 169 -179 -281 636 129 1 231 -15 352 24 -449 -266 -164 -164 -13 -146 53 -164 200 97 -210 -217 90 463 8 -196 92 17 -80 184 106 148 632 -222 458 230 47 96 -319 381 184 -287 -36 121 181 -46 83 -68 -79 310 284 -175 78 235 -193 167 -315 -65 42 -278 135 65 272 223 -168 -330 -103 366 -498 402 -410 31 -298 270 -13 -348 155 181 -24 4 25 234 -282 -134 197 44 370 223 -326 -102 -263 298 334 98 -418 -426 -118 -217 -176 -179 -115 46 -102 -284 229 189 297 -176 -162 -153 -157 -81 279 185 237 13 -212 281 119 -356 -6 -221 -410 158 -278 -205 573 400 -91 -228 145 -222 -276 156 26 -467 191 465 -239 -278 159 79 95 388 178 -186 372 275 0.4267059771064780391615186213934867755226e-21]
[-921 239 366 -221 895 -444 470 902 973 56 281 61 -73 -244 -337 -176 -215 -15 -271 166 1 255 274 0 46 -249 -98 -27 13 234 139 222 441 -198 105 -299 -15 45 -314 -94 -67 -204 21 -19 4 -363 -124 -18 -18 -60 348 -260 -303 -214 -293 -257 -293 -86 91 -58 150 -184 -58 -206 -210 -113 -11 247 -58 181 -364 44 114 231 200 277 -179 110 315 -292 145 -146 -195 330 -21 170 333 16 -278 6 302 -64 -171 -17 131 148 303 -279 -48 36 -128 -152 -320 -58 198 40 208 47 49 -45 -504 290 85 -316 202 38 -131 392 -216 -38 -114 -206 -103 103 127 103 96 206 277 -137 -167 238 157 1 -135 232 188 -632 -226 -232 393 254 -320 -322 -327 -128 72 75 -300 -530 179 -13 96 182 209 -61 216 -381 -141 517 -129 -190 134 -107 170 72 234 -176 133 -11 37 335 359 148 224 123 233 -493 -20 -171 -2 12 47 -75 -189 -113 -6 -242 25 437 73 356 85 -91 84 -252 346 -106 513 -258 -3 16 72 -167 40 44 -219 -155 -143 1 159 377 -70.94500000000000000000095423874643550412]
[-379 238 -942 -613 1009 -188 -467 225 -986 214 288 381 -21 -93 45 92 -129 -80 -457 46 -40 425 -19 -334 173 -29 -453 -111 -162 306 189 -53 501 -455 142 -119 14 -473 -185 -460 263 96 -51 14 307 -309 188 -120 141 -169 62 -26 9 -128 114 -314 178 -125 -201 71 36 -86 -229 -170 -294 -116 -110 -269 -195 -180 302 226 334 -154 97 17 -90 -438 231 142 189 -301 255 -88 -117 -33 210 -275 -511 -89 35 127 -188 -10 -246 -301 -74 -202 -250 -52 21 171 -226 383 -108 462 -156 -268 107 68 313 161 -128 -329 43 260 -363 -172 410 -60 183 83 -162 386 -44 112 3 -106 -321 537 -424 -386 -255 176 61 -66 22 35 -91 293 90 174 465 -315 210 23 -96 -101 -103 -503 291 23 -159 -69 -204 -85 -124 211 -327 357 -157 49 -49 32 -165 -221 106 -120 -255 172 319 -242 358 -124 198 157 236 -78 -112 -162 190 -204 -101 -73 -6 -329 246 15 110 350 0 445 326 -329 127 419 14 155 9 -114 -208 127 -131 204 20 -117 -347 298 108 -162 34 247 -354.7249999999999999999998933760378643253]
[155 1000 -267 159 578 265 -975 282 344 -487 -187 -17 100 -25 -36 712 78 11 96 6 -141 -154 376 -123 55 -40 11 -18 154 -185 -287 160 -495 298 -74 25 240 -251 463 -95 -156 -13 43 45 61 -101 -89 -165 51 -107 110 -13 -208 3 269 -411 -117 63 -253 5 -11 368 125 -292 35 -17 500 459 432 -112 -110 -117 214 -145 -23 -238 -172 -160 332 -407 67 -287 0 -305 -188 207 152 48 380 -138 -181 72 -54 71 187 140 -279 4 -339 421 13 -188 -90 -164 -242 -169 98 359 -174 125 -105 84 201 40 249 396 2 -326 129 209 228 -206 -46 191 546 87 -165 -133 592 50 34 276 58 138 -1 -144 -12 -252 -48 285 -100 512 232 -148 -14 25 312 156 -129 159 -89 545 155 -216 40 -30 32 14 141 -131 67 -121 -112 -287 196 384 107 -2 -207 -245 -53 -400 134 2 -47 57 -56 -74 114 312 385 -165 -360 -126 160 -75 -145 39 209 -187 18 -484 248 229 176 201 377 184 -1 -209 -52 -492 -181 283 -168 -480 255 3 230 509 -20 -106 0.4601806080437095641699654473277814048515e-21]
[471 -478 345 19 536 772 -543 505 964 321 92 -147 -554 31 -300 152 -278 -520 5 64 420 -339 -300 -194 20 134 -215 -309 -151 77 282 -383 640 -79 272 157 -93 -165 -146 132 -14 -125 -52 -99 -29 342 328 -336 95 -44 13 140 524 -128 55 -190 -158 74 408 215 47 -49 55 63 -96 -138 311 -316 -163 -205 166 75 -227 180 -410 -42 96 43 -21 111 290 -159 -279 146 -369 683 141 -328 -507 288 -431 -57 256 -134 57 -51 154 8 -183 99 49 346 217 56 -220 199 49 -34 -404 -237 294 -363 233 -254 6 11 -305 117 -98 -36 -261 -334 241 251 -184 -457 179 -185 -144 143 109 -142 280 229 -9 101 259 171 -264 56 150 -117 -88 -333 51 409 20 -80 -19 -172 -366 -443 169 -150 207 144 70 -102 -263 252 98 412 5 290 -21 -338 -177 261 40 385 -169 410 -193 244 130 9 340 82 -258 23 -29 3 700 369 -25 181 -121 -68 53 271 -308 -20 104 -201 -194 163 -28 267 -243 122 16 -64 70 -346 -195 -57 46 398 -79 59 -145 -33 70.94499999999999999999974289285686346018]
[-781 132 -466 367 -969 -706 -7 -963 873 -145 82 -332 145 -250 264 -69 -190 116 -382 154 85 383 448 59 -169 -2 189 -251 -118 14 -202 -23 -28 -234 25 -130 2 -109 192 398 -299 216 -401 11 194 -71 -112 56 -310 71 44 -103 -6 30 -187 -54 -362 -90 -278 -217 226 -172 -183 41 -304 -64 159 -183 -72 234 145 -128 99 -42 296 -86 -253 359 72 -71 -240 -183 -10 61 51 342 -252 94 -5 -125 549 -95 -403 -150 231 -246 -52 47 247 -238 -404 -1 418 122 593 -322 60 252 207 369 -280 -1 39 -249 -97 -84 132 10 -29 94 25 197 -162 160 -41 25 -205 179 342 202 27 -283 355 -575 456 146 164 -113 20 288 -180 221 -133 134 -142 121 332 250 -542 -23 -186 -271 58 -32 -141 -23 161 -188 167 372 -253 -78 -28 430 -98 -401 -237 -240 -137 -188 99 355 92 2 129 109 -18 308 -17 -61 288 -266 22 -24 -161 -86 142 -160 -410 357 -176 -30 161 66 -153 149 -82 -346 78 -26 205 116 128 -302 152 -261 36 -390 -23 -49 -193 -23 -212.8350000000000000000002996039121281697]
[-4 -887 520 238 -756 522 -895 -406 914 472 -396 201 -110 129 -303 10 -155 -266 86 195 262 122 -184 -206 -58 86 3 433 -12 10 457 11 301 93 -249 148 -312 -113 -206 69 -16 76 -36 -494 -80 44 -16 17 451 55 -179 -27 -253 -382 96 -18 -194 159 111 -126 -47 576 -74 -239 -101 175 153 -379 56 -129 339 -20 -306 261 160 -106 137 461 -142 -143 63 219 302 168 120 459 -72 -141 297 -46 -20 -179 233 474 -325 66 -212 114 212 42 -164 -28 -41 230 -91 -200 216 33 -93 -195 -442 -97 -64 287 93 -120 300 -274 -291 -235 -102 -172 -81 60 117 -429 -208 -129 -398 246 -108 126 -373 -130 -80 -16 9 32 47 166 159 -162 -372 -84 317 123 65 -138 160 -400 -87 127 -63 -181 32 47 -153 23 266 249 -174 -105 221 -22 50 126 -361 -294 -120 81 121 47 453 91 13 -127 -131 -386 268 -47 10 164 35 412 343 -147 171 -132 -7 75 66 -145 -132 364 -413 373 -328 406 289 -119 -64 -191 208 -403 6 250 -190 -190 -76 145 -329 301 -70.94499999999999999999998022082716208566]
[-633 531 -790 135 -299 360 818 -365 -46 610 64 36 -15 33 -317 -489 -24 -517 -403 -181 -142 411 163 120 -55 -107 -132 344 123 -269 -263 -396 209 -18 14 11 -132 -101 -115 -113 -46 -55 97 -248 -178 74 303 -208 126 356 338 218 -54 456 96 -50 4 276 -53 546 -364 -199 -80 70 -283 362 -409 64 -51 37 -5 -81 -14 13 103 468 193 249 198 173 251 -145 83 -267 -221 -68 81 -107 -180 225 -144 40 -261 -271 185 -330 -281 -80 -243 -538 -173 -38 -198 -36 275 398 -185 85 -12 403 86 455 -59 -30 13 474 -165 -114 153 181 -236 460 89 661 187 -172 -157 -209 -35 -72 155 -506 249 283 -10 62 -204 -97 -131 223 186 -296 213 397 277 65 285 -19 -344 302 -273 -292 59 310 485 -216 -145 -118 -151 -168 -287 331 -465 65 191 -67 -155 -102 -150 -128 32 -413 6 102 -70 175 57 -228 236 -165 623 79 248 392 61 -11 220 7 157 167 -176 363 13 135 152 -110 -109 -90 -197 237 -308 -311 14 -32 17 -164 52 80 -446 396 -154 29 354.7250000000000000000004943174012517189]
[726 -566 357 386 457 -338 -454 578 -162 -161 -8 84 -205 78 335 123 276 -436 319 67 -1 -356 105 -173 59 -90 204 -122 -597 261 184 44 314 -138 -188 -99 101 141 -316 219 -55 47 -71 93 39 216 107 483 37 -433 -344 201 -267 256 -198 373 180 241 136 3 353 -271 -61 -118 394 -33 -414 -252 11 -185 -292 296 -261 -185 -155 474 -318 -283 -233 255 228 260 -259 -25 111 240 -45 242 -265 245 122 -108 -47 -337 -213 -222 51 127 444 225 25 494 701 7 210 -470 537 -318 -152 193 326 385 57 -219 52 -91 -248 -26 -429 -213 29 -75 284 -382 484 -336 664 294 192 324 113 118 -49 171 -280 -6 -117 -47 -70 -190 192 56 -189 741 26 311 -537 316 298 -99 -141 86 -57 211 161 -209 -293 198 -322 372 65 86 11 341 360 148 -41 228 417 550 -274 242 -88 120 236 499 -16 60 -158 -83 -107 -288 -169 -334 -29 -231 457 42 74 126 22 123 92 131 -407 -208 -137 -89 105 575 45 -60 -216 -72 291 21 -110 -152 65 -47 -228 619 354.7249999999999999999984054650822268532]
[-795 257 -940 255 74 860 374 -499 -198 -431 -63 6 -135 106 302 91 75 -102 -133 -327 14 122 198 340 -193 202 301 210 -122 52 124 4 -186 392 -363 -298 -170 375 282 458 197 -28 290 -507 -352 -226 -181 -211 -132 561 -170 120 -130 33 -231 -269 -21 125 158 -104 -193 -62 84 293 235 -203 -53 -40 369 -20 349 58 -18 -132 -126 -139 -199 14 47 -9 -524 -116 73 -219 550 272 -464 200 27 -30 371 271 -17 147 -153 -18 -17 403 575 77 118 -30 27 78 317 -88 53 83 323 37 26 281 280 -110 34 133 -41 -153 51 -273 143 156 -48 -162 128 80 -395 284 -243 -146 249 -60 36 14 231 508 -194 -208 -202 -177 -189 194 370 338 565 523 34 -105 66 -8 -189 -127 -6 174 -230 17 -158 473 -330 -540 -129 -20 -181 -16 -295 0 119 24 120 194 -94 16 172 -61 -28 -216 121 167 395 34 124 12 -71 213 157 -20 53 -15 -240 -276 306 -135 171 49 -187 44 90 68 -192 19 -59 13 -408 -596 -138 -281 285 -177 270 301 -40 146 141.8900000000000000000004626686117250332]
[343 52 -254 123 1007 365 736 -231 637 107 -242 -85 172 -95 -30 132 -647 53 252 -71 150 -248 -129 -145 -486 -65 92 65 -52 -38 2 -238 203 -442 -358 -12 -548 -552 88 34 258 -144 -370 -335 -382 87 -228 548 -199 256 481 120 407 -396 18 -26 -183 -145 42 -257 220 370 -377 138 -12 -6 207 -71 331 -65 471 -72 277 103 -168 158 -197 301 -175 -89 -68 593 -280 322 -91 240 -385 407 182 9 181 -255 -180 533 217 155 53 223 129 -38 -311 -51 -11 229 190 -180 -341 123 -36 -148 -218 -131 -129 77 -390 127 386 187 1 158 -193 107 21 423 166 -570 -165 -294 72 69 -237 154 83 -196 -34 -15 -119 75 351 -372 668 -279 -16 -113 237 -191 -295 54 -13 -136 -90 77 4 -204 -71 59 -33 -106 248 83 192 -166 72 218 57 -85 15 -64 300 -74 -156 125 78 -117 339 -104 -52 296 -336 -50 20 -5 120 282 -416 379 -123 -249 -265 -26 -53 89 -188 281 -136 -56 -95 182 -110 -76 487 -367 324 93 -53 20 -38 -29 269 -103 -485 115 -283.7800000000000000000011596865307012243]
[-672 232 804 -782 -778 1013 -948 631 578 -453 -32 34 8 406 277 155 193 -203 -59 -362 -131 -16 8 -308 172 -66 483 79 -38 70 28 3 156 -307 94 16 47 -137 -192 285 80 12 -91 -123 122 -265 -101 45 -60 53 -159 120 -128 47 -112 13 73 278 8 293 56 5 -66 -294 94 555 -120 -118 287 69 235 -347 -139 10 62 194 -204 -103 21 -135 123 -232 -90 -9 11 77 -5 -56 -93 -342 28 59 174 141 -98 345 -108 221 93 -50 47 80 -174 -165 -35 338 256 100 103 337 -246 -144 -98 212 -249 147 47 52 154 -53 -19 -106 5 184 101 45 213 -338 -315 60 -152 71 -203 82 -274 210 -83 43 -142 -98 -167 -326 389 91 215 201 390 -182 52 -173 111 -48 -211 154 -131 -147 -69 116 -151 211 -116 181 -224 161 259 -177 -350 -443 30 469 10 -303 -183 -404 -205 -61 339 161 182 45 406 -110 -317 84 96 -64 104 65 411 -33 389 151 -349 68 95 246 144 -265 16 -129 -221 25 -500 -8 -244 330 -69 42 -251 -191 33 394 212.8350000000000000000001382865649323551]
[-345 -715 -964 751 -789 -683 -869 -801 384 737 -410 401 125 16 181 183 45 -290 757 -347 334 57 82 143 -186 -196 -295 5 -19 34 43 197 399 -533 -489 172 -8 -210 -38 -168 -328 -251 121 136 -143 84 212 57 -40 31 123 0 -195 -307 53 115 339 11 243 169 -26 92 -406 418 -49 264 -59 -156 -11 -228 432 -2 132 -371 51 295 -23 -68 208 182 -170 299 247 -161 -286 -13 410 152 -258 -13 -375 6 364 -273 106 -226 171 73 -60 271 -29 9 153 -5 235 -148 68 167 50 -339 -32 -245 34 -23 -15 -188 82 149 249 277 -65 -258 36 31 244 -176 29 118 -138 205 -152 496 -1 42 -10 422 374 287 -125 -60 137 -36 89 -188 254 231 -73 -300 -28 161 226 -74 116 233 -20 -181 -532 206 215 3 -51 -26 341 -503 -204 -154 10 219 -8 29 603 132 57 -201 199 -3 160 -87 219 -131 423 -246 102 -196 326 -25 -134 -70 68 -338 61 317 237 -96 25 261 -220 185 -19 294 61 86 -77 -420 -65 -31 350 136 -133 -53 36 -189 -141.8899999999999999999992174705045211955]
[830 -208 -899 -660 599 -615 -706 -75 -127 954 224 406 171 -206 246 -55 -98 -279 111 35 86 -149 -131 143 55 351 -632 -421 -141 -221 341 -141 218 -279 -436 -98 191 -147 -153 -58 363 -274 -255 -273 152 208 155 335 -167 564 92 42 61 -24 1 87 239 630 -24 -213 50 138 -156 40 16 -190 -81 -266 -62 143 98 -158 126 9 -279 522 35 127 -83 243 -88 237 264 -372 92 1 -253 354 -256 -24 91 7 -98 -139 -83 68 320 357 410 -324 107 163 -77 -264 172 -152 -290 368 29 -193 524 -306 104 156 -95 550 138 -88 -154 42 -24 277 -48 -185 -120 289 -268 -491 -428 -89 -35 -78 274 416 95 -28 -289 137 -250 272 269 -28 -76 155 542 241 37 316 112 241 263 -4 -289 260 149 80 -30 -129 -381 18 -138 280 -118 108 -341 49 -263 340 185 -132 94 300 -307 434 93 280 393 248 377 -253 -182 20 108 -361 117 -133 343 -265 -356 8 -139 210 248 -218 -653 465 -516 51 42 429 13 166 -42 -209 -163 233 146 179 339 -493 -53 -100 -212.8349999999999999999999482478271629512]
[194 -636 -874 766 455 904 -519 -593 894 32 -385 14 480 -79 -394 -579 197 51 202 10 415 356 -147 39 285 -228 -206 428 178 -170 -322 303 10 -351 -89 27 14 -297 -11 119 -393 103 -341 -297 -429 164 149 357 -2 95 184 409 -79 -363 3 432 -429 75 -199 169 31 357 97 12 -308 127 -5 -67 -281 115 -32 -185 -112 68 213 4 119 602 153 306 396 22 514 117 -130 -64 456 -192 343 -440 -366 -214 241 -114 95 266 84 -77 -45 -18 -154 -372 -267 -257 92 -288 166 89 161 -291 -314 -288 -100 -38 74 -443 272 198 -57 335 49 -417 -144 -35 47 -132 -65 -199 -98 71 -64 -58 -164 -352 289 93 23 -143 -250 121 -154 -145 -373 273 165 -74 128 -105 22 106 86 54 108 -410 60 285 54 -592 323 57 283 259 156 -88 -107 -191 -376 -207 -109 -216 158 88 -33 -100 -133 -169 -14 -312 54 72 240 -102 116 281 389 -22 -29 -225 251 177 -149 -135 2 347 70 47 10 -86 -127 122 -11 88 263 -211 204 105 492 -249 -375 148 -32 -450 -212.8349999999999999999986920195259944022]
[885 -389 -173 -644 -984 216 -88 -290 -798 780 527 -419 -36 118 251 -596 474 82 -398 516 -245 297 418 -40 113 259 -12 -120 -153 -19 -148 109 149 -272 13 380 321 -106 -250 330 111 -158 54 78 25 -206 207 -68 69 400 317 237 249 -45 -124 111 -94 372 231 19 -453 160 121 471 41 208 -189 382 81 -66 -197 159 573 22 -425 62 -203 238 -11 217 154 61 -231 73 -403 67 -126 -74 -145 -64 -63 -86 117 64 178 0 366 -519 166 9 168 36 45 170 344 350 -45 -108 397 321 130 102 -350 -302 -267 -52 1 524 39 -314 39 25 277 92 -180 -56 -150 -183 -273 -513 -56 -42 68 81 -209 -167 12 -92 -55 -278 207 -195 61 243 -70 -1 61 249 -85 604 -318 108 -88 227 340 -159 36 -573 -280 -331 42 9 -253 192 -44 -163 51 189 -76 20 34 -5 -715 208 -727 210 -32 -269 -52 -58 487 99 202 -38 62 39 -77 463 10 93 -174 410 -219 40 -296 -37 -190 -419 -352 -84 367 110 145 -587 -125 235 -35 -126 -389 -209 402 -173 0.1221393415284339479536112657153280186551e-20]
[-624 688 181 -835 -708 476 638 980 -128 -333 151 -266 -68 205 -241 -265 217 590 -586 627 -125 -53 -99 -218 -222 -49 84 21 -7 146 195 -39 574 -73 92 -66 549 -93 160 20 44 211 -215 -200 -256 -300 25 -149 -110 -257 -13 -114 11 -430 52 19 -371 -119 -120 -203 68 -9 191 -310 -34 -143 114 0 165 195 -288 -189 -68 -71 184 107 -185 151 -65 -139 363 -64 -315 358 -95 283 -49 181 -158 -397 295 -35 12 -349 139 -220 -139 -230 80 -78 -227 326 -165 439 -49 237 286 -96 -16 240 -527 -79 -263 -412 -98 41 113 -148 144 -354 -105 -16 285 198 -149 201 56 -443 33 170 -227 145 61 -147 -95 -113 -171 -84 267 -154 382 235 -233 46 117 -328 321 -335 -19 -335 -402 89 -147 -417 217 -135 154 -391 -254 109 151 360 300 -38 240 -24 540 36 -106 134 -86 296 101 -144 106 111 -54 -436 293 -55 -81 212 101 358 -117 -212 372 173 261 285 -115 -66 113 92 208 161 -122 -409 154 55 85 -58 269 -118 37 23 -331 133 -197 -295 -220 174 -354.7250000000000000000007234867070112845]
[-655 -116 740 -209 544 -330 769 49 -242 -349 347 218 190 -18 38 153 -132 112 341 -105 198 -295 80 245 4 -179 50 375 305 370 16 -20 -73 -259 64 299 13 188 -189 -22 -273 -22 31 175 102 -278 -63 478 77 -149 47 -181 92 -164 -179 335 -82 -290 -40 365 48 -71 27 104 342 -260 102 281 397 -89 461 -109 263 -198 -240 -113 -83 -170 265 -84 -33 16 -6 143 -101 -63 -79 307 255 -94 -209 -96 115 136 418 221 407 -182 -207 172 -32 -150 -370 94 23 -415 -65 -174 -183 -84 -425 -151 -140 233 -47 156 -34 111 -26 -36 140 -515 181 173 39 175 -251 190 -179 -295 -112 397 -57 -114 -341 66 102 322 147 -121 -149 -40 257 -404 -105 -20 41 -132 196 91 305 59 -13 -390 166 230 155 -7 308 -268 114 -493 -34 -395 28 -145 -56 59 320 48 24 -85 -230 -142 -176 81 108 -76 -310 155 407 256 -342 -221 172 263 -369 87 -75 -466 242 -42 112 241 53 24 57 46 124 23 436 205 -19 -100 287 -143 27 -9 -210 -10 -88 -4 -354.725000000000000000000667828493314784]
[247 -843 582 -833 33 798 73 -592 -809 715 -202 140 10 152 -239 345 -201 -274 -305 494 75 -177 170 -114 -244 130 -222 -148 -51 183 136 29 -167 320 149 -41 366 -54 -130 49 -191 56 191 239 583 -226 469 -273 465 -28 147 414 -395 40 297 198 96 390 256 148 80 129 -102 -155 181 269 98 -129 -118 177 -62 176 -212 57 447 326 -102 38 15 335 494 -166 -210 16 -60 139 337 -127 87 366 -585 85 -169 -54 -125 -39 0 -459 127 246 158 -315 -28 -337 -107 675 177 -99 -305 143 -388 -149 -397 309 295 148 101 -61 190 35 96 -45 431 135 -59 99 -202 -222 188 32 132 -171 -645 187 -14 -236 -21 296 -181 -20 153 -278 9 -82 -176 51 240 -112 343 252 -35 221 -54 -272 -57 -124 -262 -156 -144 -92 -46 378 -241 108 1 -115 -124 -186 -568 295 -4 -182 112 -133 -273 -267 -122 -139 192 41 357 60 256 -278 229 -130 -75 399 430 11 10 107 -264 38 118 80 100 62 116 -147 -175 -184 6 -212 400 117 -99 141 -721 -123 257 583 -70.94499999999999999999987461125937116852]
[-934 457 730 998 -134 679 -242 100 -197 297 -474 -362 -338 -53 -215 -193 92 254 379 -262 -120 201 244 -319 51 68 297 110 235 -499 -252 20 -127 404 54 -323 31 -1 42 203 335 110 -126 -49 143 60 30 -419 -248 186 -71 -171 46 -66 25 -210 77 -156 -220 -89 -8 -218 -227 -130 85 312 -1 -359 -262 -35 -174 159 -367 -86 174 215 73 207 -169 57 -207 116 -362 -256 17 -158 9 36 73 236 -238 -140 -45 138 -130 42 -56 32 26 321 587 139 38 -60 77 64 -230 -249 151 372 -13 111 422 -214 -268 -311 -463 -209 221 -39 273 329 302 -62 113 23 3 -56 163 -261 162 80 -125 -255 202 -74 48 -232 -156 146 282 191 -427 481 138 69 403 114 -82 173 240 164 91 498 80 -206 -31 198 -128 54 -161 40 -74 29 254 105 552 429 -85 -272 -128 -3 258 19 33 -81 -126 148 355 -217 402 -249 -107 -34 -120 83 3 -115 231 -134 -206 -332 -49 178 171 -99 400 -293 -178 121 -227 -93 -198 -204 -353 -53 -68 -453 160 117 64 -118 283.7799999999999999999995295727693635496]
[-930 802 630 159 -761 8 269 570 1013 821 458 231 207 -523 120 -434 360 549 214 -43 353 -29 -278 41 541 -106 287 377 280 -243 14 102 93 -202 -165 360 100 -252 -261 -140 108 -132 -9 141 95 201 -23 96 -347 -250 -16 -317 -294 -118 -343 62 48 350 39 -6 -20 208 -43 38 -158 -338 364 450 -146 -603 -194 30 -92 235 87 -139 -301 -21 267 193 31 -344 -139 273 -320 -225 -210 12 90 -60 -27 -34 -94 285 -227 199 -121 -223 -120 447 146 -20 33 337 17 -20 -65 160 -153 117 -7 122 152 24 29 -186 -12 68 -207 21 -163 118 -338 382 -147 -226 663 -16 157 89 247 324 -150 141 87 -34 -42 71 179 149 205 167 -85 162 -225 -44 -365 95 -76 -108 -3 277 229 -385 -240 -24 199 -141 -244 186 41 87 -357 79 292 -71 -248 76 39 -174 -331 281 -75 -50 -5 13 -65 -41 120 -95 -160 257 363 -198 -43 -288 -249 -2 26 73 -156 141 -170 351 170 -63 79 207 -50 -26 300 -171 -128 314 154 35 409 56 262 -68 253 -519 -212.8350000000000000000002572618345948681]
[-922 -56 9 149 -272 579 989 385 -662 758 -396 480 -208 -431 115 19 64 -300 71 122 -59 178 -187 340 89 -342 -199 -114 -132 192 -96 129 305 -97 376 19 -165 37 -551 -228 -269 101 -65 532 -310 262 3 -206 -285 226 -208 -307 293 -380 297 236 9 127 -46 183 110 -205 -22 361 105 -367 -76 11 -400 68 -275 -342 47 -319 153 339 570 3 -77 44 218 320 -211 -161 -96 -18 -102 -46 41 -328 218 -83 180 -372 216 127 113 48 -275 -239 309 90 -183 208 -169 -55 -339 -85 -70 -252 323 -470 -102 -137 270 -113 -37 132 -222 292 31 110 147 462 106 161 174 61 -23 -185 -76 11 167 105 -271 -58 29 -216 -178 90 97 9 137 -324 -649 -426 85 -47 -176 -220 -69 -155 270 -56 -225 -121 179 2 328 -70 -89 61 -31 -308 168 -199 14 177 134 -182 447 46 -125 -277 143 -225 -191 -126 -72 -246 -53 39 -248 15 268 123 323 -51 38 411 94 210 181 -201 383 250 21 279 189 -211 -44 220 17 -43 -331 414 70 -54 76 -59 322 64 212.835000000000000000000884201907716684]
[585 72 228 -164 -680 -847 61 -557 929 138 -141 131 -25 97 -44 92 -148 -108 338 113 151 -104 -151 224 -57 -75 312 163 58 118 202 -360 276 -386 -90 -121 -131 216 218 -53 -492 202 38 171 88 234 115 -128 217 -108 170 102 -53 -302 228 14 19 29 -242 210 36 -98 63 -39 -208 163 -305 -218 195 -72 -383 241 -175 147 -211 -323 112 -75 147 238 345 -249 2 -265 -222 276 52 81 243 20 -66 -36 366 -336 -357 89 -89 -17 -145 -107 369 367 -182 164 -233 244 436 76 -394 7 381 66 -134 155 -48 -135 4 -270 324 83 141 -151 20 -47 -429 -283 461 7 -49 -189 162 283 375 90 -244 313 -178 177 -18 -187 224 198 -32 -347 -333 -78 184 -110 82 53 186 61 -20 146 -210 121 -145 183 134 334 103 70 30 0 220 275 243 -13 -191 105 190 -200 61 -139 577 135 172 -194 -303 -254 -194 40 21 255 -119 68 250 102 75 -68 -7 318 -166 -203 -205 455 -679 -84 -401 149 -144 -220 -29 1 -215 244 -260 406 -200 126 260 -224 496.6149999999999999999992517648174747594]
[991 -292 910 374 -1008 -1013 210 84 774 535 -25 24 -30 574 61 783 28 -145 89 121 186 -408 -126 -107 -118 -256 90 45 63 38 94 -96 -441 166 30 160 -314 316 162 -79 -140 158 -63 36 3 36 113 443 -49 -29 -611 -84 71 107 -322 -261 184 -102 187 346 164 -384 57 -276 -31 140 -28 104 652 78 -334 42 -209 -345 52 -108 29 -658 149 -215 -245 -66 -193 -213 -221 22 -179 71 -12 51 -36 16 5 -242 279 -243 -166 230 -518 118 113 128 -53 51 -439 69 150 -163 -366 -234 116 -171 84 213 -350 -226 -251 288 -17 273 -131 -660 338 -253 354 -423 -2 17 141 -240 -195 178 225 140 -162 224 21 89 5 -366 62 12 110 -114 -133 253 -31 -94 407 -153 -16 -214 53 -182 -170 299 -18 212 31 -34 76 -219 108 -280 176 103 -24 -168 167 280 -210 316 -206 -112 68 19 66 209 132 339 68 -52 -414 -70 -51 -116 -171 24 412 -159 162 -100 160 120 452 25 409 76 23 -27 -22 -376 48 64 252 -358 215 233 228 99 -185 502 -283.7800000000000000000009605335843337099]
[-482 -718 -373 -201 -892 646 140 140 -126 910 -297 120 -33 298 174 -34 164 -65 -63 -160 151 -504 136 82 -172 -164 193 88 213 -102 -408 141 -618 193 98 -228 120 707 272 351 440 -336 -295 -300 -216 -18 -36 -437 212 58 -15 21 16 15 -199 329 -195 35 389 343 32 23 -44 214 685 107 -53 -263 51 -18 105 -51 -34 49 337 209 -8 179 -203 226 -125 117 -254 -56 -28 377 194 60 193 -15 -194 -115 506 324 212 -443 260 -114 450 -113 135 -206 -164 -180 198 -339 363 62 400 -551 79 171 164 14 288 60 -89 48 -67 -186 30 189 -236 -175 260 36 -230 328 -57 -245 222 3 -35 -284 -13 -15 181 89 74 70 216 -14 -226 355 162 70 -148 249 -44 137 -44 -382 -261 -256 482 -38 1 -34 226 -131 118 -338 77 229 -223 40 366 -273 -3 -221 -59 -245 128 81 -326 -532 -6 164 130 -115 41 -177 83 238 600 -113 98 -480 -223 -190 176 190 -47 -178 -62 -93 185 347 102 -110 35 -257 -160 -93 166 214 338 -106 -98 379 58 158 -70.94499999999999999999988411404191852911]
[-435 -439 -86 -513 -89 -632 857 -811 477 82 185 257 -198 -159 103 -364 114 -257 91 -338 164 331 298 -40 404 91 -292 237 -246 -109 70 241 -51 -322 -71 418 398 -309 152 19 69 -163 332 -5 -19 126 -79 352 46 -111 348 -165 78 208 -68 36 274 381 35 -144 -128 73 -200 287 103 -40 435 -270 184 -143 42 -58 -106 228 -82 77 -368 -152 337 49 2 34 124 -224 -17 27 -511 193 -4 -255 -225 -4 336 475 217 -42 -66 -261 -92 89 -7 167 51 178 -64 17 246 354 17 209 47 -271 218 -42 333 495 291 -347 -41 -74 -139 72 448 52 -343 -227 230 -206 -153 223 200 -162 -409 145 -225 -210 -370 71 265 295 -77 -89 299 4 23 497 -27 -116 -257 179 62 424 -247 -284 88 34 -202 -41 114 -405 27 -272 -178 14 -437 67 -21 -98 47 360 154 -53 -137 -129 7 -28 194 -274 32 -175 -260 146 75 -130 -190 -194 -200 -81 63 142 11 169 71 -96 -303 73 -173 149 -127 -120 212 -23 -135 -158 92 135 155 112 -251 -432 579 -133 -0.2728982512513437026317889883578150442278e-21]
[343 -58 964 -818 -489 -639 456 813 658 122 30 437 108 -443 463 -31 101 -449 -20 31 -93 -59 108 84 -200 -79 -53 -189 157 312 -140 107 -84 91 185 183 -182 89 -342 508 -285 275 -222 532 64 84 -286 123 -105 -20 -66 -170 -46 213 -272 -260 -79 43 -51 315 73 169 159 -80 -128 65 515 -84 145 -350 75 -56 -137 36 -97 65 364 101 -303 83 -157 -96 -62 93 55 -46 -95 -51 27 -212 -151 -121 177 -61 133 428 129 157 80 -224 231 -278 -24 85 -63 20 -384 100 39 297 -382 198 123 28 -290 91 -200 110 133 -31 68 -80 -149 183 158 245 -250 -56 -215 -108 154 -62 -135 221 40 -66 -59 50 143 118 6 -31 557 -38 351 20 58 459 -3 -129 -91 -620 84 144 84 200 7 250 -400 -6 -249 -416 -295 330 -188 -73 -246 -102 -172 47 -102 -185 -350 122 249 14 103 7 -20 -46 28 -428 -134 108 -3 33 -276 119 176 148 -139 13 283 452 31 -227 233 -123 165 -126 160 5 24 377 -127 -111 63 218 -288 75 106 -57 -70.94500000000000000000009758693417391811]
[277 317 -61 -838 712 -163 971 -831 -992 712 -75 717 120 -243 618 -121 193 118 152 -206 -189 -284 -126 -215 -37 -119 68 34 -123 213 218 10 17 -265 -349 24 -241 112 -81 -235 110 327 6 170 -85 -442 -96 258 -174 -443 -339 -481 -351 17 -292 320 301 206 237 277 226 102 -410 -171 -30 149 26 196 482 -10 132 -302 -349 77 124 173 525 -291 31 -44 29 179 -136 -207 -155 -285 -288 45 -100 22 294 111 -288 211 -84 -172 0 57 8 -321 -22 216 33 202 -326 -59 -206 298 -98 -12 -304 -31 -137 -47 -439 140 266 -248 47 -155 -79 -46 -100 541 181 -54 216 80 -337 176 -85 149 -343 84 -341 41 -267 144 178 155 132 -286 596 3 74 54 -110 -130 41 -773 -176 -77 -464 93 -76 -9 -7 125 102 66 -170 19 -40 -209 -203 -429 94 -338 93 262 238 -155 -238 -272 94 -33 33 -307 25 -327 -40 -97 -235 -194 -158 -24 203 47 171 62 19 324 132 -60 100 86 -152 98 57 -222 147 -310 -180 -65 188 0 -226 -13 287 204 -179 -36 -496.6150000000000000000005547223609040189]
[116 773 -816 650 -471 -425 511 -508 -952 343 5 148 303 -178 -35 316 403 -271 119 258 -152 -283 -121 -162 -222 114 -172 112 -118 349 -192 71 -155 -155 -236 304 -92 111 283 318 -73 21 -480 -297 -4 -19 217 -273 164 -85 144 97 -224 23 -24 -23 -237 -3 -22 -279 252 438 -183 -174 -65 5 -124 -76 803 -109 -174 278 -85 39 -562 -133 89 396 -142 306 132 -182 -191 217 179 686 333 -108 155 -648 -71 10 371 -65 51 102 60 234 120 -203 -184 71 -203 -235 -450 21 317 400 435 -72 66 -120 -372 5 -313 204 330 235 -157 -3 -181 -618 360 295 -101 -394 -159 -149 39 -422 -505 -5 -195 71 -234 7 -80 -126 -146 -364 262 125 55 -218 77 264 387 221 -54 70 -6 161 -198 111 -211 235 -232 -80 172 104 222 -243 404 -169 -24 -1 53 -405 -40 358 -139 92 -159 3 12 -196 -81 -476 -28 168 116 -134 -46 320 494 111 -172 -153 418 -2 -202 63 146 2 -375 290 -96 31 4 10 154 22 70 -450 23 -261 58 282 -109 209 -60 -211 -70.94499999999999999999982186617646901707]
[854 541 -720 -562 -592 -15 766 -597 -838 258 664 -121 82 40 379 -400 306 -142 -607 172 23 420 247 238 401 -5 242 243 45 -108 -198 10 38 109 -163 -241 267 30 -91 107 170 -80 200 -93 -18 -174 -126 -147 -185 383 97 -263 -115 285 7 345 404 -96 75 331 -243 -418 262 62 123 -104 -253 18 -311 -38 0 -438 183 -276 370 372 -122 -119 303 261 -113 -386 -31 -72 145 -146 36 27 -91 -165 -23 -172 119 -101 -30 -321 5 212 30 -247 -118 -39 -245 272 655 -74 -22 252 400 282 165 339 170 -288 228 -350 -123 165 -68 -157 371 229 87 134 140 288 99 69 -294 -186 347 -74 76 -15 -74 -70 -182 -257 -141 156 -228 -35 38 505 401 181 355 -203 -278 178 -100 -83 287 181 16 -44 -4 71 -177 46 58 -219 -315 -158 261 -114 -56 -11 227 -263 -112 46 117 -82 -539 79 -41 75 178 57 224 -55 1 -238 87 -227 127 -57 -83 351 368 103 72 31 -143 -211 404 -379 -67 150 -206 128 -186 -42 98 -97 175 -485 -73 80 -203 212 283.7800000000000000000010283970034686921]
[933 -990 -577 278 -667 574 -1002 484 -321 -503 279 101 260 -95 -264 -438 -88 277 -157 -64 -3 125 -380 42 96 -159 143 61 11 80 -101 89 307 -53 -124 16 -147 -57 -114 5 280 -321 51 -97 -310 267 42 -350 -218 -123 150 -239 -478 -62 154 -148 194 -148 176 -105 72 -281 -34 -281 -292 -35 -282 56 150 128 48 -79 12 697 462 -403 178 77 136 -208 95 31 -262 90 406 -63 351 56 59 -68 443 -225 -74 258 -190 -34 0 -299 84 -257 59 -28 -208 260 -107 250 -77 275 -119 -123 -57 36 -177 -251 347 -67 400 -4 -119 68 17 206 -289 330 -317 97 133 98 214 124 176 -262 105 -309 -221 110 -79 -311 126 327 -286 -58 442 -282 -27 -148 -345 -369 -366 -334 -176 -79 59 207 68 135 -119 130 46 -242 74 305 93 -258 117 -10 384 -31 3 135 360 41 -165 -232 10 179 84 -72 -346 -76 -198 389 233 153 -79 137 -145 -162 201 -30 -261 62 65 365 -62 328 -36 135 266 -15 124 -69 -8 -80 -42 -77 -34 227 378 -126 -23 -306 -70.94499999999999999999979329034019877182]
[-916 350 -559 -755 264 -314 -595 -407 -127 -514 -144 -307 60 -99 -157 -250 -128 -19 -401 233 -40 75 -257 -263 -88 218 -105 145 91 -34 41 -349 58 -7 -5 -289 81 213 259 -85 382 29 -23 -65 81 -139 74 -79 121 234 510 -76 192 -74 -96 37 -260 207 -72 271 -297 410 104 29 208 364 -153 -1 -450 -300 438 -46 -162 -202 -250 64 -336 149 300 469 -5 77 15 100 -67 -40 -146 -83 -192 357 55 -133 -282 -25 395 -416 -183 -285 -346 -32 80 -203 -239 308 219 -8 -26 -188 -14 -231 274 237 155 -131 -4 403 -198 -324 -29 114 49 122 -144 390 260 248 -320 -312 -275 -65 -99 -226 242 -170 246 -26 -17 411 271 108 132 -426 -290 95 426 34 296 99 -57 -370 -58 -110 -27 -14 337 419 84 -512 -144 -150 26 143 -82 130 -233 -671 205 81 9 -217 -178 -221 -112 305 -415 -231 220 -213 96 -68 319 -151 258 -13 139 182 73 -39 428 243 -133 -281 260 40 -51 -25 281 -254 22 -41 -497 -640 312 86 -122 -103 315 -82 -38 214 7 181 -354.7249999999999999999990672250086994687]
[-729 458 144 713 -998 580 -729 -913 670 265 -222 72 117 -98 -192 395 -196 108 77 177 -33 -289 223 132 75 -226 -11 -108 -164 31 18 -167 509 -21 34 200 -44 -302 -134 -299 -119 -381 116 669 -37 -89 87 431 261 -52 -106 -54 -1 -143 279 287 236 -187 -260 257 -63 4 71 -149 -14 -3 145 27 -45 -117 -9 -304 325 -480 -170 517 235 -301 13 16 -60 -31 657 374 138 197 286 91 611 53 -325 -273 -7 -69 409 112 -193 280 -152 220 -105 44 261 -135 317 -491 -56 46 -182 -3 -64 -188 -72 320 17 281 -31 -383 -70 687 54 -239 -82 -141 -91 260 -147 125 269 59 -31 202 34 -299 153 -85 335 152 5 35 -60 -206 -175 -146 83 -176 -140 -234 131 -178 206 155 137 -181 -98 42 -302 -127 507 297 50 -294 385 85 -224 320 337 20 -165 -277 -207 121 -1 -68 -87 -14 28 -114 154 -55 191 -136 -223 -167 46 190 -93 -132 107 103 -139 -161 81 -261 379 -339 36 118 -41 323 -301 18 233 4 82 51 305 117 63 -141 -458 262 0.6408517803357950382588583842390821468383e-21]
[-411 1007 -693 110 102 833 726 -391 936 -24 348 397 171 -650 -542 253 -217 -459 -63 648 -214 -92 99 176 -85 253 -338 -148 284 256 18 -164 133 402 170 16 71 73 -194 -164 -201 -305 -8 75 107 -34 22 -133 32 194 134 138 8 -78 189 -50 -8 -56 -39 6 168 40 12 -421 -167 27 -164 -111 -536 12 -127 34 317 299 -265 170 -114 196 -68 70 -163 13 412 -129 -45 -471 56 -49 -40 363 0 78 -150 175 100 193 329 -255 55 -75 -1 -435 108 -303 187 -61 -473 323 -294 -287 106 -410 -121 89 171 294 288 88 184 238 176 198 -105 200 -185 203 -411 89 195 277 -160 -368 204 -127 247 -223 228 -186 -286 -33 98 -56 63 -257 -430 -25 -249 313 -293 142 -140 202 2 46 271 101 58 208 -28 -10 -578 -284 -91 140 241 -146 -223 45 127 -30 320 -415 392 534 15 17 28 336 -198 252 110 -347 -102 -39 -2 34 -430 -10 35 169 -11 648 -44 -39 -148 -302 362 305 412 -112 -150 273 147 -135 81 -219 -293 239 -124 174 -201 114 212.8349999999999999999997908662900390143]
[489 30 193 784 -483 634 249 -212 111 -48 -431 564 -134 -254 -76 -251 262 -168 294 87 45 313 -367 -283 481 493 -525 -3 17 15 162 171 104 -76 -72 131 -201 -142 159 61 204 261 -206 230 -119 102 -361 -572 55 57 211 333 -38 -2 -47 266 -192 610 354 -184 97 -141 114 57 184 67 -22 -306 -214 -230 -62 -43 -347 94 -511 -416 170 -2 -156 578 412 199 -46 -452 3 -220 178 -139 56 187 140 -233 298 31 -272 315 126 -269 269 235 -56 -120 -218 454 50 83 41 -104 18 -125 595 -290 -44 -5 -73 218 391 -117 160 -362 291 -59 181 152 -41 214 93 199 -144 -77 126 49 -250 -239 41 343 -179 172 -85 -182 -145 -164 412 -57 31 528 -310 42 38 121 193 -443 -211 332 -80 272 102 223 -536 -86 103 190 -278 259 -30 -112 437 -219 -218 186 242 -296 -626 -325 191 -217 -4 -10 44 -170 272 -151 186 -47 138 316 115 115 229 196 -254 338 209 45 -146 131 89 -47 288 -393 -120 -428 -30 -215 -311 -156 -61 126 -30 -119 310 -85 -141.8899999999999999999994565121836285487]
[894 -958 656 856 404 -588 85 220 -124 -691 403 -560 -306 6 -275 -662 95 -353 -341 -158 65 71 238 12 243 115 11 132 103 -268 -285 298 -149 301 685 236 97 -132 -6 -148 535 -170 -70 -411 -284 65 -125 -286 54 156 437 -246 363 -348 -71 -108 -217 -480 -152 -58 48 6 292 -195 345 -398 -357 -231 -467 -37 -24 115 -37 -237 180 260 -30 152 103 25 3 86 -180 -1 53 85 197 -314 -227 2 -78 143 321 18 181 -47 209 119 17 -129 -44 44 -49 -201 -10 -387 138 -157 518 -344 67 102 104 -4 482 -499 -288 268 -567 261 -98 109 -70 -179 342 -175 53 -57 5 -196 19 19 91 35 -312 -328 -4 -303 -515 202 292 364 -550 -10 234 -92 28 121 -7 100 -187 103 -47 -207 98 111 227 205 -111 -122 -9 16 -58 -64 208 443 57 26 394 -259 -274 -131 400 367 -102 -61 -348 -45 -89 620 -77 -279 136 -143 214 -42 73 -313 -216 595 344 253 -290 9 110 -8 52 268 -74 105 -91 250 -232 21 341 506 -303 110 191 -111 5 516 212.8350000000000000000008992637236433774]
[2 104 -308 -607 -782 -199 110 -173 151 -235 88 -323 209 470 68 802 -228 -86 318 -93 -504 -116 341 -390 0 -51 246 23 -193 -59 -172 -254 123 456 31 412 -241 -74 266 177 -16 -190 -87 23 -163 443 3 -289 -60 89 -100 346 407 -185 242 102 -301 -185 -189 -35 -219 28 300 250 210 270 -477 -270 320 -57 205 -7 49 30 -140 200 573 314 -125 403 160 -41 -116 49 263 154 543 9 213 134 -445 111 24 -581 -301 -3 66 164 226 -19 19 -87 -71 -722 -174 122 -219 39 -38 421 -20 -264 -235 180 -722 -26 15 -410 -158 9 -4 -47 321 -115 -185 -176 -396 100 283 -284 -230 -35 248 -89 -169 -185 -231 -13 -27 -166 279 -158 -11 129 -142 85 -134 -57 -149 72 217 -360 319 58 38 41 -133 310 424 -61 -176 8 232 213 149 -297 201 47 -376 334 -60 200 78 -44 -114 -91 -508 95 70 -98 -182 -224 -158 168 -45 217 -330 -44 -270 -4 -3 -1 -10 4 64 386 -217 -170 39 33 -406 3 59 -31 34 286 8 39 -98 -332 -195 -193 141.8899999999999999999993605309345540054]
[106 -599 292 365 364 -977 295 56 312 -242 11 235 237 -306 178 186 64 -94 236 -109 63 -15 -96 -205 -299 192 209 -62 -174 97 -285 236 67 381 -172 51 49 70 312 372 -15 -4 -150 -27 182 702 -584 2 -66 41 -192 -180 -126 256 187 13 243 -280 -140 -168 207 272 -35 128 220 -51 46 -192 46 -222 -90 -163 -457 -86 33 -473 167 308 -129 118 27 -273 -316 70 316 -256 -19 216 -8 -161 27 6 -94 -171 -617 121 63 299 215 7 70 421 465 -165 -347 218 128 276 287 66 -442 -138 1 137 -203 -314 440 -162 -270 -112 219 58 174 -183 -98 -376 426 240 88 294 214 174 -179 -63 -111 -1 -115 329 493 35 -328 81 -27 1 -587 -167 151 36 6 -241 280 85 120 459 -510 204 -381 124 157 42 -170 -18 190 1 124 -28 22 -194 -181 189 -46 79 -3 -387 119 130 -243 217 -57 119 -428 -250 -1 -147 -169 107 0 -84 -21 -44 280 -29 52 71 -245 93 -336 295 356 109 -234 129 -378 561 45 -67 113 40 -193 -117 153 233 283.7800000000000000000001413976616961558]
[-572 -794 819 -194 -222 312 128 516 -519 790 773 115 243 59 420 12 87 -3 -78 114 -185 -393 30 -286 -7 -137 -95 -208 -457 -177 274 -54 -228 -35 -628 32 -174 -64 189 19 100 -93 -150 -490 -101 -174 -111 56 -86 102 72 470 32 115 -195 196 58 322 295 71 -355 134 -281 -30 173 -99 -141 246 58 -129 -185 248 -256 -44 356 90 -164 57 -280 170 109 -88 -215 -26 -319 -245 129 109 -134 185 -79 -83 -168 243 -396 -181 369 -237 266 -207 -204 90 158 -50 -158 -36 166 66 120 142 -135 154 -85 254 -174 -125 60 253 156 109 -96 47 181 -319 -129 -91 92 251 176 -142 -37 64 -169 12 -182 150 -461 -160 -202 -91 372 -144 81 -12 -52 208 -280 94 190 -87 -52 414 -191 0 304 -183 -60 151 -238 243 145 -338 -289 158 -20 -1 -15 216 -6 330 336 -122 231 63 -29 274 -63 -98 -108 -224 -41 -41 -294 93 95 -43 -66 315 -353 -54 29 335 280 -22 -17 234 44 297 34 93 212 -20 -176 84 69 439 202 -67 -117 118 69 227 283.779999999999999999999702365720323825]
[-345 742 -65 -787 -377 -886 283 389 -494 212 57 10 -26 308 35 389 -70 495 106 -182 -14 -204 -98 -423 -12 -337 123 -240 -178 -3 -313 49 409 -227 -385 -296 -273 10 492 315 40 -243 -285 -285 -284 68 354 -37 258 -59 -63 64 -252 -10 109 -433 368 -103 11 -353 -68 71 18 316 50 3 -73 243 57 -165 -216 301 -9 54 114 -700 -301 -132 124 154 -699 187 76 146 338 375 118 204 -176 104 -132 158 7 165 -313 -364 -186 226 -54 -146 270 177 267 116 -176 107 188 68 -21 289 162 386 -178 66 -144 -63 72 16 -42 79 -17 76 -290 21 -252 -202 -7 -191 31 187 -49 311 422 65 222 343 71 23 179 -166 177 291 35 -419 -271 34 107 128 43 146 46 54 106 -65 -426 -176 -168 209 14 -158 166 79 371 -5 -67 -314 93 218 290 188 -42 873 296 -129 -6 97 -217 -305 25 -296 -363 449 311 -132 -227 191 -8 -117 -73 -159 -519 101 -588 -13 -454 103 -98 -4 203 294 -10 276 11 137 -219 371 187 -105 212 -114 47 -454 70.94499999999999999999955167455115969736]
[-766 -934 -342 -414 121 -940 679 -451 90 -44 -6 210 -237 154 189 -94 498 25 299 -209 53 -129 -31 112 261 22 -131 -134 69 451 142 360 -238 -280 -56 -190 15 114 69 -128 -297 4 -239 -335 -179 129 92 310 79 2 -306 -81 -249 87 58 -1 -24 202 111 46 216 86 -128 -85 61 -103 -242 -76 -77 211 -176 265 -146 -463 208 -140 -249 -614 222 -7 150 165 301 -428 341 18 -58 101 -134 -292 72 209 319 -160 -80 -84 233 221 18 -382 -304 81 -254 -61 -377 -266 278 13 335 -234 -64 -84 23 123 104 20 271 -334 -184 -192 156 37 32 -458 64 -232 -113 435 -264 45 7 114 151 123 -51 199 -311 -139 -61 -322 -421 107 206 6 -216 168 -82 119 -45 41 233 420 -60 122 -268 32 161 -191 308 -386 390 -213 -108 192 -140 218 -127 22 175 195 260 38 -256 152 128 167 46 -235 -37 180 -217 70 -283 -99 160 -3 129 36 -229 -25 128 131 265 -3 -324 349 -324 56 11 164 64 181 72 139 381 258 92 -440 67 208 117 -82 -141.8899999999999999999996007952723338042]
[-300 -944 -687 80 843 213 -698 831 -114 -800 136 122 496 87 108 370 -88 -170 104 -92 -23 68 70 248 304 152 -162 -185 -21 80 -176 17 -294 -190 116 170 -173 251 -81 68 -88 17 147 208 -188 -186 -251 581 266 9 -171 83 -8 3 190 -15 26 -222 -191 -88 72 -454 -192 365 163 -253 -6 -88 352 177 -18 -31 302 -45 -317 -117 127 -197 -6 175 -67 269 102 -10 168 49 -333 -2 83 -199 -71 -185 307 -77 368 82 -187 73 49 -76 158 -31 -228 -143 -168 -462 -151 -257 -67 49 396 -199 -175 31 -392 -105 237 281 60 -424 133 -241 307 -105 266 56 -468 195 -37 -161 -342 199 50 -382 -146 -58 147 -47 2 -107 -70 -258 420 -145 -174 94 336 246 -17 578 98 -223 1 233 -150 27 -13 46 317 54 101 -323 -53 -441 -9 127 -36 -287 30 105 193 -250 -324 -94 -22 -172 79 84 67 289 -36 -100 -478 87 -185 301 -160 344 -162 -150 129 35 42 -106 -101 -334 116 -99 144 166 110 58 -166 18 -83 90 -119 148 157 -61 -29 -200 -70.94499999999999999999978931655120747322]
[-360 -292 -118 -57 548 -863 -769 -274 632 -703 403 -188 -99 64 -44 85 170 -15 102 259 77 -645 255 149 -111 164 194 180 109 222 -231 33 -250 -52 150 -319 -60 -45 1 -311 145 -59 82 -346 214 -295 17 150 -235 -27 -157 -137 126 273 -312 349 -243 -184 -8 35 247 -33 -27 61 230 174 -266 -197 371 -11 707 -357 79 -69 -194 683 33 43 292 21 290 -310 -470 -63 201 199 272 -26 367 -297 -251 69 76 240 419 -237 212 69 -307 -233 -349 -2 -52 -2 -204 -257 -115 39 279 -327 -472 51 -151 -318 -289 166 194 -7 -357 322 246 -158 485 311 206 -151 -717 329 -105 -270 -581 -98 -18 144 18 -381 63 -250 161 -317 -72 -165 34 -237 226 -222 324 -173 193 -446 19 169 -135 -225 377 273 105 -336 508 166 80 -698 555 -203 -178 24 272 223 213 -152 -185 58 -284 -32 23 -389 -102 -92 -176 -184 -118 -97 -241 155 131 99 38 30 -33 -88 26 -13 44 548 -72 172 142 -239 -74 -30 86 -137 217 -179 233 121 6 160 -167 141 -424 -45 -567.5600000000000000000006447449772775323]
[301 -390 927 129 490 -827 -834 -353 -698 286 -62 -93 180 -59 -286 -221 144 111 -78 -269 90 347 134 152 288 -223 24 550 189 108 491 218 183 -20 -215 -239 303 -34 169 56 -8 -33 241 -37 -240 212 105 -321 92 213 150 -735 -227 184 -244 75 55 -41 166 10 -242 -481 36 80 -94 8 -16 5 -249 160 -121 146 -170 22 -168 -200 120 381 256 -207 100 -43 554 -111 -54 44 -306 -271 -110 29 428 70 -347 100 89 124 -106 -122 -100 246 -19 -720 55 90 93 88 158 -111 -105 -65 -219 -17 12 23 316 -399 58 264 -27 167 -287 -7 -39 -34 80 184 69 -66 -355 -146 369 350 -112 -48 -466 344 29 74 -474 223 148 103 -379 -87 70 398 15 -392 158 -364 41 -218 -289 -82 -226 -160 117 141 129 -425 184 399 -41 -136 181 181 246 -298 274 -68 -37 5 445 -131 91 -265 -119 -92 -131 142 303 -33 -128 116 -159 -29 71 4 376 568 -82 -247 -236 -120 58 -203 -76 334 -61 78 -148 62 -201 -277 -96 -247 7 -249 -227 203 -69 220 0.2512760660884406269568200853020386101312e-21]
[-337 -984 45 352 633 -832 507 -731 605 -127 177 156 227 -14 116 -455 113 537 357 117 41 355 -269 -118 605 -168 -293 200 -103 -301 112 284 -605 -7 177 -114 -46 -276 -154 -341 -150 53 -142 -3 -133 -183 104 313 -27 -241 161 11 -1 -233 -4 197 13 172 231 39 -260 36 54 465 110 138 95 175 -7 -124 420 -72 33 206 72 215 167 -77 332 174 587 39 -232 181 366 -246 -130 -176 424 -375 -218 36 271 417 182 -206 -589 -121 -263 108 230 -312 -171 317 -83 59 236 -215 260 -155 88 -246 -188 -106 75 -330 113 -177 -95 100 29 -143 -71 493 112 60 -174 101 199 104 -138 231 -201 -46 43 -66 -139 -188 262 260 -287 -63 378 -150 -14 -340 -186 -307 -111 -111 66 110 92 -86 191 263 -25 -184 299 -135 805 -225 -33 -340 -324 166 14 153 -66 -634 1 -246 -240 -309 -386 -439 -42 -315 -109 -224 160 400 -167 256 -60 265 8 0 149 -4 -317 -413 164 508 294 145 288 -25 -135 -49 -31 -361 185 71 -130 122 410 -29 79 -55 157 -211 -354.7250000000000000000003986327764993132]
[-276 -133 -747 -359 349 -670 -718 -313 -926 687 -132 -190 -296 657 199 -415 -257 -244 -141 16 88 -199 8 -151 -199 174 344 11 102 -188 171 7 -238 185 323 -193 -145 56 321 228 196 46 95 -327 -69 -341 40 -301 -105 -420 339 184 -229 -296 52 317 4 77 107 78 42 98 146 429 223 330 -85 -265 -68 190 448 -206 73 -4 137 56 30 155 -76 -286 -37 -5 -14 30 14 159 -93 -285 136 41 64 -88 65 575 423 -195 -241 -220 256 -74 208 -188 -5 -279 -157 -31 247 69 77 -16 -286 -229 25 -400 -42 -361 -211 86 367 -90 -288 205 -282 151 122 150 -97 -126 -125 55 -55 -215 -28 -157 33 -48 25 37 46 -37 -387 -656 398 251 532 -424 247 -120 89 176 -281 -65 -207 56 528 -58 11 -537 -21 -103 283 98 89 139 -392 100 34 -241 155 378 155 -253 124 -43 -184 -520 268 -447 -334 178 -46 170 -68 498 255 -241 122 -153 16 148 360 -24 -4 -49 184 160 283 -31 -387 -257 267 -255 -17 -163 -122 -46 177 51 -46 407 422 -180 -141.8900000000000000000001239858738138907]
[383 542 -413 -847 2 -756 168 839 -771 -335 -262 152 -164 -162 -322 310 420 304 330 -5 -466 59 253 467 -246 -26 -117 269 -65 482 93 127 113 223 100 233 152 493 -129 -173 -521 283 157 412 199 -126 90 253 7 63 -301 -77 -159 -27 -34 -182 -296 -121 -306 145 -143 242 -86 -537 -471 40 -178 91 239 84 -551 197 161 -266 -222 -143 338 -206 52 -62 -257 -206 139 -329 183 -20 -258 -37 251 -182 -51 281 186 -429 223 249 -319 181 -424 66 -98 0 -344 -102 -320 373 5 -282 -164 133 -200 -174 98 -142 -59 -122 -40 -382 114 -30 -59 -189 121 -258 -541 105 -152 166 29 -287 -213 313 -244 39 -188 -79 -11 -109 -49 -260 -198 524 60 -439 -276 -72 336 -54 193 -43 38 -155 347 -201 -351 -236 209 423 440 -74 -15 -98 532 -287 -14 280 144 -123 -126 410 34 -22 341 232 -25 -97 -66 -314 287 -59 241 367 -244 77 -18 -155 41 318 322 -179 50 -585 -128 83 439 87 -224 0 543 -74 -106 246 89 -156 -147 186 -500 209 -435 88 -100 100 -212.8350000000000000000001520139311300022]
[-351 -746 456 -716 187 -749 718 643 -381 -824 639 -115 238 -332 -475 -441 561 535 455 -173 -201 -23 23 132 142 71 110 593 151 -134 43 -49 375 -14 -28 -75 484 108 110 8 -163 -238 -62 -261 323 150 -249 -32 -145 -179 134 -341 -129 17 -215 211 148 -66 24 -262 -279 172 -375 -79 -194 40 -101 242 -298 -404 -434 -27 73 297 -147 70 -213 250 367 233 -96 -237 67 -32 -92 -439 -233 -386 -101 -140 3 -18 -56 -42 156 11 -216 -354 -322 -118 191 118 -215 106 -100 276 -163 154 115 98 -276 -75 210 -210 -137 -409 -11 -170 -62 106 -73 436 -140 169 -310 -141 201 155 121 32 -356 304 310 314 -216 -213 220 -364 147 211 359 203 -136 -161 -246 -359 -264 15 -239 -313 120 90 30 114 98 -81 38 38 81 263 124 176 60 48 135 153 66 261 -163 34 7 -337 205 259 -22 -91 114 -334 -291 -79 -267 -14 101 137 -85 126 -150 -168 25 -101 70 191 -208 39 -84 68 -33 101 186 170 -20 -59 -159 76 -159 84 -269 98 -296 -77 375 -539 -141.8900000000000000000011873336825533909]
[-684 -376 -859 -619 827 -781 -608 661 -834 -549 161 406 -106 -9 406 74 665 -191 462 -286 -84 -91 333 -22 252 -96 -139 -105 -152 285 -91 236 -23 -282 -203 28 68 127 -435 -61 14 -93 262 397 362 108 -205 -23 92 103 -57 80 -35 323 -24 197 239 200 17 -155 36 85 -327 432 122 -210 -195 -140 448 66 102 257 4 -34 -465 -20 249 -459 -15 472 294 -257 -50 -124 211 1 125 -140 21 -375 -66 -19 -40 -573 203 414 119 107 -98 43 -44 112 33 -7 -91 -31 -151 20 74 186 426 -19 10 238 -184 377 5 -311 -143 -311 427 -268 351 -26 -188 113 303 93 -42 -289 -121 -405 156 260 134 -80 27 -81 -3 30 -21 179 -169 -110 -380 329 32 19 133 -256 72 46 38 433 -164 -204 2 -101 145 239 56 21 -241 111 -141 -95 31 6 -545 -215 -292 -153 -504 -277 87 76 -87 348 162 -61 201 -57 -118 -415 278 -77 -29 349 -343 -97 108 182 -93 -222 -286 143 -146 234 -53 -13 -351 -87 -239 143 64 113 -152 248 -138 17 47 -213 70.94500000000000000000080341818439295209]
]
